commodity,variety,source_district,destination_district,buying_price,selling_price,distance_km,transport_cost,gross_margin,expected_margin,route_rank
Apples,American,Malappuram,Thiruchirappalli,9850.00,30000.00,357.63,1966.97,20150.00,18183.04,1
Apples,American,Sanchore,Thiruchirappalli,2600.00,30000.00,2141.85,11780.18,27400.00,15619.83,2
Apples,American,Dindigul,Thiruchirappalli,14000.00,30000.00,116.58,641.19,16000.00,15358.81,3
Apples,American,Katni,Thiruchirappalli,5000.00,30000.00,1812.93,9971.12,25000.00,15028.89,4
Apples,American,"North Goa",Thiruchirappalli,10000.00,30000.00,916.56,5041.08,20000.00,14958.92,5
Apples,American,Chhatarpur,Thiruchirappalli,5000.00,30000.00,1963.49,10799.20,25000.00,14200.81,6
Apples,American,"East Champaran/ Motihari",Thiruchirappalli,3250.00,30000.00,2342.56,12884.08,26750.00,13865.92,7
Apples,American,Nalanda,Thiruchirappalli,4700.00,30000.00,2180.58,11993.19,25300.00,13306.81,8
Apples,American,Siwan,Thiruchirappalli,5000.00,30000.00,2267.51,12471.31,25000.00,12528.70,9
Apples,American,Sirsa,Thiruchirappalli,3000.00,30000.00,2646.24,14554.32,27000.00,12445.68,10
Apples,American,Ranipet,Thiruchirappalli,16000.00,30000.00,315.80,1736.90,14000.00,12263.10,11
Apples,American,Malappuram,"Nagercoil (Kannyiakumari)",9850.00,24500.00,437.31,2405.21,14650.00,12244.80,12
Apples,American,Delhi,Thiruchirappalli,4696.00,30000.00,2487.01,13678.56,25304.00,11625.45,13
Apples,American,Sonipat,Thiruchirappalli,4500.00,30000.00,2537.59,13956.75,25500.00,11543.26,14
Apples,American,Mirzapur,Thiruchirappalli,7175.00,30000.00,2055.00,11302.50,22825.00,11522.50,15
Apples,American,Malappuram,Coimbatore,9850.00,22000.00,121.63,668.97,12150.00,11481.04,16
Apples,American,Mohali,Thiruchirappalli,3290.00,30000.00,2774.99,15262.45,26710.00,11447.56,17
Apples,American,Kancheepuram,Thiruchirappalli,17000.00,30000.00,311.34,1712.37,13000.00,11287.63,18
Apples,American,Thiruvarur,Thiruchirappalli,18000.00,30000.00,129.83,714.07,12000.00,11285.94,19
Apples,American,UdhamSinghNagar,Thiruchirappalli,4900.00,30000.00,2535.94,13947.67,25100.00,11152.33,20
Apples,American,Farukhabad,Thiruchirappalli,6200.00,30000.00,2307.45,12690.98,23800.00,11109.03,21
Apples,American,"Bhadohi(Sant Ravi Nagar)",Thiruchirappalli,7460.00,30000.00,2089.90,11494.45,22540.00,11045.55,22
Apples,American,Thiruvannamalai,Thiruchirappalli,18000.00,30000.00,205.39,1129.65,12000.00,10870.36,23
Apples,American,Amritsar,Thiruchirappalli,3000.00,30000.00,2934.99,16142.45,27000.00,10857.56,24
Apples,American,Bhatinda,Thiruchirappalli,4250.00,30000.00,2739.73,15068.52,25750.00,10681.49,25
Apples,American,Malappuram,Erode,9850.00,21750.00,227.48,1251.14,11900.00,10648.86,26
Apples,American,Barabanki,Thiruchirappalli,7185.00,30000.00,2269.68,12483.24,22815.00,10331.76,27
Apples,American,Saharanpur,Thiruchirappalli,5000.00,30000.00,2667.20,14669.60,25000.00,10330.40,28
Apples,American,Salem,Thiruchirappalli,19000.00,30000.00,140.39,772.15,11000.00,10227.86,29
Apples,American,Meerut,Thiruchirappalli,5900.00,30000.00,2531.56,13923.58,24100.00,10176.42,30
Apples,American,Ballia,Thiruchirappalli,7760.00,30000.00,2198.45,12091.48,22240.00,10148.53,31
Apples,American,Buxar,Thiruchirappalli,8000.00,30000.00,2165.95,11912.73,22000.00,10087.28,32
Apples,American,Bhagalpur,Thiruchirappalli,7500.00,30000.00,2282.95,12556.23,22500.00,9943.78,33
Apples,American,Kanpur,Thiruchirappalli,8040.00,30000.00,2185.74,12021.57,21960.00,9938.43,34
Apples,American,Virudhunagar,Thiruchirappalli,19000.00,30000.00,197.49,1086.20,11000.00,9913.81,35
Apples,American,"West Chambaran",Thiruchirappalli,7000.00,30000.00,2394.98,13172.39,23000.00,9827.61,36
Apples,American,Thanjavur,Thiruchirappalli,20000.00,30000.00,60.34,331.87,10000.00,9668.13,37
Apples,American,Malappuram,"The Nilgiris",9850.00,20000.00,96.10,528.55,10150.00,9621.45,38
Apples,American,Kishanganj,Thiruchirappalli,7000.00,30000.00,2447.81,13462.96,23000.00,9537.05,39
Apples,American,Sangrur,Thiruchirappalli,5500.00,30000.00,2727.21,14999.66,24500.00,9500.35,40
Apples,American,Ferozpur,Thiruchirappalli,5300.00,30000.00,2788.65,15337.58,24700.00,9362.43,41
Apples,American,Araria,Thiruchirappalli,7400.00,30000.00,2420.78,13314.29,22600.00,9285.71,42
Apples,American,Chengalpattu,Thiruchirappalli,19000.00,30000.00,313.64,1725.02,11000.00,9274.98,43
Apples,American,Mohali,Sirmore,3290.00,13000.00,85.83,472.07,9710.00,9237.94,44
Apples,American,Madurai,Thiruchirappalli,20000.00,30000.00,146.21,804.16,10000.00,9195.85,45
Apples,American,Muktsar,Thiruchirappalli,5500.00,30000.00,2785.19,15318.55,24500.00,9181.46,46
Apples,American,Hardoi,Thiruchirappalli,8110.00,30000.00,2312.19,12717.05,21890.00,9172.96,47
Apples,American,Anantnag,Thiruchirappalli,3235.29,30000.00,3217.46,17696.03,26764.71,9068.68,48
Apples,American,Malappuram,Perambalur,9850.00,21000.00,382.76,2105.18,11150.00,9044.82,49
Apples,American,Gurgaon,Thiruchirappalli,7500.00,30000.00,2462.74,13545.07,22500.00,8954.93,50
Apples,Apple,Sepahijala,"Lower Subansiri",2600.00,30000.00,628.44,3456.42,27400.00,23943.58,1
Apples,Apple,Sitamarhi,"Lower Subansiri",5000.00,30000.00,1032.38,5678.09,25000.00,19321.91,2
Apples,Apple,Gopalgang,"Lower Subansiri",4500.00,30000.00,1166.14,6413.77,25500.00,19086.23,3
Apples,Apple,Bhojpur,"Lower Subansiri",5000.00,30000.00,1185.01,6517.56,25000.00,18482.45,4
Apples,Apple,Bhagalpur,"Lower Subansiri",6600.00,30000.00,906.90,4987.95,23400.00,18412.05,5
Apples,Apple,Barpeta,"Lower Subansiri",9500.00,30000.00,385.80,2121.90,20500.00,18378.10,6
Apples,Apple,Satna,"Lower Subansiri",2800.00,30000.00,1671.73,9194.52,27200.00,18005.49,7
Apples,Apple,Chhatarpur,"Lower Subansiri",2215.00,30000.00,1804.74,9926.07,27785.00,17858.93,8
Apples,Apple,Sepahijala,"South District",2600.00,20500.00,72.15,396.83,17900.00,17503.18,9
Apples,Apple,Morena,"Lower Subansiri",2000.00,30000.00,1959.39,10776.65,28000.00,17223.36,10
Apples,Apple,Maharajganj,"Lower Subansiri",6425.00,30000.00,1166.94,6418.17,23575.00,17156.83,11
Apples,Apple,Rewa,"Lower Subansiri",4000.00,30000.00,1613.51,8874.31,26000.00,17125.70,12
Apples,Apple,Deoria,"Lower Subansiri",6060.00,30000.00,1246.50,6855.75,23940.00,17084.25,13
Apples,Apple,"Garhwal (Pauri)","Lower Subansiri",2800.00,30000.00,1862.19,10242.05,27200.00,16957.96,14
Apples,Apple,Gorakhpur,"Lower Subansiri",6000.00,30000.00,1290.74,7099.07,24000.00,16900.93,15
Apples,Apple,Mewat,"Lower Subansiri",2000.00,30000.00,2056.71,11311.91,28000.00,16688.10,16
Apples,Apple,"Sant Kabir Nagar","Lower Subansiri",6250.00,30000.00,1334.36,7338.98,23750.00,16411.02,17
Apples,Apple,Bahraich,"Lower Subansiri",5500.00,30000.00,1500.10,8250.55,24500.00,16249.45,18
Apples,Apple,Ghazipur,"Lower Subansiri",7000.00,30000.00,1295.88,7127.34,23000.00,15872.66,19
Apples,Apple,Varanasi,"Lower Subansiri",6750.00,30000.00,1376.39,7570.15,23250.00,15679.86,20
Apples,Apple,Panipat,"Lower Subansiri",3000.00,30000.00,2067.69,11372.30,27000.00,15627.71,21
Apples,Apple,Mau(Maunathbhanjan),"Lower Subansiri",7300.00,30000.00,1287.91,7083.51,22700.00,15616.50,22
Apples,Apple,Jaunpur,"Lower Subansiri",6730.00,30000.00,1401.10,7706.05,23270.00,15563.95,23
Apples,Apple,Sonbhadra,"Lower Subansiri",6862.50,30000.00,1408.01,7744.06,23137.50,15393.45,24
Apples,Apple,Mahendragarh-Narnaul,"Lower Subansiri",6000.00,30000.00,1575.03,8662.67,24000.00,15337.34,25
Apples,Apple,Ballia,"Lower Subansiri",7950.00,30000.00,1221.73,6719.52,22050.00,15330.49,26
Apples,Apple,Mirzapur,"Lower Subansiri",6775.00,30000.00,1435.96,7897.78,23225.00,15327.22,27
Apples,Apple,Gwalior,"Lower Subansiri",4000.00,30000.00,1941.51,10678.31,26000.00,15321.70,28
Apples,Apple,Amethi,"Lower Subansiri",6820.00,30000.00,1496.35,8229.93,23180.00,14950.08,29
Apples,Apple,Banda,"Lower Subansiri",5720.00,30000.00,1696.64,9331.52,24280.00,14948.48,30
Apples,Apple,Barabanki,"Lower Subansiri",6750.00,30000.00,1532.79,8430.35,23250.00,14819.66,31
Apples,Apple,Nanital,"Lower Subansiri",5500.00,30000.00,1768.04,9724.22,24500.00,14775.78,32
Apples,Apple,Bulandshahar,"Lower Subansiri",4500.00,30000.00,1957.41,10765.76,25500.00,14734.25,33
Apples,Apple,Kolkata,"Lower Subansiri",10000.00,30000.00,971.84,5345.12,20000.00,14654.88,34
Apples,Apple,Buxar,"Lower Subansiri",8500.00,30000.00,1250.15,6875.83,21500.00,14624.18,35
Apples,Apple,Muzaffarnagar,"Lower Subansiri",4500.00,30000.00,1978.91,10884.01,25500.00,14616.00,36
Apples,Apple,"Jalaun (Orai)","Lower Subansiri",5500.00,30000.00,1801.73,9909.52,24500.00,14590.49,37
Apples,Apple,Anantnag,"Lower Subansiri",2360.00,30000.00,2382.71,13104.91,27640.00,14535.10,38
Apples,Apple,Saharanpur,"Lower Subansiri",4500.00,30000.00,2003.88,11021.34,25500.00,14478.66,39
Apples,Apple,Dhemaji,"Lower Subansiri",15000.00,30000.00,96.79,532.35,15000.00,14467.66,40
Apples,Apple,Udhamsinghnagar,"Lower Subansiri",5850.00,30000.00,1760.99,9685.45,24150.00,14464.56,41
Apples,Apple,Kanpur,"Lower Subansiri",6500.00,30000.00,1672.96,9201.28,23500.00,14298.72,42
Apples,Apple,Seoni,"Lower Subansiri",5000.00,30000.00,1947.70,10712.35,25000.00,14287.65,43
Apples,Apple,Raebarelli,"Lower Subansiri",7000.00,30000.00,1590.90,8749.95,23000.00,14250.05,44
Apples,Apple,Shahjahanpur,"Lower Subansiri",6445.00,30000.00,1705.11,9378.11,23555.00,14176.90,45
Apples,Apple,Haridwar,"Lower Subansiri",5525.00,30000.00,1930.51,10617.81,24475.00,13857.20,46
Apples,Apple,Bareilly,"Lower Subansiri",6450.00,30000.00,1765.43,9709.87,23550.00,13840.14,47
Apples,Apple,Kamrup,"Lower Subansiri",14250.00,30000.00,357.41,1965.76,15750.00,13784.25,48
Apples,Apple,Dehradoon,"Lower Subansiri",5500.00,30000.00,1952.08,10736.44,24500.00,13763.56,49
Apples,Apple,"North Tripura","Lower Subansiri",13500.00,30000.00,519.46,2857.03,16500.00,13642.97,50
Apples,Condition,Anantnag,Udhampur,2350.00,5750.00,112.61,619.36,3400.00,2780.65,1
Apples,Condition,Pulwama,Udhampur,2812.50,5750.00,134.71,740.91,2937.50,2196.60,2
Apples,Condition,Jammu,Udhampur,3500.00,5750.00,42.29,232.60,2250.00,2017.41,3
Apples,Condition,Anantnag,Ludhiana,2350.00,6500.00,400.49,2202.70,4150.00,1947.31,4
Apples,Condition,Srinagar,Udhampur,3000.00,5750.00,165.71,911.41,2750.00,1838.60,5
Apples,Condition,Jammu,Ludhiana,3500.00,6500.00,273.91,1506.51,3000.00,1493.50,6
Apples,Condition,Baramulla,Udhampur,3250.00,5750.00,197.25,1084.88,2500.00,1415.13,7
Apples,Condition,Pulwama,Ludhiana,2812.50,6500.00,426.25,2344.38,3687.50,1343.13,8
Apples,Condition,Srinagar,Ludhiana,3000.00,6500.00,457.48,2516.14,3500.00,983.86,9
Apples,Condition,Baramulla,Ludhiana,3250.00,6500.00,487.74,2682.57,3250.00,567.43,10
Apples,Condition,Anantnag,Jammu,2350.00,3500.00,146.56,806.08,1150.00,343.92,11
Apples,Condition,Anantnag,Srinagar,2350.00,3000.00,63.23,347.77,650.00,302.24,12
Apples,Condition,Anantnag,Baramulla,2350.00,3250.00,110.34,606.87,900.00,293.13,13
Apples,Condition,Anantnag,Pulwama,2350.00,2812.50,34.83,191.57,462.50,270.94,14
Apples,Condition,Pulwama,Baramulla,2812.50,3250.00,75.54,415.47,437.50,22.03,15
Apples,Condition,Pulwama,Srinagar,2812.50,3000.00,31.39,172.65,187.50,14.86,16
Apples,Delicious,Amroha,Patiala,3520.00,20000.00,323.04,1776.72,16480.00,14703.28,1
Apples,Delicious,Shamli,Patiala,4850.00,20000.00,167.95,923.73,15150.00,14226.28,2
Apples,Delicious,Anantnag,Patiala,3300.00,20000.00,493.31,2713.21,16700.00,13986.80,3
Apples,Delicious,Udhamsinghnagar,Patiala,4200.00,20000.00,414.54,2279.97,15800.00,13520.03,4
Apples,Delicious,Dehradoon,Patiala,5500.00,20000.00,196.76,1082.18,14500.00,13417.82,5
Apples,Delicious,Faridkot,Patiala,5500.00,20000.00,199.05,1094.78,14500.00,13405.23,6
Apples,Delicious,Kulgam,Patiala,3920.00,20000.00,487.58,2681.69,16080.00,13398.31,7
Apples,Delicious,Pulwama,Patiala,3750.00,20000.00,521.05,2865.78,16250.00,13384.23,8
Apples,Delicious,Badgam,Patiala,3906.25,20000.00,549.65,3023.08,16093.75,13070.68,9
Apples,Delicious,Budgam,Patiala,3928.13,20000.00,550.08,3025.44,16071.88,13046.44,10
Apples,Delicious,Srinagar,Patiala,4375.00,20000.00,552.43,3038.37,15625.00,12586.64,11
Apples,Delicious,Kullu,Patiala,6200.00,20000.00,247.90,1363.45,13800.00,12436.55,12
Apples,Delicious,Baramulla,Patiala,4375.00,20000.00,585.39,3219.65,15625.00,12405.36,13
Apples,Delicious,Shopian,Patiala,5000.00,20000.00,504.46,2774.53,15000.00,12225.47,14
Apples,Delicious,Bijnor,Patiala,6520.00,20000.00,250.35,1376.93,13480.00,12103.08,15
Apples,Delicious,Meerut,Patiala,6950.00,20000.00,244.38,1344.09,13050.00,11705.91,16
Apples,Delicious,Delhi,Patiala,7000.00,20000.00,255.46,1405.03,13000.00,11594.97,17
Apples,Delicious,Kangra,Patiala,7250.00,20000.00,245.05,1347.78,12750.00,11402.23,18
Apples,Delicious,"Ropar (Rupnagar)",Patiala,8200.00,20000.00,89.15,490.33,11800.00,11309.68,19
Apples,Delicious,Ghaziabad,Patiala,7240.00,20000.00,264.60,1455.30,12760.00,11304.70,20
Apples,Delicious,Bulandshahar,Patiala,7000.00,20000.00,321.29,1767.10,13000.00,11232.91,21
Apples,Delicious,Shimla,Patiala,8000.00,20000.00,140.09,770.50,12000.00,11229.51,22
Apples,Delicious,Ujjain,Patiala,3383.00,20000.00,997.98,5488.89,16617.00,11128.11,23
Apples,Delicious,Hapur,Patiala,7500.00,20000.00,279.88,1539.34,12500.00,10960.66,24
Apples,Delicious,"Gautam Budh Nagar",Patiala,7500.00,20000.00,306.84,1687.62,12500.00,10812.38,25
Apples,Delicious,Muktsar,Patiala,8000.00,20000.00,224.90,1236.95,12000.00,10763.05,26
Apples,Delicious,Nanital,Patiala,7100.00,20000.00,391.75,2154.63,12900.00,10745.38,27
Apples,Delicious,Rampur,Patiala,7300.00,20000.00,385.85,2122.18,12700.00,10577.83,28
Apples,Delicious,Aligarh,Patiala,7250.00,20000.00,396.95,2183.23,12750.00,10566.78,29
Apples,Delicious,Jammu,Patiala,7500.00,20000.00,373.64,2055.02,12500.00,10444.98,30
Apples,Delicious,Rajouri,Patiala,7000.00,20000.00,467.20,2569.60,13000.00,10430.40,31
Apples,Delicious,Sambhal,Patiala,7640.00,20000.00,359.78,1978.79,12360.00,10381.21,32
Apples,Delicious,"Sant Kabir Nagar",Patiala,4500.00,20000.00,947.61,5211.86,15500.00,10288.15,33
Apples,Delicious,Bareilly,Patiala,7220.00,20000.00,459.61,2527.86,12780.00,10252.15,34
Apples,Delicious,Mathura,Patiala,7500.00,20000.00,425.64,2341.02,12500.00,10158.98,35
Apples,Delicious,Badaun,Patiala,7420.00,20000.00,451.41,2482.76,12580.00,10097.25,36
Apples,Delicious,Kathua,Patiala,8250.00,20000.00,303.06,1666.83,11750.00,10083.17,37
Apples,Delicious,Firozabad,Patiala,7200.00,20000.00,505.94,2782.67,12800.00,10017.33,38
Apples,Delicious,Pillibhit,Patiala,7490.00,20000.00,476.11,2618.61,12510.00,9891.40,39
Apples,Delicious,Shravasti,Patiala,5930.00,20000.00,762.10,4191.55,14070.00,9878.45,40
Apples,Delicious,Udhampur,Patiala,8000.00,20000.00,388.36,2135.98,12000.00,9864.02,41
Apples,Delicious,Agra,Patiala,7565.00,20000.00,479.75,2638.63,12435.00,9796.38,42
Apples,Delicious,Mainpuri,Patiala,7350.00,20000.00,538.74,2963.07,12650.00,9686.93,43
Apples,Delicious,Hathras,Patiala,7950.00,20000.00,431.01,2370.56,12050.00,9679.45,44
Apples,Delicious,Shahjahanpur,Patiala,7400.00,20000.00,550.05,3025.28,12600.00,9574.73,45
Apples,Delicious,Hoshiarpur,Patiala,9500.00,20000.00,176.34,969.87,10500.00,9530.13,46
Apples,Delicious,Farukhabad,Patiala,7450.00,20000.00,564.65,3105.58,12550.00,9444.43,47
Apples,Delicious,Etawah,Patiala,7400.00,20000.00,589.80,3243.90,12600.00,9356.10,48
Apples,Delicious,Kannuj,Patiala,7360.00,20000.00,629.94,3464.67,12640.00,9175.33,49
Apples,Delicious,Jhansi,Patiala,6870.00,20000.00,730.48,4017.64,13130.00,9112.36,50
Apples,Golden,Kulgam,Kangra,2200.00,12000.00,260.20,1431.10,9800.00,8368.90,1
Apples,Golden,Anantnag,Kangra,2333.33,12000.00,261.54,1438.47,9666.67,8228.20,2
Apples,Golden,Baramulla,Kangra,2400.00,12000.00,365.06,2007.83,9600.00,7592.17,3
Apples,Golden,Shimla,Kangra,3500.00,12000.00,174.41,959.26,8500.00,7540.75,4
Apples,Golden,Kullu,Kangra,4100.00,12000.00,136.06,748.33,7900.00,7151.67,5
Apples,Golden,Jammu,Kangra,4000.00,12000.00,183.20,1007.60,8000.00,6992.40,6
Apples,Golden,Badgam,Kangra,3281.25,12000.00,323.20,1777.60,8718.75,6941.15,7
Apples,Golden,Shimla,Ambala,3500.00,11000.00,111.49,613.20,7500.00,6886.81,8
Apples,Golden,Srinagar,Kangra,3450.00,12000.00,324.09,1782.50,8550.00,6767.51,9
Apples,Golden,Kulgam,Ambala,2200.00,11000.00,503.10,2767.05,8800.00,6032.95,10
Apples,Golden,Faridkot,Kangra,4500.00,12000.00,267.84,1473.12,7500.00,6026.88,11
Apples,Golden,Anantnag,Ambala,2333.33,11000.00,507.13,2789.22,8666.67,5877.46,12
Apples,Golden,Pulwama,Kangra,4687.50,12000.00,293.31,1613.21,7312.50,5699.30,13
Apples,Golden,Kullu,Ambala,4100.00,11000.00,225.64,1241.02,6900.00,5658.98,14
Apples,Golden,Panchkula,Kangra,5250.00,12000.00,206.80,1137.40,6750.00,5612.60,15
Apples,Golden,Panchkula,Ambala,5250.00,11000.00,47.80,262.90,5750.00,5487.10,16
Apples,Golden,Ferozpur,Kangra,4700.00,12000.00,355.90,1957.45,7300.00,5342.55,17
Apples,Golden,Baramulla,Ambala,2400.00,11000.00,604.05,3322.28,8600.00,5277.73,18
Apples,Golden,Faridkot,Ambala,4500.00,11000.00,246.64,1356.52,6500.00,5143.48,19
Apples,Golden,Jammu,Ambala,4000.00,11000.00,396.88,2182.84,7000.00,4817.16,20
Apples,Golden,Badgam,Ambala,3281.25,11000.00,565.94,3112.67,7718.75,4606.08,21
Apples,Golden,Ferozpur,Ambala,4700.00,11000.00,332.19,1827.05,6300.00,4472.96,22
Apples,Golden,Srinagar,Ambala,3450.00,11000.00,567.99,3123.95,7550.00,4426.06,23
Apples,Golden,Delhi,Ambala,5750.00,11000.00,243.05,1336.78,5250.00,3913.23,24
Apples,Golden,Delhi,Kangra,5750.00,12000.00,492.86,2710.73,6250.00,3539.27,25
Apples,Golden,Pulwama,Ambala,4687.50,11000.00,536.66,2951.63,6312.50,3360.87,26
Apples,Golden,Shimla,Dehradoon,3500.00,7500.00,150.21,826.16,4000.00,3173.85,27
Apples,Golden,Shimla,Sonipat,3500.00,8000.00,292.38,1608.09,4500.00,2891.91,28
Apples,Golden,Dehradoon,Kangra,7500.00,12000.00,324.00,1782.00,4500.00,2718.00,29
Apples,Golden,Dehradoon,Ambala,7500.00,11000.00,147.65,812.08,3500.00,2687.93,30
Apples,Golden,Kulgam,Pulwama,2200.00,4687.50,33.58,184.69,2487.50,2302.81,31
Apples,Golden,Anantnag,Pulwama,2333.33,4687.50,34.83,191.57,2354.17,2162.61,32
Apples,Golden,Kullu,Dehradoon,4100.00,7500.00,232.05,1276.28,3400.00,2123.73,33
Apples,Golden,Kulgam,Dehradoon,2200.00,7500.00,583.15,3207.33,5300.00,2092.68,34
Apples,Golden,Kulgam,Sonipat,2200.00,8000.00,688.51,3786.81,5800.00,2013.20,35
Apples,Golden,Anantnag,Dehradoon,2333.33,7500.00,582.88,3205.84,5166.67,1960.83,36
Apples,Golden,Delhi,Sonipat,5750.00,8000.00,54.40,299.20,2250.00,1950.80,37
Apples,Golden,Sonipat,Ambala,8000.00,11000.00,190.89,1049.90,3000.00,1950.11,38
Apples,Golden,Baramulla,Pulwama,2400.00,4687.50,75.54,415.47,2287.50,1872.03,39
Apples,Golden,Anantnag,Sonipat,2333.33,8000.00,693.85,3816.18,5666.67,1850.50,40
Apples,Golden,Kullu,Sonipat,4100.00,8000.00,405.65,2231.08,3900.00,1668.93,41
Apples,Golden,Sonipat,Kangra,8000.00,12000.00,440.13,2420.72,4000.00,1579.29,42
Apples,Golden,Faridkot,Sonipat,4500.00,8000.00,356.13,1958.72,3500.00,1541.29,43
Apples,Golden,Panchkula,Sonipat,5250.00,8000.00,237.08,1303.94,2750.00,1446.06,44
Apples,Golden,Panchkula,Dehradoon,5250.00,7500.00,149.73,823.52,2250.00,1426.49,45
Apples,Golden,Shimla,Panchkula,3500.00,5250.00,66.11,363.61,1750.00,1386.40,46
Apples,Golden,Baramulla,Dehradoon,2400.00,7500.00,688.66,3787.63,5100.00,1312.37,47
Apples,Golden,Baramulla,Sonipat,2400.00,8000.00,786.55,4326.03,5600.00,1273.98,48
Apples,Golden,Badgam,Pulwama,3281.25,4687.50,29.98,164.89,1406.25,1241.36,49
Apples,Golden,Kulgam,Jammu,2200.00,4000.00,133.05,731.78,1800.00,1068.23,50
Apples,Hajratbali,Pulwama,Udhampur,2700.00,3550.00,134.71,740.91,850.00,109.10,1
Apples,Hajratbali,Anantnag,Udhampur,2900.00,3550.00,112.61,619.36,650.00,30.65,2
Apples,Hajratbali,Pulwama,Anantnag,2700.00,2900.00,34.83,191.57,200.00,8.44,3
Apples,Hazratbali/Benoni,Srinagar,Ganderbal,2812.50,3125.00,19.76,108.68,312.50,203.82,1
Apples,"Kasmir/Shimla - II",Meerut,Sangrur,2550.00,18000.00,285.01,1567.56,15450.00,13882.45,1
Apples,"Kasmir/Shimla - II",Moga,Sangrur,4000.00,18000.00,111.05,610.78,14000.00,13389.23,2
Apples,"Kasmir/Shimla - II","Garhwal (Pauri)",Sangrur,3300.00,18000.00,353.06,1941.83,14700.00,12758.17,3
Apples,"Kasmir/Shimla - II",Amroha,Sangrur,3500.00,18000.00,371.64,2044.02,14500.00,12455.98,4
Apples,"Kasmir/Shimla - II",Mewat,Sangrur,3800.00,18000.00,347.30,1910.15,14200.00,12289.85,5
Apples,"Kasmir/Shimla - II",Hoshiarpur,Sangrur,5500.00,18000.00,179.55,987.53,12500.00,11512.48,6
Apples,"Kasmir/Shimla - II",Patiala,Sangrur,6250.00,18000.00,68.36,375.98,11750.00,11374.02,7
Apples,"Kasmir/Shimla - II",Gurdaspur,Sangrur,5500.00,18000.00,254.00,1397.00,12500.00,11103.00,8
Apples,"Kasmir/Shimla - II",Baghpat,Sangrur,5900.00,18000.00,246.71,1356.91,12100.00,10743.10,9
Apples,"Kasmir/Shimla - II",UdhamSinghNagar,Sangrur,4900.00,18000.00,471.88,2595.34,13100.00,10504.66,10
Apples,"Kasmir/Shimla - II",Saharanpur,Sangrur,6500.00,18000.00,210.44,1157.42,11500.00,10342.58,11
Apples,"Kasmir/Shimla - II",Shamli,Sangrur,6600.00,18000.00,212.00,1166.00,11400.00,10234.00,12
Apples,"Kasmir/Shimla - II",Baramulla,Sangrur,5000.00,18000.00,573.89,3156.40,13000.00,9843.61,13
Apples,"Kasmir/Shimla - II",Muzaffarnagar,Sangrur,6930.00,18000.00,251.21,1381.66,11070.00,9688.35,14
Apples,"Kasmir/Shimla - II",Moga,Bhatinda,4000.00,14000.00,89.53,492.42,10000.00,9507.59,15
Apples,"Kasmir/Shimla - II",Meerut,Bhatinda,2550.00,14000.00,373.53,2054.42,11450.00,9395.59,16
Apples,"Kasmir/Shimla - II",Ghaziabad,Sangrur,7000.00,18000.00,293.58,1614.69,11000.00,9385.31,17
Apples,"Kasmir/Shimla - II",Dehradoon,Sangrur,7200.00,18000.00,264.23,1453.27,10800.00,9346.74,18
Apples,"Kasmir/Shimla - II","Gautam Budh Nagar",Sangrur,7050.00,18000.00,332.36,1827.98,10950.00,9122.02,19
Apples,"Kasmir/Shimla - II","Ropar (Rupnagar)",Sangrur,8500.00,18000.00,130.49,717.70,9500.00,8782.31,20
Apples,"Kasmir/Shimla - II",Sonipat,Sangrur,8000.00,18000.00,225.51,1240.31,10000.00,8759.70,21
Apples,"Kasmir/Shimla - II",Hapur,Sangrur,7500.00,18000.00,316.69,1741.80,10500.00,8758.21,22
Apples,"Kasmir/Shimla - II",Malappuram,Mysuru,6550.00,16000.00,192.83,1060.57,9450.00,8389.44,23
Apples,"Kasmir/Shimla - II",Aligarh,Sangrur,7300.00,18000.00,426.18,2343.99,10700.00,8356.01,24
Apples,"Kasmir/Shimla - II",Mathura,Sangrur,7217.50,18000.00,444.19,2443.05,10782.50,8339.46,25
Apples,"Kasmir/Shimla - II","Garhwal (Pauri)",Bhatinda,3300.00,14000.00,460.00,2530.00,10700.00,8170.00,26
Apples,"Kasmir/Shimla - II",Agra,Sangrur,7100.00,18000.00,500.83,2754.57,10900.00,8145.44,27
Apples,"Kasmir/Shimla - II",Etawah,Sangrur,6450.00,18000.00,619.94,3409.67,11550.00,8140.33,28
Apples,"Kasmir/Shimla - II",Mewat,Bhatinda,3800.00,14000.00,401.08,2205.94,10200.00,7994.06,29
Apples,"Kasmir/Shimla - II",Una,Sangrur,9000.00,18000.00,190.34,1046.87,9000.00,7953.13,30
Apples,"Kasmir/Shimla - II",Amroha,Bhatinda,3500.00,14000.00,465.13,2558.22,10500.00,7941.79,31
Apples,"Kasmir/Shimla - II",Sirmore,Sangrur,9000.00,18000.00,196.68,1081.74,9000.00,7918.26,32
Apples,"Kasmir/Shimla - II",Mysore,Mysuru,8075.00,16000.00,1.36,7.48,7925.00,7917.52,33
Apples,"Kasmir/Shimla - II",Meerut,Kangra,2550.00,13000.00,463.63,2549.97,10450.00,7900.04,34
Apples,"Kasmir/Shimla - II",Kasganj,Sangrur,7500.00,18000.00,482.11,2651.61,10500.00,7848.40,35
Apples,"Kasmir/Shimla - II",Moga,Kangra,4000.00,13000.00,219.89,1209.40,9000.00,7790.61,36
Apples,"Kasmir/Shimla - II",Etah,Sangrur,7550.00,18000.00,506.40,2785.20,10450.00,7664.80,37
Apples,"Kasmir/Shimla - II","Garhwal (Pauri)",Kangra,3300.00,13000.00,395.83,2177.07,9700.00,7522.94,38
Apples,"Kasmir/Shimla - II",Firozabad,Sangrur,7650.00,18000.00,532.00,2926.00,10350.00,7424.00,39
Apples,"Kasmir/Shimla - II",Ambala,Sangrur,10025.00,18000.00,117.40,645.70,7975.00,7329.30,40
Apples,"Kasmir/Shimla - II",Hoshiarpur,Bhatinda,5500.00,14000.00,218.09,1199.50,8500.00,7300.51,41
Apples,"Kasmir/Shimla - II",Hathras,Sangrur,8260.00,18000.00,456.71,2511.91,9740.00,7228.10,42
Apples,"Kasmir/Shimla - II",Malappuram,Hassan,6550.00,15151.00,272.44,1498.42,8601.00,7102.58,43
Apples,"Kasmir/Shimla - II",Gurdaspur,Bhatinda,5500.00,14000.00,260.18,1430.99,8500.00,7069.01,44
Apples,"Kasmir/Shimla - II",Hoshiarpur,Kangra,5500.00,13000.00,88.69,487.80,7500.00,7012.21,45
Apples,"Kasmir/Shimla - II",Gurdaspur,Kangra,5500.00,13000.00,102.81,565.46,7500.00,6934.55,46
Apples,"Kasmir/Shimla - II",Patiala,Bhatinda,6250.00,14000.00,174.99,962.45,7750.00,6787.56,47
Apples,"Kasmir/Shimla - II",Lakhimpur,Sangrur,7540.00,18000.00,680.78,3744.29,10460.00,6715.71,48
Apples,"Kasmir/Shimla - II",Jhansi,Sangrur,7200.00,18000.00,747.25,4109.88,10800.00,6690.13,49
Apples,"Kasmir/Shimla - II",Amroha,Kangra,3500.00,13000.00,519.33,2856.32,9500.00,6643.69,50
Apples,"Kullu Delicious",Kulgam,Kangra,3640.00,14000.00,260.20,1431.10,10360.00,8928.90,1
Apples,"Kullu Delicious",Anantnag,Kangra,3640.00,14000.00,261.54,1438.47,10360.00,8921.53,2
Apples,"Kullu Delicious",Badgam,Kangra,4125.00,14000.00,323.20,1777.60,9875.00,8097.40,3
Apples,"Kullu Delicious",Budgam,Kangra,4125.00,14000.00,323.85,1781.18,9875.00,8093.83,4
Apples,"Kullu Delicious",Shopian,Kangra,4843.75,14000.00,280.95,1545.23,9156.25,7611.03,5
Apples,"Kullu Delicious",Pulwama,Kangra,4843.75,14000.00,293.31,1613.21,9156.25,7543.05,6
Apples,"Kullu Delicious",Kulgam,Delhi,3640.00,10500.00,742.55,4084.03,6860.00,2775.98,7
Apples,"Kullu Delicious",Anantnag,Delhi,3640.00,10500.00,747.70,4112.35,6860.00,2747.65,8
Apples,"Kullu Delicious",Badgam,Delhi,4125.00,10500.00,804.86,4426.73,6375.00,1948.27,9
Apples,"Kullu Delicious",Budgam,Delhi,4125.00,10500.00,805.29,4429.10,6375.00,1945.91,10
Apples,"Kullu Delicious",Shopian,Delhi,4843.75,10500.00,759.78,4178.79,5656.25,1477.46,11
Apples,"Kullu Delicious",Pulwama,Delhi,4843.75,10500.00,776.08,4268.44,5656.25,1387.81,12
Apples,"Kullu Delicious",Kulgam,Shopian,3640.00,4843.75,24.04,132.22,1203.75,1071.53,13
Apples,"Kullu Delicious",Kulgam,Pulwama,3640.00,4843.75,33.58,184.69,1203.75,1019.06,14
Apples,"Kullu Delicious",Anantnag,Pulwama,3640.00,4843.75,34.83,191.57,1203.75,1012.19,15
Apples,"Kullu Delicious",Anantnag,Shopian,3640.00,4843.75,37.03,203.67,1203.75,1000.09,16
Apples,"Kullu Delicious",Delhi,Kangra,10500.00,14000.00,492.86,2710.73,3500.00,789.27,17
Apples,"Kullu Delicious",Badgam,Pulwama,4125.00,4843.75,29.98,164.89,718.75,553.86,18
Apples,"Kullu Delicious",Budgam,Pulwama,4125.00,4843.75,30.70,168.85,718.75,549.90,19
Apples,"Kullu Delicious",Badgam,Shopian,4125.00,4843.75,45.68,251.24,718.75,467.51,20
Apples,"Kullu Delicious",Budgam,Shopian,4125.00,4843.75,45.95,252.73,718.75,466.03,21
Apples,"Kullu Delicious",Kulgam,Badgam,3640.00,4125.00,63.11,347.11,485.00,137.90,22
Apples,"Kullu Delicious",Kulgam,Budgam,3640.00,4125.00,63.71,350.41,485.00,134.60,23
Apples,"Kullu Delicious",Anantnag,Badgam,3640.00,4125.00,63.99,351.95,485.00,133.06,24
Apples,"Kullu Delicious",Anantnag,Budgam,3640.00,4125.00,64.85,356.68,485.00,128.33,25
Apples,"Kullu Royal Delicious","Ropar (Rupnagar)",Una,3500.00,7500.00,92.91,511.01,4000.00,3489.00,1
Apples,"Kullu Royal Delicious","Ropar (Rupnagar)",Muktsar,3500.00,8000.00,250.03,1375.17,4500.00,3124.84,2
Apples,"Kullu Royal Delicious","Ropar (Rupnagar)",Kangra,3500.00,7250.00,160.05,880.28,3750.00,2869.73,3
Apples,"Kullu Royal Delicious",Anantnag,Jammu,4100.00,7500.00,146.56,806.08,3400.00,2593.92,4
Apples,"Kullu Royal Delicious",Badgam,Jammu,3900.00,7500.00,186.96,1028.28,3600.00,2571.72,5
Apples,"Kullu Royal Delicious","Ropar (Rupnagar)",Jammu,3500.00,7500.00,309.48,1702.14,4000.00,2297.86,6
Apples,"Kullu Royal Delicious",Srinagar,Jammu,4425.00,7500.00,192.04,1056.22,3075.00,2018.78,7
Apples,"Kullu Royal Delicious",Mandi,Una,5000.00,7500.00,95.19,523.55,2500.00,1976.46,8
Apples,"Kullu Royal Delicious",Pulwama,Jammu,4687.50,7500.00,162.64,894.52,2812.50,1917.98,9
Apples,"Kullu Royal Delicious",Anantnag,Kangra,4100.00,7250.00,261.54,1438.47,3150.00,1711.53,10
Apples,"Kullu Royal Delicious",Mandi,Kangra,5000.00,7250.00,107.43,590.87,2250.00,1659.14,11
Apples,"Kullu Royal Delicious",Anantnag,Una,4100.00,7500.00,323.55,1779.53,3400.00,1620.48,12
Apples,"Kullu Royal Delicious",Badgam,Kangra,3900.00,7250.00,323.20,1777.60,3350.00,1572.40,13
Apples,"Kullu Royal Delicious",Badgam,Una,3900.00,7500.00,382.61,2104.36,3600.00,1495.65,14
Apples,"Kullu Royal Delicious",Badgam,Baramulla,3900.00,5625.00,47.41,260.76,1725.00,1464.25,15
Apples,"Kullu Royal Delicious",Anantnag,Muktsar,4100.00,8000.00,459.15,2525.33,3900.00,1374.68,16
Apples,"Kullu Royal Delicious",Badgam,Muktsar,3900.00,8000.00,496.88,2732.84,4100.00,1367.16,17
Apples,"Kullu Royal Delicious",Mandi,Muktsar,5000.00,8000.00,338.80,1863.40,3000.00,1136.60,18
Apples,"Kullu Royal Delicious",Srinagar,Kangra,4425.00,7250.00,324.09,1782.50,2825.00,1042.51,19
Apples,"Kullu Royal Delicious",Srinagar,Una,4425.00,7500.00,384.53,2114.92,3075.00,960.09,20
Apples,"Kullu Royal Delicious",Pulwama,Kangra,4687.50,7250.00,293.31,1613.21,2562.50,949.30,21
Apples,"Kullu Royal Delicious","Ropar (Rupnagar)",Delhi,3500.00,6250.00,333.03,1831.67,2750.00,918.34,22
Apples,"Kullu Royal Delicious",Anantnag,Baramulla,4100.00,5625.00,110.34,606.87,1525.00,918.13,23
Apples,"Kullu Royal Delicious",Srinagar,Baramulla,4425.00,5625.00,51.78,284.79,1200.00,915.21,24
Apples,"Kullu Royal Delicious",Mandi,Jammu,5000.00,7500.00,289.98,1594.89,2500.00,905.11,25
Apples,"Kullu Royal Delicious","Ropar (Rupnagar)",Mandi,3500.00,5000.00,110.38,607.09,1500.00,892.91,26
Apples,"Kullu Royal Delicious",Pulwama,Una,4687.50,7500.00,353.23,1942.77,2812.50,869.74,27
Apples,"Kullu Royal Delicious",Srinagar,Muktsar,4425.00,8000.00,502.85,2765.68,3575.00,809.33,28
Apples,"Kullu Royal Delicious",Pulwama,Muktsar,4687.50,8000.00,474.69,2610.80,3312.50,701.71,29
Apples,"Kullu Royal Delicious",Baramulla,Jammu,5625.00,7500.00,215.38,1184.59,1875.00,690.41,30
Apples,"Kullu Royal Delicious",Badgam,Pulwama,3900.00,4687.50,29.98,164.89,787.50,622.61,31
Apples,"Kullu Royal Delicious",Pulwama,Baramulla,4687.50,5625.00,75.54,415.47,937.50,522.03,32
Apples,"Kullu Royal Delicious",Badgam,Srinagar,3900.00,4425.00,8.86,48.73,525.00,476.27,33
Apples,"Kullu Royal Delicious",Anantnag,Pulwama,4100.00,4687.50,34.83,191.57,587.50,395.94,34
Apples,"Kullu Royal Delicious",Srinagar,Pulwama,4425.00,4687.50,31.39,172.65,262.50,89.86,35
Apples,Maharaji,Baramulla,Rajouri,2520.00,5000.00,132.06,726.33,2480.00,1753.67,1
Apples,Maharaji,Anantnag,Rajouri,2647.06,5000.00,111.36,612.48,2352.94,1740.46,2
Apples,Maharaji,Badgam,Rajouri,2656.25,5000.00,118.34,650.87,2343.75,1692.88,3
Apples,Maharaji,Srinagar,Rajouri,2750.00,5000.00,126.03,693.17,2250.00,1556.84,4
Apples,Maharaji,Pulwama,Rajouri,3125.00,5000.00,105.63,580.97,1875.00,1294.04,5
Apples,Maharaji,Badgam,Pulwama,2656.25,3125.00,29.98,164.89,468.75,303.86,6
Apples,Maharaji,Anantnag,Pulwama,2647.06,3125.00,34.83,191.57,477.94,286.38,7
Apples,Maharaji,Srinagar,Pulwama,2750.00,3125.00,31.39,172.65,375.00,202.36,8
Apples,Maharaji,Baramulla,Pulwama,2520.00,3125.00,75.54,415.47,605.00,189.53,9
Apples,Maharaji,Badgam,Srinagar,2656.25,2750.00,8.86,48.73,93.75,45.02,10
Apples,Other,Moga,Chandigarh,2204.00,15000.00,193.01,1061.56,12796.00,11734.45,1
Apples,Other,Bangalore,Kollam,9000.00,23500.00,584.63,3215.47,14500.00,11284.54,2
Apples,Other,Kolhapur,Kollam,6000.00,23500.00,1131.23,6221.77,17500.00,11278.24,3
Apples,Other,"Bengaluru Rural",Kollam,9000.00,23500.00,616.50,3390.75,14500.00,11109.25,4
Apples,Other,Palwal,Delhi,2000.00,13500.00,72.15,396.83,11500.00,11103.18,5
Apples,Other,Palwal,Chandigarh,2000.00,15000.00,361.78,1989.79,13000.00,11010.21,6
Apples,Other,Bharuch,Ahilyanagar,4000.00,17000.00,428.68,2357.74,13000.00,10642.26,7
Apples,Other,Shimla,Chandigarh,4000.00,15000.00,70.99,390.45,11000.00,10609.56,8
Apples,Other,Shamli,Chandigarh,3550.00,15000.00,186.38,1025.09,11450.00,10424.91,9
Apples,Other,Moga,Ganganagar,2204.00,13300.00,200.81,1104.46,11096.00,9991.55,10
Apples,Other,Haridwar,Chandigarh,4000.00,15000.00,194.64,1070.52,11000.00,9929.48,11
Apples,Other,Dhar,Ahilyanagar,4470.00,17000.00,493.08,2711.94,12530.00,9818.06,12
Apples,Other,Morena,Delhi,2030.00,13500.00,314.86,1731.73,11470.00,9738.27,13
Apples,Other,Morena,Chandigarh,2030.00,15000.00,603.20,3317.60,12970.00,9652.40,14
Apples,Other,Mahendragarh-Narnaul,Bilaspur,3500.00,14000.00,157.20,864.60,10500.00,9635.40,15
Apples,Other,Ramban,Chandigarh,3200.00,15000.00,397.53,2186.42,11800.00,9613.59,16
Apples,Other,Champawat,Chandigarh,3050.00,15000.00,439.81,2418.96,11950.00,9531.05,17
Apples,Other,Rajouri,Chandigarh,3100.00,15000.00,452.43,2488.37,11900.00,9411.64,18
Apples,Other,Bharuch,Kollam,4000.00,23500.00,1843.46,10139.03,19500.00,9360.97,19
Apples,Other,Shamli,Delhi,3550.00,13500.00,110.48,607.64,9950.00,9342.36,20
Apples,Other,Malappuram,Kollam,12500.00,23500.00,306.89,1687.90,11000.00,9312.11,21
Apples,Other,Bhopal,Ahilyanagar,4000.00,17000.00,674.33,3708.82,13000.00,9291.19,22
Apples,Other,Katni,Bilaspur,3000.00,14000.00,320.83,1764.57,11000.00,9235.44,23
Apples,Other,Moga,Delhi,2204.00,13500.00,389.33,2141.32,11296.00,9154.69,24
Apples,Other,Jalana,Ahilyanagar,7000.00,17000.00,156.16,858.88,10000.00,9141.12,25
Apples,Other,Kolhapur,Ahilyanagar,6000.00,17000.00,338.98,1864.39,11000.00,9135.61,26
Apples,Other,Kullu,Chandigarh,5000.00,15000.00,181.85,1000.18,10000.00,8999.83,27
Apples,Other,Jalandhar,Chandigarh,5100.00,15000.00,167.64,922.02,9900.00,8977.98,28
Apples,Other,Mohali,Chandigarh,6000.00,15000.00,9.66,53.13,9000.00,8946.87,29
Apples,Other,Morena,Hamirpur,2030.00,12500.00,279.21,1535.66,10470.00,8934.35,30
Apples,Other,Mahendragarh-Narnaul,Kolkata,3500.00,16800.00,796.26,4379.43,13300.00,8920.57,31
Apples,Other,Morena,Ahilyanagar,2030.00,17000.00,1109.03,6099.67,14970.00,8870.34,32
Apples,Other,Katni,Kollam,3000.00,23500.00,2126.95,11698.23,20500.00,8801.78,33
Apples,Other,Bulandshahar,Chandigarh,4465.00,15000.00,343.13,1887.22,10535.00,8647.79,34
Apples,Other,"Garhwal (Pauri)",Chandigarh,5000.00,15000.00,246.43,1355.37,10000.00,8644.64,35
Apples,Other,Katni,Ahilyanagar,3000.00,17000.00,977.45,5375.98,14000.00,8624.03,36
Apples,Other,Palwal,Ganganagar,2000.00,13300.00,487.84,2683.12,11300.00,8616.88,37
Apples,Other,Bulandshahar,Delhi,4465.00,13500.00,83.85,461.18,9035.00,8573.83,38
Apples,Other,Dhar,Kollam,4470.00,23500.00,1913.36,10523.48,19030.00,8506.52,39
Apples,Other,Bhopal,Kollam,4000.00,23500.00,2000.33,11001.82,19500.00,8498.19,40
Apples,Other,Champawat,Delhi,3050.00,13500.00,361.84,1990.12,10450.00,8459.88,41
Apples,Other,Ludhiana,Chandigarh,6000.00,15000.00,115.95,637.73,9000.00,8362.28,42
Apples,Other,Dehradoon,Chandigarh,5800.00,15000.00,157.60,866.80,9200.00,8333.20,43
Apples,Other,Haridwar,Delhi,4000.00,13500.00,213.61,1174.86,9500.00,8325.15,44
Apples,Other,Mahendragarh-Narnaul,Kollam,3500.00,23500.00,2125.45,11689.98,20000.00,8310.03,45
Apples,Other,Jalana,Kollam,7000.00,23500.00,1495.19,8223.55,16500.00,8276.46,46
Apples,Other,Sangli,Kollam,9000.00,23500.00,1140.01,6270.06,14500.00,8229.95,47
Apples,Other,Fatehgarh,Chandigarh,6500.00,15000.00,49.73,273.52,8500.00,8226.49,48
Apples,Other,Katni,Kolkata,3000.00,16800.00,1030.21,5666.16,13800.00,8133.85,49
Apples,Other,Aligarh,Chandigarh,4600.00,15000.00,420.25,2311.38,10400.00,8088.63,50
Apples,"Red  Gold",Harda,Warangal,4025.00,13000.00,705.59,3880.75,8975.00,5094.26,1
Apples,"Red  Gold",Bulandshahar,Warangal,4300.00,13000.00,1478.04,8129.22,8700.00,570.78,2
Apples,"Red  Gold",Bulandshahar,Delhi,4300.00,4992.00,83.85,461.18,692.00,230.83,3
Apples,"Red June",Delhi,Shimla,5000.00,7375.00,340.61,1873.36,2375.00,501.65,1
Apples,Rizakwadi,Anantnag,Udhampur,2650.00,4250.00,112.61,619.36,1600.00,980.65,1
Apples,Rizakwadi,Jammu,Udhampur,3500.00,4250.00,42.29,232.60,750.00,517.41,2
Apples,Rizakwadi,Baramulla,Udhampur,2650.00,4250.00,197.25,1084.88,1600.00,515.13,3
Apples,Rizakwadi,Kathua,Udhampur,3500.00,4250.00,86.66,476.63,750.00,273.37,4
Apples,Rizakwadi,Anantnag,Jammu,2650.00,3500.00,146.56,806.08,850.00,43.92,5
Apples,"Royal Delicious",Mahoba,Bilaspur,7200.00,18500.00,531.53,2923.42,11300.00,8376.59,1
Apples,"Royal Delicious",Jammu,Kangra,4500.00,13500.00,183.20,1007.60,9000.00,7992.40,2
Apples,"Royal Delicious",Shimla,Kangra,5500.00,13500.00,174.41,959.26,8000.00,7040.75,3
Apples,"Royal Delicious",Bahraich,Bilaspur,7300.00,18500.00,767.49,4221.20,11200.00,6978.81,4
Apples,"Royal Delicious",Dehradoon,Kangra,5500.00,13500.00,324.00,1782.00,8000.00,6218.00,5
Apples,"Royal Delicious",Dehradoon,Bilaspur,5500.00,18500.00,1254.45,6899.48,13000.00,6100.53,6
Apples,"Royal Delicious",Shimla,Bilaspur,5500.00,18500.00,1397.69,7687.30,13000.00,5312.71,7
Apples,"Royal Delicious",Chamba,Kangra,8250.00,13500.00,66.33,364.82,5250.00,4885.19,8
Apples,"Royal Delicious",Jammu,Bilaspur,4500.00,18500.00,1725.49,9490.20,14000.00,4509.81,9
Apples,"Royal Delicious",Delhi,Bilaspur,8000.00,18500.00,1102.28,6062.54,10500.00,4437.46,10
Apples,"Royal Delicious",Shimla,Solan,5500.00,10000.00,26.03,143.17,4500.00,4356.84,11
Apples,"Royal Delicious",Mahoba,Hamirpur,7200.00,12000.00,99.51,547.31,4800.00,4252.70,12
Apples,"Royal Delicious",Hyderabad,Bilaspur,10000.00,18500.00,809.51,4452.31,8500.00,4047.70,13
Apples,"Royal Delicious",Mandi,Kangra,9000.00,13500.00,107.43,590.87,4500.00,3909.14,14
Apples,"Royal Delicious",Dehradoon,Solan,5500.00,10000.00,139.03,764.67,4500.00,3735.34,15
Apples,"Royal Delicious",Jammu,Solan,4500.00,10000.00,360.50,1982.75,5500.00,3517.25,16
Apples,"Royal Delicious",Hamirpur,Bilaspur,12000.00,18500.00,595.51,3275.31,6500.00,3224.70,17
Apples,"Royal Delicious",Bahraich,Hamirpur,7300.00,12000.00,288.23,1585.27,4700.00,3114.74,18
Apples,"Royal Delicious",Shimla,Mandi,5500.00,9000.00,78.49,431.70,3500.00,3068.31,19
Apples,"Royal Delicious",Jammu,Chamba,4500.00,8250.00,146.45,805.48,3750.00,2944.53,20
Apples,"Royal Delicious",Jammu,Mandi,4500.00,9000.00,289.98,1594.89,4500.00,2905.11,21
Apples,"Royal Delicious",Dehradoon,Hamirpur,5500.00,12000.00,659.33,3626.32,6500.00,2873.69,22
Apples,"Royal Delicious",Delhi,Kangra,8000.00,13500.00,492.86,2710.73,5500.00,2789.27,23
Apples,"Royal Delicious",Solan,Kangra,10000.00,13500.00,191.24,1051.82,3500.00,2448.18,24
Apples,"Royal Delicious",Dehradoon,Mandi,5500.00,9000.00,221.24,1216.82,3500.00,2283.18,25
Apples,"Royal Delicious",Shimla,Hamirpur,5500.00,12000.00,802.21,4412.16,6500.00,2087.85,26
Apples,"Royal Delicious",Shimla,Chamba,5500.00,8250.00,237.20,1304.60,2750.00,1445.40,27
Apples,"Royal Delicious",Mandi,Bilaspur,9000.00,18500.00,1473.85,8106.18,9500.00,1393.83,28
Apples,"Royal Delicious",Jammu,Hamirpur,4500.00,12000.00,1133.34,6233.37,7500.00,1266.63,29
Apples,"Royal Delicious",Chamba,Bilaspur,8250.00,18500.00,1634.51,8989.81,10250.00,1260.20,30
Apples,"Royal Delicious",Bahraich,Kangra,7300.00,13500.00,898.43,4941.37,6200.00,1258.64,31
Apples,"Royal Delicious",Delhi,Hamirpur,8000.00,12000.00,520.29,2861.60,4000.00,1138.41,32
Apples,"Royal Delicious",Dehradoon,Delhi,5500.00,8000.00,251.96,1385.78,2500.00,1114.22,33
Apples,"Royal Delicious",Solan,Bilaspur,10000.00,18500.00,1378.89,7583.90,8500.00,916.11,34
Apples,"Royal Delicious",Dehradoon,Chamba,5500.00,8250.00,385.00,2117.50,2750.00,632.50,35
Apples,"Royal Delicious",Shimla,Delhi,5500.00,8000.00,340.61,1873.36,2500.00,626.65,36
Apples,"Royal Delicious",Mahoba,Kangra,7200.00,13500.00,1043.15,5737.33,6300.00,562.68,37
Apples,"Royal Delicious",Mandi,Solan,9000.00,10000.00,102.03,561.17,1000.00,438.84,38
Apples,"Royal Delicious",Chamba,Solan,8250.00,10000.00,255.69,1406.30,1750.00,343.71,39
Apples,"Royal Delicious",Delhi,Solan,8000.00,10000.00,315.85,1737.18,2000.00,262.83,40
Apples,"Royal Delicious",Jammu,Delhi,4500.00,8000.00,628.54,3456.97,3500.00,43.03,41
Apples,Simla,Harda,Palghar,3750.00,17500.00,669.85,3684.18,13750.00,10065.83,1
Apples,Simla,Jalgaon,Palghar,7500.00,17500.00,407.16,2239.38,10000.00,7760.62,2
Apples,Simla,Bharuch,Palghar,9000.00,17500.00,277.94,1528.67,8500.00,6971.33,3
Apples,Simla,Harda,Nashik,3750.00,13000.00,537.30,2955.15,9250.00,6294.85,4
Apples,Simla,Patiala,Muktsar,3500.00,11000.00,224.90,1236.95,7500.00,6263.05,5
Apples,Simla,Nagpur,Palghar,6750.00,17500.00,846.49,4655.70,10750.00,6094.31,6
Apples,Simla,Thane,Palghar,11000.00,17500.00,73.83,406.07,6500.00,6093.94,7
Apples,Simla,Patiala,Una,3500.00,10000.00,173.69,955.30,6500.00,5544.71,8
Apples,Simla,Patiala,Palghar,3500.00,17500.00,1547.26,8509.93,14000.00,5490.07,9
Apples,Simla,"Garhwal (Pauri)",Palghar,3200.00,17500.00,1645.29,9049.10,14300.00,5250.91,10
Apples,Simla,Harda,Amarawati,3750.00,10000.00,213.73,1175.52,6250.00,5074.49,11
Apples,Simla,Ambala,Muktsar,4500.00,11000.00,273.71,1505.41,6500.00,4994.60,12
Apples,Simla,"Garhwal (Pauri)",Muktsar,3200.00,11000.00,510.95,2810.23,7800.00,4989.78,13
Apples,Simla,"Garhwal (Pauri)",Una,3200.00,10000.00,359.09,1975.00,6800.00,4825.01,14
Apples,Simla,Hyderabad,Palghar,8300.00,17500.00,816.78,4492.29,9200.00,4707.71,15
Apples,Simla,Ambala,Una,4500.00,10000.00,183.58,1009.69,5500.00,4490.31,16
Apples,Simla,Saharanpur,Palghar,4524.00,17500.00,1549.05,8519.78,12976.00,4456.23,17
Apples,Simla,Saharanpur,Muktsar,4524.00,11000.00,370.48,2037.64,6476.00,4438.36,18
Apples,Simla,Ambala,Palghar,4500.00,17500.00,1565.79,8611.85,13000.00,4388.16,19
Apples,Simla,"Garhwal (Pauri)",UdhamSinghNagar,3200.00,8600.00,185.09,1018.00,5400.00,4382.01,20
Apples,Simla,Kanpur,Palghar,5750.00,17500.00,1346.46,7405.53,11750.00,4344.47,21
Apples,Simla,Dehradoon,Muktsar,4500.00,11000.00,421.31,2317.21,6500.00,4182.80,22
Apples,Simla,Dehradoon,Palghar,4500.00,17500.00,1617.33,8895.32,13000.00,4104.69,23
Apples,Simla,Jalgaon,Nashik,7500.00,13000.00,270.23,1486.27,5500.00,4013.74,24
Apples,Simla,Dehradoon,Una,4500.00,10000.00,278.81,1533.46,5500.00,3966.55,25
Apples,Simla,Saharanpur,Una,4524.00,10000.00,275.10,1513.05,5476.00,3962.95,26
Apples,Simla,Amarawati,Palghar,10000.00,17500.00,671.23,3691.77,7500.00,3808.24,27
Apples,Simla,Nashik,Palghar,13000.00,17500.00,139.71,768.41,4500.00,3731.60,28
Apples,Simla,"Garhwal (Pauri)",Hardoi,3200.00,9000.00,426.79,2347.35,5800.00,3452.66,29
Apples,Simla,Harda,Thane,3750.00,11000.00,691.70,3804.35,7250.00,3445.65,30
Apples,Simla,"Garhwal (Pauri)",Delhi,3200.00,8000.00,287.79,1582.85,4800.00,3217.16,31
Apples,Simla,Patiala,Delhi,3500.00,8000.00,255.46,1405.03,4500.00,3094.97,32
Apples,Simla,"Garhwal (Pauri)",Sirmore,3200.00,7000.00,170.23,936.27,3800.00,2863.74,33
Apples,Simla,Agra,Palghar,7875.00,17500.00,1235.95,6797.73,9625.00,2827.28,34
Apples,Simla,Patiala,UdhamSinghNagar,3500.00,8600.00,414.54,2279.97,5100.00,2820.03,35
Apples,Simla,Patiala,Sirmore,3500.00,7000.00,128.58,707.19,3500.00,2792.81,36
Apples,Simla,Dehradoon,UdhamSinghNagar,4500.00,8600.00,249.63,1372.97,4100.00,2727.04,37
Apples,Simla,Kanpur,Unnao,5750.00,8600.00,24.56,135.08,2850.00,2714.92,38
Apples,Simla,Saharanpur,UdhamSinghNagar,4524.00,8600.00,266.86,1467.73,4076.00,2608.27,39
Apples,Simla,Bharuch,Nashik,9000.00,13000.00,257.39,1415.65,4000.00,2584.36,40
Apples,Simla,Baramulla,Muktsar,5625.00,11000.00,517.36,2845.48,5375.00,2529.52,41
Apples,Simla,Kanpur,Hardoi,5750.00,9000.00,131.39,722.65,3250.00,2527.36,42
Apples,Simla,"Garhwal (Pauri)",Lakhimpur,3200.00,7880.00,398.93,2194.12,4680.00,2485.89,43
Apples,Simla,Saharanpur,Delhi,4524.00,8000.00,187.78,1032.79,3476.00,2443.21,44
Apples,Simla,Harda,Warangal,3750.00,10000.00,705.59,3880.75,6250.00,2369.26,45
Apples,Simla,"Garhwal (Pauri)",Unnao,3200.00,8600.00,551.74,3034.57,5400.00,2365.43,46
Apples,Simla,Nagpur,Nashik,6750.00,13000.00,706.94,3888.17,6250.00,2361.83,47
Apples,Simla,"Garhwal (Pauri)",Shahjahanpur,3200.00,7500.00,356.55,1961.03,4300.00,2338.98,48
Apples,Simla,"Garhwal (Pauri)",Agra,3200.00,7875.00,431.49,2373.20,4675.00,2301.81,49
Apples,Simla,Harda,Bharuch,3750.00,9000.00,537.24,2954.82,5250.00,2295.18,50
Cabbage,Cabbage,Alipurduar,Bongaigaon,700.00,26500.00,128.31,705.71,25800.00,25094.30,1
Cabbage,Cabbage,Barpeta,Bongaigaon,1100.00,26500.00,59.13,325.22,25400.00,25074.79,2
Cabbage,Cabbage,Dhubri,Bongaigaon,900.00,26500.00,95.65,526.08,25600.00,25073.93,3
Cabbage,Cabbage,Coochbehar,Bongaigaon,750.00,26500.00,135.66,746.13,25750.00,25003.87,4
Cabbage,Cabbage,Kokrajhar,Bongaigaon,1500.00,26500.00,37.39,205.65,25000.00,24794.36,5
Cabbage,Cabbage,Goalpara,Bongaigaon,1500.00,26500.00,43.74,240.57,25000.00,24759.43,6
Cabbage,Cabbage,Nalbari,Bongaigaon,1500.00,26500.00,109.59,602.75,25000.00,24397.26,7
Cabbage,Cabbage,Darrang,Bongaigaon,1100.00,26500.00,182.90,1005.95,25400.00,24394.05,8
Cabbage,Cabbage,Kamrup,Bongaigaon,1500.00,26500.00,116.03,638.17,25000.00,24361.84,9
Cabbage,Cabbage,Jalpaiguri,Bongaigaon,1000.00,26500.00,227.75,1252.63,25500.00,24247.38,10
Cabbage,Cabbage,"South West Garo Hills",Bongaigaon,1700.00,26500.00,160.96,885.28,24800.00,23914.72,11
Cabbage,Cabbage,Nagaon,Bongaigaon,1200.00,26500.00,264.44,1454.42,25300.00,23845.58,12
Cabbage,Cabbage,"West Garo Hills",Bongaigaon,2000.00,26500.00,125.56,690.58,24500.00,23809.42,13
Cabbage,Cabbage,MORIGAON,Bongaigaon,1600.00,26500.00,223.78,1230.79,24900.00,23669.21,14
Cabbage,Cabbage,"East Khasi Hills",Bongaigaon,1825.00,26500.00,216.68,1191.74,24675.00,23483.26,15
Cabbage,Cabbage,Karimganj,Bongaigaon,1350.00,26500.00,319.46,1757.03,25150.00,23392.97,16
Cabbage,Cabbage,Araria,Bongaigaon,1050.00,26500.00,389.15,2140.33,25450.00,23309.68,17
Cabbage,Cabbage,Hojai,Bongaigaon,1600.00,26500.00,292.88,1610.84,24900.00,23289.16,18
Cabbage,Cabbage,"Uttar Dinajpur",Bongaigaon,1500.00,26500.00,328.85,1808.68,25000.00,23191.33,19
Cabbage,Cabbage,Kishanganj,Bongaigaon,1500.00,26500.00,330.53,1817.92,25000.00,23182.09,20
Cabbage,Cabbage,Hailakandi,Bongaigaon,1500.00,26500.00,354.11,1947.61,25000.00,23052.40,21
Cabbage,Cabbage,Khowai,Bongaigaon,1500.00,26500.00,358.28,1970.54,25000.00,23029.46,22
Cabbage,Cabbage,Kaithar,Bongaigaon,1300.00,26500.00,395.24,2173.82,25200.00,23026.18,23
Cabbage,Cabbage,Sonitpur,Bongaigaon,2000.00,26500.00,270.60,1488.30,24500.00,23011.70,24
Cabbage,Cabbage,Unokoti,Bongaigaon,1600.00,26500.00,366.21,2014.16,24900.00,22885.85,25
Cabbage,Cabbage,Supaul,Bongaigaon,900.00,26500.00,495.84,2727.12,25600.00,22872.88,26
Cabbage,Cabbage,"East Garo Hills",Bongaigaon,3000.00,26500.00,115.80,636.90,23500.00,22863.10,27
Cabbage,Cabbage,Saharsa,Bongaigaon,900.00,26500.00,501.94,2760.67,25600.00,22839.33,28
Cabbage,Cabbage,Purnea,Bongaigaon,1500.00,26500.00,397.35,2185.43,25000.00,22814.58,29
Cabbage,Cabbage,Cachar,Bongaigaon,1700.00,26500.00,368.20,2025.10,24800.00,22774.90,30
Cabbage,Cabbage,Sepahijala,Bongaigaon,1500.00,26500.00,409.48,2252.14,25000.00,22747.86,31
Cabbage,Cabbage,Bhagalpur,Bongaigaon,1200.00,26500.00,480.46,2642.53,25300.00,22657.47,32
Cabbage,Cabbage,"Karbi Anglong",Bongaigaon,1800.00,26500.00,372.31,2047.71,24700.00,22652.30,33
Cabbage,Cabbage,Samastipur,Bongaigaon,600.00,26500.00,602.26,3312.43,25900.00,22587.57,34
Cabbage,Cabbage,Begusarai,Bongaigaon,800.00,26500.00,572.56,3149.08,25700.00,22550.92,35
Cabbage,Cabbage,Banka,Bongaigaon,1200.00,26500.00,506.06,2783.33,25300.00,22516.67,36
Cabbage,Cabbage,"Nongpoh (R-Bhoi)",Bongaigaon,3000.00,26500.00,182.71,1004.91,23500.00,22495.10,37
Cabbage,Cabbage,Dhalai,Bongaigaon,1800.00,26500.00,404.14,2222.77,24700.00,22477.23,38
Cabbage,Cabbage,"South District",Bongaigaon,1400.00,26500.00,478.48,2631.64,25100.00,22468.36,39
Cabbage,Cabbage,Khagaria,Bongaigaon,1200.00,26500.00,528.10,2904.55,25300.00,22395.45,40
Cabbage,Cabbage,Nadia,Bongaigaon,1500.00,26500.00,489.81,2693.96,25000.00,22306.05,41
Cabbage,Cabbage,Madhepura,Bongaigaon,1600.00,26500.00,476.35,2619.93,24900.00,22280.08,42
Cabbage,Cabbage,Hooghly,Bongaigaon,1125.00,26500.00,564.99,3107.45,25375.00,22267.56,43
Cabbage,Cabbage,"North Tripura",Bongaigaon,2100.00,26500.00,389.24,2140.82,24400.00,22259.18,44
Cabbage,Cabbage,Dhemaji,Bongaigaon,1500.00,26500.00,514.96,2832.28,25000.00,22167.72,45
Cabbage,Cabbage,Golaghat,Bongaigaon,2000.00,26500.00,424.24,2333.32,24500.00,22166.68,46
Cabbage,Cabbage,Zunheboto,Bongaigaon,1600.00,26500.00,498.84,2743.62,24900.00,22156.38,47
Cabbage,Cabbage,"West Jaintia Hills",Bongaigaon,3000.00,26500.00,255.19,1403.55,23500.00,22096.46,48
Cabbage,Cabbage,Gomati,Bongaigaon,2100.00,26500.00,431.61,2373.86,24400.00,22026.15,49
Cabbage,Cabbage,"South Tripura",Bongaigaon,1900.00,26500.00,472.36,2597.98,24600.00,22002.02,50
Cabbage,MH-139,"East Khasi Hills","West Jaintia Hills",600.00,2500.00,60.31,331.71,1900.00,1568.30,1
Cabbage,Organic,Morena,Shivpuri,750.00,11000.00,154.34,848.87,10250.00,9401.13,1
Cabbage,Organic,Ujjain,Shivpuri,1050.00,11000.00,391.20,2151.60,9950.00,7798.40,2
Cabbage,Organic,Ratlam,Shivpuri,1225.00,11000.00,440.90,2424.95,9775.00,7350.05,3
Cabbage,Other,Longleng,Mokokchung,1300.00,4000.00,45.25,248.88,2700.00,2451.13,1
Cabbage,Other,Khowai,"West District",2550.00,5000.00,33.85,186.18,2450.00,2263.83,2
Cabbage,Other,"North Tripura",Aizawl,2350.00,5000.00,82.73,455.02,2650.00,2194.99,3
Cabbage,Other,Coochbehar,"South West Khasi Hills",725.00,4250.00,263.99,1451.95,3525.00,2073.06,4
Cabbage,Other,"North Tripura","West District",2350.00,5000.00,107.08,588.94,2650.00,2061.06,5
Cabbage,Other,Coochbehar,"West District",725.00,5000.00,413.39,2273.65,4275.00,2001.36,6
Cabbage,Other,"North and Middle Andaman","South Andaman",6000.00,9000.00,187.49,1031.20,3000.00,1968.81,7
Cabbage,Other,Jodhpur,Deogarh,1000.00,3775.00,152.59,839.25,2775.00,1935.76,8
Cabbage,Other,"Dakshin Dinajpur","West District",900.00,5000.00,409.30,2251.15,4100.00,1848.85,9
Cabbage,Other,Unokoti,"West District",2700.00,5000.00,91.21,501.66,2300.00,1798.35,10
Cabbage,Other,Balasore,Keonjhar,1200.00,4000.00,183.64,1010.02,2800.00,1789.98,11
Cabbage,Other,Hooghly,"West District",1000.00,5000.00,406.38,2235.09,4000.00,1764.91,12
Cabbage,Other,Jalpaiguri,Kalimpong,900.00,3100.00,82.98,456.39,2200.00,1743.61,13
Cabbage,Other,Udaipur,Deogarh,1300.00,3775.00,133.30,733.15,2475.00,1741.85,14
Cabbage,Other,"Lower Subansiri",Mokokchung,1200.00,4000.00,194.65,1070.58,2800.00,1729.43,15
Cabbage,Other,Ajmer,Deogarh,1175.00,3775.00,158.63,872.47,2600.00,1727.54,16
Cabbage,Other,Peren,Aizawl,1800.00,5000.00,271.03,1490.67,3200.00,1709.34,17
Cabbage,Other,Unokoti,Aizawl,2700.00,5000.00,108.29,595.60,2300.00,1704.41,18
Cabbage,Other,Coochbehar,"South Garo Hills",725.00,3500.00,198.59,1092.25,2775.00,1682.76,19
Cabbage,Other,Alipurduar,"South West Khasi Hills",1100.00,4250.00,273.11,1502.11,3150.00,1647.90,20
Cabbage,Other,Kamrup,"South West Khasi Hills",2000.00,4250.00,111.20,611.60,2250.00,1638.40,21
Cabbage,Other,Siwan,Sonepur,1000.00,3300.00,121.54,668.47,2300.00,1631.53,22
Cabbage,Other,Khowai,Aizawl,2550.00,5000.00,149.96,824.78,2450.00,1625.22,23
Cabbage,Other,Jalore,Deogarh,1300.00,3775.00,162.60,894.30,2475.00,1580.70,24
Cabbage,Other,Gajapati,Rayagada,1400.00,3500.00,98.46,541.53,2100.00,1558.47,25
Cabbage,Other,Alipurduar,"West District",1100.00,5000.00,430.45,2367.48,3900.00,1532.53,26
Cabbage,Other,Longleng,Phek,1300.00,3500.00,121.53,668.42,2200.00,1531.59,27
Cabbage,Other,Coochbehar,"South West Garo Hills",725.00,3000.00,136.95,753.23,2275.00,1521.78,28
Cabbage,Other,Nayagarh,Keonjhar,1400.00,4000.00,196.40,1080.20,2600.00,1519.80,29
Cabbage,Other,Alappuzha,Kollam,3000.00,5000.00,91.99,505.95,2000.00,1494.06,30
Cabbage,Other,"Dakshin Dinajpur","South West Khasi Hills",900.00,4250.00,337.98,1858.89,3350.00,1491.11,31
Cabbage,Other,Coochbehar,Kalimpong,725.00,3100.00,161.31,887.21,2375.00,1487.80,32
Cabbage,Other,Bilaspur,Nuapada,1500.00,4000.00,188.31,1035.71,2500.00,1464.30,33
Cabbage,Other,Muktsar,Mansa,450.00,2600.00,124.98,687.39,2150.00,1462.61,34
Cabbage,Other,Nayagarh,Cuttack,1400.00,3450.00,110.95,610.23,2050.00,1439.78,35
Cabbage,Other,Jhargram,Keonjhar,1300.00,4000.00,234.13,1287.72,2700.00,1412.29,36
Cabbage,Other,Malappuram,Kollam,1900.00,5000.00,306.89,1687.90,3100.00,1412.11,37
Cabbage,Other,"South District","West District",3000.00,5000.00,109.00,599.50,2000.00,1400.50,38
Cabbage,Other,Jalpaiguri,"West District",900.00,5000.00,492.39,2708.15,4100.00,1391.86,39
Cabbage,Other,Longleng,Zunheboto,1300.00,3100.00,74.66,410.63,1800.00,1389.37,40
Cabbage,Other,Peren,"East Jaintia Hills",1800.00,4000.00,147.90,813.45,2200.00,1386.55,41
Cabbage,Other,Jalpaiguri,"South West Khasi Hills",900.00,4250.00,357.55,1966.53,3350.00,1383.48,42
Cabbage,Other,Howrah,"West District",1200.00,5000.00,439.78,2418.79,3800.00,1381.21,43
Cabbage,Other,Jalandhar,Una,800.00,2625.00,81.31,447.21,1825.00,1377.80,44
Cabbage,Other,Ludhiana,Una,700.00,2625.00,102.49,563.70,1925.00,1361.31,45
Cabbage,Other,Sepahijala,"West District",3400.00,5000.00,43.55,239.53,1600.00,1360.48,46
Cabbage,Other,Bhatinda,Mansa,900.00,2600.00,63.20,347.60,1700.00,1352.40,47
Cabbage,Other,Sheopur,Deogarh,500.00,3775.00,350.26,1926.43,3275.00,1348.57,48
Cabbage,Other,Dhenkanal,Keonjhar,2000.00,4000.00,118.85,653.68,2000.00,1346.33,49
Cabbage,Other,Mau(Maunathbhanjan),Sonepur,850.00,3300.00,201.48,1108.14,2450.00,1341.86,50
Carrot,Carrot,Barpeta,Bongaigaon,1300.00,45000.00,59.13,206.96,43700.00,43493.05,1
Carrot,Carrot,Coochbehar,Bongaigaon,1400.00,45000.00,135.66,474.81,43600.00,43125.19,2
Carrot,Carrot,Kaithar,Bongaigaon,600.00,45000.00,395.24,1383.34,44400.00,43016.66,3
Carrot,Carrot,Dhubri,Bongaigaon,1800.00,45000.00,95.65,334.78,43200.00,42865.23,4
Carrot,Carrot,Goalpara,Bongaigaon,2000.00,45000.00,43.74,153.09,43000.00,42846.91,5
Carrot,Carrot,Darrang,Bongaigaon,1600.00,45000.00,182.90,640.15,43400.00,42759.85,6
Carrot,Carrot,Kokrajhar,Bongaigaon,2300.00,45000.00,37.39,130.87,42700.00,42569.14,7
Carrot,Carrot,Nagaon,Bongaigaon,1520.00,45000.00,264.44,925.54,43480.00,42554.46,8
Carrot,Carrot,Jalpaiguri,Bongaigaon,1800.00,45000.00,227.75,797.13,43200.00,42402.88,9
Carrot,Carrot,"Dakshin Dinajpur",Bongaigaon,1600.00,45000.00,291.99,1021.97,43400.00,42378.04,10
Carrot,Carrot,Cachar,Bongaigaon,1600.00,45000.00,368.20,1288.70,43400.00,42111.30,11
Carrot,Carrot,Kamrup,Bongaigaon,2500.00,45000.00,116.03,406.11,42500.00,42093.90,12
Carrot,Carrot,Kishanganj,Bongaigaon,1800.00,45000.00,330.53,1156.86,43200.00,42043.15,13
Carrot,Carrot,Purnea,Bongaigaon,1600.00,45000.00,397.35,1390.73,43400.00,42009.28,14
Carrot,Carrot,Alipurduar,Bongaigaon,2550.00,45000.00,128.31,449.09,42450.00,42000.92,15
Carrot,Carrot,Hojai,Bongaigaon,2200.00,45000.00,292.88,1025.08,42800.00,41774.92,16
Carrot,Carrot,Araria,Bongaigaon,1950.00,45000.00,389.15,1362.03,43050.00,41687.98,17
Carrot,Carrot,Madhepura,Bongaigaon,1700.00,45000.00,476.35,1667.23,43300.00,41632.78,18
Carrot,Carrot,Phek,Bongaigaon,1600.00,45000.00,511.05,1788.68,43400.00,41611.33,19
Carrot,Carrot,Samastipur,Bongaigaon,1300.00,45000.00,602.26,2107.91,43700.00,41592.09,20
Carrot,Carrot,Supaul,Bongaigaon,1800.00,45000.00,495.84,1735.44,43200.00,41464.56,21
Carrot,Carrot,Khowai,Bongaigaon,2300.00,45000.00,358.28,1253.98,42700.00,41446.02,22
Carrot,Carrot,Saharsa,Bongaigaon,1800.00,45000.00,501.94,1756.79,43200.00,41443.21,23
Carrot,Carrot,"East Champaran/ Motihari",Bongaigaon,1200.00,45000.00,702.78,2459.73,43800.00,41340.27,24
Carrot,Carrot,Golaghat,Bongaigaon,2200.00,45000.00,424.24,1484.84,42800.00,41315.16,25
Carrot,Carrot,Begusarai,Bongaigaon,1700.00,45000.00,572.56,2003.96,43300.00,41296.04,26
Carrot,Carrot,Sonitpur,Bongaigaon,2800.00,45000.00,270.60,947.10,42200.00,41252.90,27
Carrot,Carrot,Maharajganj,Bongaigaon,1150.00,45000.00,755.53,2644.36,43850.00,41205.65,28
Carrot,Carrot,Sitamarhi,Bongaigaon,1600.00,45000.00,628.18,2198.63,43400.00,41201.37,29
Carrot,Carrot,Jorhat,Bongaigaon,2350.00,45000.00,455.45,1594.08,42650.00,41055.93,30
Carrot,Carrot,Bhagalpur,Bongaigaon,2400.00,45000.00,480.46,1681.61,42600.00,40918.39,31
Carrot,Carrot,Garhwa,Bongaigaon,925.00,45000.00,907.85,3177.48,44075.00,40897.53,32
Carrot,Carrot,Luckeesarai,Bongaigaon,2050.00,45000.00,587.70,2056.95,42950.00,40893.05,33
Carrot,Carrot,Kushinagar,Bongaigaon,1222.50,45000.00,827.23,2895.31,43777.50,40882.20,34
Carrot,Carrot,Darbhanga,Bongaigaon,2100.00,45000.00,583.40,2041.90,42900.00,40858.10,35
Carrot,Carrot,Deoria,Bongaigaon,1210.00,45000.00,843.39,2951.87,43790.00,40838.14,36
Carrot,Carrot,Mau(Maunathbhanjan),Bongaigaon,1100.00,45000.00,875.95,3065.83,43900.00,40834.18,37
Carrot,Carrot,Ballia,Bongaigaon,1425.00,45000.00,805.98,2820.93,43575.00,40754.07,38
Carrot,Carrot,Dhemaji,Bongaigaon,2500.00,45000.00,514.96,1802.36,42500.00,40697.64,39
Carrot,Carrot,"West Chambaran",Bongaigaon,1700.00,45000.00,757.60,2651.60,43300.00,40648.40,40
Carrot,Carrot,Nalanda,Bongaigaon,2025.00,45000.00,665.98,2330.93,42975.00,40644.07,41
Carrot,Carrot,Siwan,Bongaigaon,1800.00,45000.00,772.96,2705.36,43200.00,40494.64,42
Carrot,Carrot,Sonbhadra,Bongaigaon,1100.00,45000.00,983.31,3441.59,43900.00,40458.42,43
Carrot,Carrot,Azamgarh,Bongaigaon,1375.00,45000.00,921.39,3224.87,43625.00,40400.14,44
Carrot,Carrot,Kaimur/Bhabhua,Bongaigaon,1500.00,45000.00,891.98,3121.93,43500.00,40378.07,45
Carrot,Carrot,"Siddharth Nagar",Bongaigaon,1287.50,45000.00,961.00,3363.50,43712.50,40349.00,46
Carrot,Carrot,Ghazipur,Bongaigaon,1615.00,45000.00,879.19,3077.17,43385.00,40307.84,47
Carrot,Carrot,Gorakhpur,Bongaigaon,1600.00,45000.00,893.00,3125.50,43400.00,40274.50,48
Carrot,Carrot,Howrah,Bongaigaon,2600.00,45000.00,611.45,2140.08,42400.00,40259.93,49
Carrot,Carrot,Chandauli,Bongaigaon,1537.50,45000.00,927.00,3244.50,43462.50,40218.00,50
Carrot,"New Kuroda","East Khasi Hills","West Jaintia Hills",5500.00,7000.00,60.31,211.09,1500.00,1288.92,1
Carrot,Other,Nalbari,"East Khasi Hills",1500.00,46000.00,153.10,535.85,44500.00,43964.15,1
Carrot,Other,Kamrup,"East Khasi Hills",2800.00,46000.00,112.48,393.68,43200.00,42806.32,2
Carrot,Other,Jalpaiguri,"East Khasi Hills",2200.00,46000.00,415.71,1454.99,43800.00,42345.02,3
Carrot,Other,"South West Garo Hills","East Khasi Hills",3000.00,46000.00,233.65,817.78,43000.00,42182.23,4
Carrot,Other,Hooghly,"East Khasi Hills",1900.00,46000.00,553.00,1935.50,44100.00,42164.50,5
Carrot,Other,"West Khasi Hills","East Khasi Hills",3600.00,46000.00,91.33,319.66,42400.00,42080.35,6
Carrot,Other,Madhepura,"East Khasi Hills",1800.00,46000.00,633.23,2216.31,44200.00,41983.70,7
Carrot,Other,Howrah,"East Khasi Hills",2000.00,46000.00,594.58,2081.03,44000.00,41918.97,8
Carrot,Other,Peren,"East Khasi Hills",3500.00,46000.00,227.69,796.92,42500.00,41703.09,9
Carrot,Other,Maharajganj,"East Khasi Hills",1100.00,46000.00,919.24,3217.34,44900.00,41682.66,10
Carrot,Other,"Dakshin Dinajpur","East Khasi Hills",2950.00,46000.00,406.88,1424.08,43050.00,41625.92,11
Carrot,Other,"South West Khasi Hills","East Khasi Hills",4250.00,46000.00,69.76,244.16,41750.00,41505.84,12
Carrot,Other,"South District","East Khasi Hills",3800.00,46000.00,309.31,1082.59,42200.00,41117.42,13
Carrot,Other,Balasore,"East Khasi Hills",2000.00,46000.00,825.18,2888.13,44000.00,41111.87,14
Carrot,Other,Buxar,"East Khasi Hills",1800.00,46000.00,983.90,3443.65,44200.00,40756.35,15
Carrot,Other,Kolkata,"East Khasi Hills",3200.00,46000.00,586.88,2054.08,42800.00,40745.92,16
Carrot,Other,Mahendragarh-Narnaul,"East Khasi Hills",1000.00,46000.00,1255.41,4393.94,45000.00,40606.07,17
Carrot,Other,Jhargram,"East Khasi Hills",3000.00,46000.00,735.06,2572.71,43000.00,40427.29,18
Carrot,Other,Gonda,"East Khasi Hills",1600.00,46000.00,1251.24,4379.34,44400.00,40020.66,19
Carrot,Other,"West Garo Hills","East Khasi Hills",5300.00,46000.00,205.94,720.79,40700.00,39979.21,20
Carrot,Other,Bilaspur,"East Khasi Hills",1900.00,46000.00,1313.11,4595.89,44100.00,39504.12,21
Carrot,Other,Damoh,"East Khasi Hills",1000.00,46000.00,1577.29,5520.52,45000.00,39479.49,22
Carrot,Other,Darjeeling,"East Khasi Hills",4800.00,46000.00,498.53,1744.86,41200.00,39455.15,23
Carrot,Other,Bhadrak,"East Khasi Hills",3400.00,46000.00,906.55,3172.93,42600.00,39427.08,24
Carrot,Other,Rampur,"East Khasi Hills",840.00,46000.00,1649.19,5772.17,45160.00,39387.84,25
Carrot,Other,Ganjam,"East Khasi Hills",2400.00,46000.00,1203.78,4213.23,43600.00,39386.77,26
Carrot,Other,Chhatarpur,"East Khasi Hills",1300.00,46000.00,1537.14,5379.99,44700.00,39320.01,27
Carrot,Other,Sepahijala,"East Khasi Hills",5800.00,46000.00,254.45,890.58,40200.00,39309.43,28
Carrot,Other,Raebarelli,"East Khasi Hills",1900.00,46000.00,1370.08,4795.28,44100.00,39304.72,29
Carrot,Other,Gomati,"East Khasi Hills",5950.00,46000.00,260.91,913.19,40050.00,39136.82,30
Carrot,Other,UdhamSinghNagar,"East Khasi Hills",1300.00,46000.00,1605.26,5618.41,44700.00,39081.59,31
Carrot,Other,Sagar,"East Khasi Hills",1100.00,46000.00,1664.86,5827.01,44900.00,39072.99,32
Carrot,Other,Nanital,"East Khasi Hills",1250.00,46000.00,1622.43,5678.51,44750.00,39071.50,33
Carrot,Other,Fatehabad,"East Khasi Hills",1000.00,46000.00,1699.23,5947.31,45000.00,39052.70,34
Carrot,Other,Sundergarh,"East Khasi Hills",3200.00,46000.00,1087.66,3806.81,42800.00,38993.19,35
Carrot,Other,Haridwar,"East Khasi Hills",800.00,46000.00,1794.29,6280.02,45200.00,38919.99,36
Carrot,Other,Katni,"East Khasi Hills",2000.00,46000.00,1458.49,5104.72,44000.00,38895.29,37
Carrot,Other,"Garhwal (Pauri)","East Khasi Hills",1100.00,46000.00,1736.60,6078.10,44900.00,38821.90,38
Carrot,Other,Angul,"East Khasi Hills",3500.00,46000.00,1065.36,3728.76,42500.00,38771.24,39
Carrot,Other,Shivpuri,"East Khasi Hills",1100.00,46000.00,1775.74,6215.09,44900.00,38684.91,40
Carrot,Other,Mewat,"East Khasi Hills",800.00,46000.00,1866.96,6534.36,45200.00,38665.64,41
Carrot,Other,Faridabad,"East Khasi Hills",900.00,46000.00,1843.91,6453.69,45100.00,38646.32,42
Carrot,Other,Bulandshahar,"East Khasi Hills",1150.00,46000.00,1779.39,6227.87,44850.00,38622.14,43
Carrot,Other,Keonjhar,"East Khasi Hills",4000.00,46000.00,969.18,3392.13,42000.00,38607.87,44
Carrot,Other,"West Jaintia Hills","East Khasi Hills",7250.00,46000.00,60.31,211.09,38750.00,38538.92,45
Carrot,Other,Dehradoon,"East Khasi Hills",1075.00,46000.00,1825.08,6387.78,44925.00,38537.22,46
Carrot,Other,Sheopur,"East Khasi Hills",850.00,46000.00,1894.50,6630.75,45150.00,38519.25,47
Carrot,Other,Panipat,"East Khasi Hills",800.00,46000.00,1912.28,6692.98,45200.00,38507.02,48
Carrot,Other,Amroha,"East Khasi Hills",1500.00,46000.00,1718.74,6015.59,44500.00,38484.41,49
Carrot,Other,Sonipat,"East Khasi Hills",1000.00,46000.00,1894.51,6630.79,45000.00,38369.22,50
Carrot,Pusakesar,Maharajganj,"East Khasi Hills",1225.00,8000.00,919.24,3217.34,6775.00,3557.66,1
Carrot,Pusakesar,Bellary,Salem,1750.00,7000.00,510.16,1785.56,5250.00,3464.44,2
Carrot,Pusakesar,Bellary,Kallakuruchi,1750.00,7000.00,547.14,1914.99,5250.00,3335.01,3
Carrot,Pusakesar,Maharajganj,"East Jaintia Hills",1225.00,8000.00,1003.68,3512.88,6775.00,3262.12,4
Carrot,Pusakesar,Bellary,Namakkal,1750.00,7000.00,570.50,1996.75,5250.00,3253.25,5
Carrot,Pusakesar,Hassan,Salem,2850.00,7000.00,334.15,1169.53,4150.00,2980.48,6
Carrot,Pusakesar,Bellary,Perambalur,1750.00,6800.00,604.71,2116.49,5050.00,2933.52,7
Carrot,Pusakesar,Maharajganj,"West Jaintia Hills",1225.00,7500.00,976.15,3416.53,6275.00,2858.48,8
Carrot,Pusakesar,Hassan,Namakkal,2850.00,7000.00,374.63,1311.21,4150.00,2838.80,9
Carrot,Pusakesar,Chikmagalur,Salem,2777.00,7000.00,396.10,1386.35,4223.00,2836.65,10
Carrot,Pusakesar,"Siddharth Nagar","East Khasi Hills",1265.00,8000.00,1144.85,4006.98,6735.00,2728.03,11
Carrot,Pusakesar,Chikmagalur,Namakkal,2777.00,7000.00,437.54,1531.39,4223.00,2691.61,12
Carrot,Pusakesar,Hassan,Kallakuruchi,2850.00,7000.00,425.95,1490.83,4150.00,2659.18,13
Carrot,Pusakesar,Chikmagalur,Kallakuruchi,2777.00,7000.00,485.34,1698.69,4223.00,2524.31,14
Carrot,Pusakesar,Bellary,Ariyalur,1750.00,6400.00,628.13,2198.46,4650.00,2451.55,15
Carrot,Pusakesar,"Siddharth Nagar","East Jaintia Hills",1265.00,8000.00,1229.24,4302.34,6735.00,2432.66,16
Carrot,Pusakesar,Bellary,Karur,1750.00,6250.00,601.84,2106.44,4500.00,2393.56,17
Carrot,Pusakesar,Hassan,Perambalur,2850.00,6800.00,450.83,1577.91,3950.00,2372.10,18
Carrot,Pusakesar,Bellary,Erode,1750.00,6000.00,539.15,1887.03,4250.00,2362.98,19
Carrot,Pusakesar,Bellary,Krishnagiri,1750.00,5500.00,402.38,1408.33,3750.00,2341.67,20
Carrot,Pusakesar,Bellary,Thanjavur,1750.00,6400.00,677.13,2369.96,4650.00,2280.05,21
Carrot,Pusakesar,Bellary,Pudukkottai,1750.00,6500.00,707.19,2475.17,4750.00,2274.84,22
Carrot,Pusakesar,Bellary,Thiruchirappalli,1750.00,6250.00,647.81,2267.34,4500.00,2232.67,23
Carrot,Pusakesar,Chikmagalur,Perambalur,2777.00,6800.00,512.61,1794.14,4023.00,2228.87,24
Carrot,Pusakesar,Bellary,Nagapattinam,1750.00,6500.00,723.60,2532.60,4750.00,2217.40,25
Carrot,Pusakesar,Bellary,Thiruvarur,1750.00,6400.00,710.36,2486.26,4650.00,2163.74,26
Carrot,Pusakesar,Bellary,Dharmapuri,1750.00,6000.00,601.74,2106.09,4250.00,2143.91,27
Carrot,Pusakesar,Bellary,Ranipet,1750.00,5500.00,459.20,1607.20,3750.00,2142.80,28
Carrot,Pusakesar,Raebarelli,"East Khasi Hills",1100.00,8000.00,1370.08,4795.28,6900.00,2104.72,29
Carrot,Pusakesar,Bellary,Villupuram,1750.00,5800.00,565.10,1977.85,4050.00,2072.15,30
Carrot,Pusakesar,"Siddharth Nagar","West Jaintia Hills",1265.00,7500.00,1198.79,4195.77,6235.00,2039.24,31
Carrot,Pusakesar,Hassan,Erode,2850.00,6000.00,318.88,1116.08,3150.00,2033.92,32
Carrot,Pusakesar,Hassan,Karur,2850.00,6250.00,390.98,1368.43,3400.00,2031.57,33
Carrot,Pusakesar,Bellary,Coimbatore,1750.00,5800.00,576.86,2019.01,4050.00,2030.99,34
Carrot,Pusakesar,Vellore,Kallakuruchi,4500.00,7000.00,164.25,574.88,2500.00,1925.13,35
Carrot,Pusakesar,Hassan,Coimbatore,2850.00,5800.00,303.39,1061.87,2950.00,1888.14,36
Carrot,Pusakesar,Chikmagalur,Erode,2777.00,6000.00,381.89,1336.62,3223.00,1886.39,37
Carrot,Pusakesar,Chikmagalur,Karur,2777.00,6250.00,454.00,1589.00,3473.00,1884.00,38
Carrot,Pusakesar,Bellary,Chengalpattu,1750.00,5500.00,536.03,1876.11,3750.00,1873.90,39
Carrot,Pusakesar,Bellary,Dindigul,1750.00,6000.00,679.46,2378.11,4250.00,1871.89,40
Carrot,Pusakesar,Bellary,Thirupur,1750.00,5600.00,566.06,1981.21,3850.00,1868.79,41
Carrot,Pusakesar,Hassan,Ariyalur,2850.00,6400.00,480.50,1681.75,3550.00,1868.25,42
Carrot,Pusakesar,Bellary,"Nagercoil (Kannyiakumari)",1750.00,7000.00,969.69,3393.92,5250.00,1856.09,43
Carrot,Pusakesar,Hassan,Pudukkottai,2850.00,6500.00,515.39,1803.87,3650.00,1846.14,44
Carrot,Pusakesar,Raebarelli,"East Jaintia Hills",1100.00,8000.00,1454.64,5091.24,6900.00,1808.76,45
Carrot,Pusakesar,"The Nilgiris",Salem,4500.00,7000.00,207.68,726.88,2500.00,1773.12,46
Carrot,Pusakesar,Hassan,Thiruchirappalli,2850.00,6250.00,465.54,1629.39,3400.00,1770.61,47
Carrot,Pusakesar,Bellary,Thiruvannamalai,1750.00,5250.00,496.75,1738.63,3500.00,1761.38,48
Carrot,Pusakesar,"The Nilgiris",Namakkal,4500.00,7000.00,211.16,739.06,2500.00,1760.94,49
Carrot,Pusakesar,Chikmagalur,Coimbatore,2777.00,5800.00,362.58,1269.03,3023.00,1753.97,50
Cauliflower,"African Sarson","West Chambaran",Sheohar,750.00,9000.00,132.34,727.87,8250.00,7522.13,1
Cauliflower,"African Sarson",Sitamarhi,Sheohar,1600.00,9000.00,29.04,159.72,7400.00,7240.28,2
Cauliflower,"African Sarson",Muzaffarpur,Sheohar,1500.00,9000.00,48.79,268.35,7500.00,7231.66,3
Cauliflower,"African Sarson",Supaul,Sheohar,1000.00,9000.00,171.98,945.89,8000.00,7054.11,4
Cauliflower,"African Sarson",Chhapra,Sheohar,1300.00,9000.00,120.95,665.23,7700.00,7034.78,5
Cauliflower,"African Sarson",Samastipur,Sheohar,1500.00,9000.00,109.08,599.94,7500.00,6900.06,6
Cauliflower,"African Sarson",Siwan,Sheohar,1500.00,9000.00,122.64,674.52,7500.00,6825.48,7
Cauliflower,"African Sarson",Ballia,Sheohar,1215.00,9000.00,176.36,969.98,7785.00,6815.02,8
Cauliflower,"African Sarson","East Champaran/ Motihari",Sheohar,2000.00,9000.00,49.25,270.88,7000.00,6729.13,9
Cauliflower,"African Sarson",Saharsa,Sheohar,1325.00,9000.00,184.26,1013.43,7675.00,6661.57,10
Cauliflower,"African Sarson",Sheikhpura,Sheohar,1250.00,9000.00,203.34,1118.37,7750.00,6631.63,11
Cauliflower,"African Sarson",Ambedkarnagar,Sheohar,720.00,9000.00,326.24,1794.32,8280.00,6485.68,12
Cauliflower,"African Sarson",Jehanabad,Sheohar,1500.00,9000.00,184.55,1015.03,7500.00,6484.98,13
Cauliflower,"African Sarson",Nalanda,Sheohar,1500.00,9000.00,192.85,1060.68,7500.00,6439.33,14
Cauliflower,"African Sarson",Madhepura,Sheohar,1500.00,9000.00,204.23,1123.27,7500.00,6376.74,15
Cauliflower,"African Sarson",Kaimur/Bhabhua,Sheohar,1025.00,9000.00,292.21,1607.16,7975.00,6367.85,16
Cauliflower,"African Sarson",Nawada,Sheohar,1400.00,9000.00,227.34,1250.37,7600.00,6349.63,17
Cauliflower,"African Sarson",Vaishali,Sheohar,2250.00,9000.00,75.56,415.58,6750.00,6334.42,18
Cauliflower,"African Sarson",Araria,Sheohar,1200.00,9000.00,275.45,1514.98,7800.00,6285.03,19
Cauliflower,"African Sarson",Begusarai,Sheohar,1800.00,9000.00,184.31,1013.71,7200.00,6186.30,20
Cauliflower,"African Sarson",Jamui,Sheohar,1500.00,9000.00,250.39,1377.15,7500.00,6122.86,21
Cauliflower,"African Sarson",Munghair,Sheohar,1800.00,9000.00,215.45,1184.98,7200.00,6015.03,22
Cauliflower,"African Sarson",Bhojpur,Sheohar,2100.00,9000.00,172.26,947.43,6900.00,5952.57,23
Cauliflower,"African Sarson",Rohtas,Sheohar,1400.00,9000.00,300.23,1651.27,7600.00,5948.74,24
Cauliflower,"African Sarson",Jalore,Mehsana,800.00,8027.00,245.45,1349.98,7227.00,5877.03,25
Cauliflower,"African Sarson",Purnea,Sheohar,1600.00,9000.00,290.30,1596.65,7400.00,5803.35,26
Cauliflower,"African Sarson","Bhadohi(Sant Ravi Nagar)",Sheohar,1240.00,9000.00,373.88,2056.34,7760.00,5703.66,27
Cauliflower,"African Sarson",Singroli,Sheohar,800.00,9000.00,459.74,2528.57,8200.00,5671.43,28
Cauliflower,"African Sarson",Gaya,Sheohar,2000.00,9000.00,243.38,1338.59,7000.00,5661.41,29
Cauliflower,"African Sarson",Madhubani,Sheohar,2500.00,9000.00,156.99,863.45,6500.00,5636.56,30
Cauliflower,"African Sarson",Khagaria,Sheohar,2250.00,9000.00,202.60,1114.30,6750.00,5635.70,31
Cauliflower,"African Sarson",Buxar,Sheohar,2300.00,9000.00,210.34,1156.87,6700.00,5543.13,32
Cauliflower,"African Sarson",Kishanganj,Sheohar,1620.00,9000.00,335.06,1842.83,7380.00,5537.17,33
Cauliflower,"African Sarson",Chhindwara,Adilabad,650.00,8000.00,336.24,1849.32,7350.00,5500.68,34
Cauliflower,"African Sarson",Luckeesarai,Sheohar,2500.00,9000.00,211.44,1162.92,6500.00,5337.08,35
Cauliflower,"African Sarson",Darbhanga,Sheohar,3225.00,9000.00,89.18,490.49,5775.00,5284.51,36
Cauliflower,"African Sarson",Kaithar,Sheohar,2200.00,9000.00,315.06,1732.83,6800.00,5067.17,37
Cauliflower,"African Sarson",Seoni,Adilabad,1050.00,8000.00,361.03,1985.67,6950.00,4964.34,38
Cauliflower,"African Sarson",Khandwa,Adilabad,800.00,8000.00,410.58,2258.19,7200.00,4941.81,39
Cauliflower,"African Sarson",Anupur,Sheohar,600.00,9000.00,653.49,3594.20,8400.00,4805.81,40
Cauliflower,"African Sarson",Gopalgang,Sheohar,3650.00,9000.00,105.89,582.40,5350.00,4767.61,41
Cauliflower,"African Sarson",Hyderabad,Adilabad,1500.00,8000.00,317.04,1743.72,6500.00,4756.28,42
Cauliflower,"African Sarson",Lakhimpur,Sheohar,1080.00,9000.00,592.19,3257.05,7920.00,4662.96,43
Cauliflower,"African Sarson","Medchal Malkajgiri",Adilabad,1750.00,8000.00,294.68,1620.74,6250.00,4629.26,44
Cauliflower,"African Sarson",Mandsaur,Mehsana,1500.00,8027.00,349.43,1921.87,6527.00,4605.14,45
Cauliflower,"African Sarson",Medinipur(W),Sheohar,1000.00,9000.00,622.50,3423.75,8000.00,4576.25,46
Cauliflower,"African Sarson",Betul,Adilabad,1700.00,8000.00,320.91,1765.01,6300.00,4535.00,47
Cauliflower,"African Sarson","Khiri (Lakhimpur)",Sheohar,1270.00,9000.00,592.19,3257.05,7730.00,4472.96,48
Cauliflower,"African Sarson",Dhar,Mehsana,1375.00,8027.00,399.54,2197.47,6652.00,4454.53,49
Cauliflower,"African Sarson",Hoshangabad,Adilabad,1200.00,8000.00,440.78,2424.29,6800.00,4375.71,50
Cauliflower,Cauliflower,Barpeta,Bongaigaon,1300.00,28000.00,59.13,325.22,26700.00,26374.79,1
Cauliflower,Cauliflower,Goalpara,Bongaigaon,1500.00,28000.00,43.74,240.57,26500.00,26259.43,2
Cauliflower,Cauliflower,Dhubri,Bongaigaon,1400.00,28000.00,95.65,526.08,26600.00,26073.93,3
Cauliflower,Cauliflower,Coochbehar,Bongaigaon,1200.00,28000.00,135.66,746.13,26800.00,26053.87,4
Cauliflower,Cauliflower,Nalbari,Bongaigaon,1400.00,28000.00,109.59,602.75,26600.00,25997.26,5
Cauliflower,Cauliflower,Kokrajhar,Bongaigaon,1800.00,28000.00,37.39,205.65,26200.00,25994.36,6
Cauliflower,Cauliflower,Alipurduar,Bongaigaon,1500.00,28000.00,128.31,705.71,26500.00,25794.30,7
Cauliflower,Cauliflower,Darrang,Bongaigaon,1300.00,28000.00,182.90,1005.95,26700.00,25694.05,8
Cauliflower,Cauliflower,Kamrup,Bongaigaon,1800.00,28000.00,116.03,638.17,26200.00,25561.84,9
Cauliflower,Cauliflower,MORIGAON,Bongaigaon,1300.00,28000.00,223.78,1230.79,26700.00,25469.21,10
Cauliflower,Cauliflower,Sonitpur,Bongaigaon,1200.00,28000.00,270.60,1488.30,26800.00,25311.70,11
Cauliflower,Cauliflower,"West Garo Hills",Bongaigaon,2000.00,28000.00,125.56,690.58,26000.00,25309.42,12
Cauliflower,Cauliflower,Jalpaiguri,Bongaigaon,1500.00,28000.00,227.75,1252.63,26500.00,25247.38,13
Cauliflower,Cauliflower,Nagaon,Bongaigaon,1300.00,28000.00,264.44,1454.42,26700.00,25245.58,14
Cauliflower,Cauliflower,Karimganj,Bongaigaon,1500.00,28000.00,319.46,1757.03,26500.00,24742.97,15
Cauliflower,Cauliflower,"Karbi Anglong",Bongaigaon,1500.00,28000.00,372.31,2047.71,26500.00,24452.30,16
Cauliflower,Cauliflower,Cachar,Bongaigaon,1600.00,28000.00,368.20,2025.10,26400.00,24374.90,17
Cauliflower,Cauliflower,Jorhat,Bongaigaon,1200.00,28000.00,455.45,2504.98,26800.00,24295.03,18
Cauliflower,Cauliflower,Kaithar,Bongaigaon,1550.00,28000.00,395.24,2173.82,26450.00,24276.18,19
Cauliflower,Cauliflower,Golaghat,Bongaigaon,1600.00,28000.00,424.24,2333.32,26400.00,24066.68,20
Cauliflower,Cauliflower,Hailakandi,Bongaigaon,2000.00,28000.00,354.11,1947.61,26000.00,24052.40,21
Cauliflower,Cauliflower,Saharsa,Bongaigaon,1250.00,28000.00,501.94,2760.67,26750.00,23989.33,22
Cauliflower,Cauliflower,Supaul,Bongaigaon,1300.00,28000.00,495.84,2727.12,26700.00,23972.88,23
Cauliflower,Cauliflower,Banka,Bongaigaon,1300.00,28000.00,506.06,2783.33,26700.00,23916.67,24
Cauliflower,Cauliflower,Nadia,Bongaigaon,1500.00,28000.00,489.81,2693.96,26500.00,23806.05,25
Cauliflower,Cauliflower,Hojai,Bongaigaon,2600.00,28000.00,292.88,1610.84,25400.00,23789.16,26
Cauliflower,Cauliflower,Unokoti,Bongaigaon,2700.00,28000.00,366.21,2014.16,25300.00,23285.85,27
Cauliflower,Cauliflower,Dhalai,Bongaigaon,2500.00,28000.00,404.14,2222.77,25500.00,23277.23,28
Cauliflower,Cauliflower,Begusarai,Bongaigaon,1600.00,28000.00,572.56,3149.08,26400.00,23250.92,29
Cauliflower,Cauliflower,Bhagalpur,Bongaigaon,2200.00,28000.00,480.46,2642.53,25800.00,23157.47,30
Cauliflower,Cauliflower,"North Tripura",Bongaigaon,2900.00,28000.00,389.24,2140.82,25100.00,22959.18,31
Cauliflower,Cauliflower,Sepahijala,Bongaigaon,2900.00,28000.00,409.48,2252.14,25100.00,22847.86,32
Cauliflower,Cauliflower,Dimapur,Bongaigaon,3000.00,28000.00,401.73,2209.52,25000.00,22790.49,33
Cauliflower,Cauliflower,Jehanabad,Bongaigaon,1300.00,28000.00,718.39,3951.15,26700.00,22748.86,34
Cauliflower,Cauliflower,Dhemaji,Bongaigaon,2500.00,28000.00,514.96,2832.28,25500.00,22667.72,35
Cauliflower,Cauliflower,Tinsukia,Bongaigaon,2000.00,28000.00,611.18,3361.49,26000.00,22638.51,36
Cauliflower,Cauliflower,Saran,Bongaigaon,1400.00,28000.00,721.14,3966.27,26600.00,22633.73,37
Cauliflower,Cauliflower,Medinipur(W),Bongaigaon,1600.00,28000.00,695.18,3823.49,26400.00,22576.51,38
Cauliflower,Cauliflower,Maharajganj,Bongaigaon,1300.00,28000.00,755.53,4155.42,26700.00,22544.59,39
Cauliflower,Cauliflower,"South District",Bongaigaon,2900.00,28000.00,478.48,2631.64,25100.00,22468.36,40
Cauliflower,Cauliflower,Tsemenyu,Bongaigaon,3000.00,28000.00,461.58,2538.69,25000.00,22461.31,41
Cauliflower,Cauliflower,Khowai,Bongaigaon,3600.00,28000.00,358.28,1970.54,24400.00,22429.46,42
Cauliflower,Cauliflower,"South Tripura",Bongaigaon,3000.00,28000.00,472.36,2597.98,25000.00,22402.02,43
Cauliflower,Cauliflower,Gaya,Bongaigaon,1600.00,28000.00,736.43,4050.37,26400.00,22349.64,44
Cauliflower,Cauliflower,Sibsagar,Bongaigaon,2900.00,28000.00,511.43,2812.87,25100.00,22287.14,45
Cauliflower,Cauliflower,Patna,Bongaigaon,2000.00,28000.00,687.56,3781.58,26000.00,22218.42,46
Cauliflower,Cauliflower,Kushinagar,Bongaigaon,1270.00,28000.00,827.23,4549.77,26730.00,22180.24,47
Cauliflower,Cauliflower,"West District",Bongaigaon,3800.00,28000.00,369.49,2032.20,24200.00,22167.81,48
Cauliflower,Cauliflower,Siwan,Bongaigaon,1600.00,28000.00,772.96,4251.28,26400.00,22148.72,49
Cauliflower,Cauliflower,Deoria,Bongaigaon,1225.00,28000.00,843.39,4638.65,26775.00,22136.36,50
Cauliflower,Local,Darrang,"Nongpoh (R-Bhoi)",1400.00,6000.00,81.40,447.70,4600.00,4152.30,1
Cauliflower,Local,Nalbari,"Nongpoh (R-Bhoi)",1700.00,6000.00,92.99,511.45,4300.00,3788.56,2
Cauliflower,Local,Sonitpur,"Nongpoh (R-Bhoi)",1650.00,6000.00,160.15,880.83,4350.00,3469.18,3
Cauliflower,Local,Darrang,"West Khasi Hills",1400.00,5500.00,169.86,934.23,4100.00,3165.77,4
Cauliflower,Local,Nalbari,"West Khasi Hills",1700.00,5500.00,127.76,702.68,3800.00,3097.32,5
Cauliflower,Local,"West Garo Hills","South Garo Hills",2200.00,5500.00,66.13,363.72,3300.00,2936.29,6
Cauliflower,Local,Darrang,"South Garo Hills",1400.00,5500.00,242.63,1334.47,4100.00,2765.54,7
Cauliflower,Local,Nalbari,"South Garo Hills",1700.00,5500.00,190.35,1046.93,3800.00,2753.08,8
Cauliflower,Local,Unokoti,"Nongpoh (R-Bhoi)",2000.00,6000.00,237.15,1304.33,4000.00,2695.68,9
Cauliflower,Local,"West Garo Hills","West Khasi Hills",2200.00,5500.00,115.63,635.97,3300.00,2664.04,10
Cauliflower,Local,"West Garo Hills","Nongpoh (R-Bhoi)",2200.00,6000.00,214.85,1181.68,3800.00,2618.33,11
Cauliflower,Local,"Dakshin Dinajpur","South Garo Hills",1500.00,5500.00,252.64,1389.52,4000.00,2610.48,12
Cauliflower,Local,Sonitpur,"West Khasi Hills",1650.00,5500.00,260.99,1435.45,3850.00,2414.56,13
Cauliflower,Local,"South West Garo Hills","South Garo Hills",2650.00,5500.00,81.48,448.14,2850.00,2401.86,14
Cauliflower,Local,Darrang,"South West Khasi Hills",1400.00,4750.00,186.60,1026.30,3350.00,2323.70,15
Cauliflower,Local,Unokoti,"West Khasi Hills",2000.00,5500.00,223.63,1229.97,3500.00,2270.04,16
Cauliflower,Local,"Dakshin Dinajpur","West Khasi Hills",1500.00,5500.00,319.94,1759.67,4000.00,2240.33,17
Cauliflower,Local,Gomati,Sepahijala,1975.00,4400.00,39.01,214.56,2425.00,2210.45,18
Cauliflower,Local,Gomati,"Nongpoh (R-Bhoi)",1975.00,6000.00,332.31,1827.71,4025.00,2197.30,19
Cauliflower,Local,Nalbari,"South West Khasi Hills",1700.00,4750.00,157.29,865.10,3050.00,2184.91,20
Cauliflower,Local,"Dakshin Dinajpur","Nongpoh (R-Bhoi)",1500.00,6000.00,421.26,2316.93,4500.00,2183.07,21
Cauliflower,Local,Unokoti,"South Garo Hills",2000.00,5500.00,240.34,1321.87,3500.00,2178.13,22
Cauliflower,Local,Darrang,"East Jaintia Hills",1400.00,4500.00,175.64,966.02,3100.00,2133.98,23
Cauliflower,Local,Darrang,"East Khasi Hills",1400.00,4300.00,152.61,839.36,2900.00,2060.65,24
Cauliflower,Local,Gajapati,Rayagada,1400.00,4000.00,98.46,541.53,2600.00,2058.47,25
Cauliflower,Local,"South West Garo Hills","West Khasi Hills",2650.00,5500.00,146.46,805.53,2850.00,2044.47,26
Cauliflower,Local,Jalpaiguri,"South Garo Hills",1900.00,5500.00,285.96,1572.78,3600.00,2027.22,27
Cauliflower,Local,Hooghly,"South Garo Hills",1100.00,5500.00,433.30,2383.15,4400.00,2016.85,28
Cauliflower,Local,Sonitpur,"South Garo Hills",1650.00,5500.00,335.40,1844.70,3850.00,2005.30,29
Cauliflower,Local,"South West Garo Hills","Nongpoh (R-Bhoi)",2650.00,6000.00,249.73,1373.52,3350.00,1976.49,30
Cauliflower,Local,Gomati,"South Garo Hills",1975.00,5500.00,282.06,1551.33,3525.00,1973.67,31
Cauliflower,Local,Shamli,Kurukshetra,770.00,3250.00,94.48,519.64,2480.00,1960.36,32
Cauliflower,Local,Gomati,"West Khasi Hills",1975.00,5500.00,292.43,1608.37,3525.00,1916.64,33
Cauliflower,Local,Jalpaiguri,"Nongpoh (R-Bhoi)",1900.00,6000.00,402.14,2211.77,4100.00,1888.23,34
Cauliflower,Local,Una,Kangra,750.00,3000.00,72.63,399.47,2250.00,1850.54,35
Cauliflower,Local,Darrang,"West Jaintia Hills",1400.00,4000.00,141.10,776.05,2600.00,1823.95,36
Cauliflower,Local,Gajapati,Boudh,1400.00,4500.00,233.06,1281.83,3100.00,1818.17,37
Cauliflower,Local,Jalpaiguri,"West Khasi Hills",1900.00,5500.00,325.21,1788.66,3600.00,1811.35,38
Cauliflower,Local,Patiala,Kurukshetra,1050.00,3250.00,73.76,405.68,2200.00,1794.32,39
Cauliflower,Local,"West Garo Hills","South West Khasi Hills",2200.00,4750.00,141.01,775.56,2550.00,1774.45,40
Cauliflower,Local,Nalbari,"East Khasi Hills",1700.00,4300.00,153.10,842.05,2600.00,1757.95,41
Cauliflower,Local,Ambala,Kurukshetra,1200.00,3250.00,54.33,298.82,2050.00,1751.19,42
Cauliflower,Local,Unokoti,"South West Khasi Hills",2000.00,4750.00,184.19,1013.05,2750.00,1736.96,43
Cauliflower,Local,Unokoti,Sepahijala,2000.00,4400.00,120.99,665.45,2400.00,1734.56,44
Cauliflower,Local,"North Tripura","Nongpoh (R-Bhoi)",2900.00,6000.00,253.61,1394.86,3100.00,1705.15,45
Cauliflower,Local,Nadia,"South Garo Hills",1800.00,5500.00,365.24,2008.82,3700.00,1691.18,46
Cauliflower,Local,Khowai,"Nongpoh (R-Bhoi)",2900.00,6000.00,256.79,1412.35,3100.00,1687.66,47
Cauliflower,Local,Sonitpur,"East Jaintia Hills",1650.00,4500.00,212.01,1166.06,2850.00,1683.95,48
Cauliflower,Local,Nalbari,"East Jaintia Hills",1700.00,4500.00,207.46,1141.03,2800.00,1658.97,49
Cauliflower,Local,Unokoti,"East Jaintia Hills",2000.00,4500.00,158.33,870.82,2500.00,1629.19,50
Cauliflower,Other,"North and Middle Andaman",Nicobar,6000.00,18000.00,678.21,3730.16,12000.00,8269.85,1
Cauliflower,Other,"North Tripura",Dhalai,2500.00,11000.00,50.70,278.85,8500.00,8221.15,2
Cauliflower,Other,Unokoti,Dhalai,3000.00,11000.00,51.95,285.73,8000.00,7714.28,3
Cauliflower,Other,Coochbehar,Dhalai,1200.00,11000.00,464.58,2555.19,9800.00,7244.81,4
Cauliflower,Other,Kamrup,Dhalai,2000.00,11000.00,322.50,1773.75,9000.00,7226.25,5
Cauliflower,Other,Khowai,Dhalai,3500.00,11000.00,52.71,289.91,7500.00,7210.10,6
Cauliflower,Other,Nadia,Dhalai,1500.00,11000.00,437.18,2404.49,9500.00,7095.51,7
Cauliflower,Other,Peren,Dhalai,2500.00,11000.00,314.31,1728.71,8500.00,6771.30,8
Cauliflower,Other,Sepahijala,Dhalai,3800.00,11000.00,81.60,448.80,7200.00,6751.20,9
Cauliflower,Other,Gomati,Dhalai,3950.00,11000.00,58.63,322.47,7050.00,6727.54,10
Cauliflower,Other,"Imphal West",Dhalai,2750.00,11000.00,277.66,1527.13,8250.00,6722.87,11
Cauliflower,Other,Alipurduar,Dhalai,1700.00,11000.00,479.44,2636.92,9300.00,6663.08,12
Cauliflower,Other,"South District",Dhalai,4000.00,11000.00,100.19,551.05,7000.00,6448.96,13
Cauliflower,Other,"Dakshin Dinajpur",Dhalai,2000.00,11000.00,474.86,2611.73,9000.00,6388.27,14
Cauliflower,Other,Jalpaiguri,Dhalai,1600.00,11000.00,548.38,3016.09,9400.00,6383.91,15
Cauliflower,Other,Sonitpur,Dhalai,2600.00,11000.00,420.23,2311.27,8400.00,6088.74,16
Cauliflower,Other,"West Khasi Hills",Dhalai,3500.00,11000.00,261.80,1439.90,7500.00,6060.10,17
Cauliflower,Other,"West District",Dhalai,4600.00,11000.00,69.53,382.42,6400.00,6017.59,18
Cauliflower,Other,Kolkata,Dhalai,2300.00,11000.00,487.83,2683.07,8700.00,6016.94,19
Cauliflower,Other,Dimapur,Dhalai,3000.00,11000.00,365.68,2011.24,8000.00,5988.76,20
Cauliflower,Other,"South West Garo Hills",Dhalai,3250.00,11000.00,335.61,1845.86,7750.00,5904.15,21
Cauliflower,Other,Hojai,Dhalai,3500.00,11000.00,321.84,1770.12,7500.00,5729.88,22
Cauliflower,Other,Jhargram,Dhalai,1750.00,11000.00,658.99,3624.45,9250.00,5625.56,23
Cauliflower,Other,Malda,Dhalai,2600.00,11000.00,505.66,2781.13,8400.00,5618.87,24
Cauliflower,Other,"South West Khasi Hills",Dhalai,4250.00,11000.00,222.46,1223.53,6750.00,5526.47,25
Cauliflower,Other,"South Andaman",Nicobar,10000.00,18000.00,501.89,2760.40,8000.00,5239.61,26
Cauliflower,Other,Nawada,Dhalai,1300.00,11000.00,822.04,4521.22,9700.00,5178.78,27
Cauliflower,Other,"South Garo Hills",Dhalai,4500.00,11000.00,266.20,1464.10,6500.00,5035.90,28
Cauliflower,Other,Phek,Dhalai,3700.00,11000.00,415.51,2285.31,7300.00,5014.70,29
Cauliflower,Other,Balasore,Dhalai,2200.00,11000.00,720.10,3960.55,8800.00,4839.45,30
Cauliflower,Other,Puri,Nicobar,2500.00,18000.00,1938.86,10663.73,15500.00,4836.27,31
Cauliflower,Other,"North Tripura","South Tripura",2500.00,8000.00,148.60,817.30,5500.00,4682.70,32
Cauliflower,Other,Gajapati,Nicobar,2400.00,18000.00,1999.16,10995.38,15600.00,4604.62,33
Cauliflower,Other,Kendrapara,Nicobar,2500.00,18000.00,1982.11,10901.61,15500.00,4598.40,34
Cauliflower,Other,Puruliya,Dhalai,2500.00,11000.00,711.74,3914.57,8500.00,4585.43,35
Cauliflower,Other,Jhargram,Bishnupur,1750.00,6750.00,93.64,515.02,5000.00,4484.98,36
Cauliflower,Other,Jehanabad,Dhalai,1600.00,11000.00,897.89,4938.40,9400.00,4461.61,37
Cauliflower,Other,Balasore,Nicobar,2200.00,18000.00,2073.34,11403.37,15800.00,4396.63,38
Cauliflower,Other,Mokokchung,Dhalai,4000.00,11000.00,473.59,2604.75,7000.00,4395.26,39
Cauliflower,Other,Kaimur/Bhabhua,Dhalai,750.00,11000.00,1065.93,5862.62,10250.00,4387.39,40
Cauliflower,Other,Nadia,Bishnupur,1500.00,6750.00,164.68,905.74,5250.00,4344.26,41
Cauliflower,Other,Nadia,"South Tripura",1500.00,8000.00,392.33,2157.82,6500.00,4342.19,42
Cauliflower,Other,Khurda,Nicobar,2800.00,18000.00,1987.45,10930.98,15200.00,4269.03,43
Cauliflower,Other,Jhargram,Nicobar,1750.00,18000.00,2188.35,12035.93,16250.00,4214.08,44
Cauliflower,Other,Unokoti,"South Tripura",3000.00,8000.00,150.83,829.57,5000.00,4170.44,45
Cauliflower,Other,Nadia,Nicobar,1500.00,18000.00,2250.34,12376.87,16500.00,4123.13,46
Cauliflower,Other,"East Champaran/ Motihari",Dhalai,1600.00,11000.00,962.79,5295.35,9400.00,4104.66,47
Cauliflower,Other,Coochbehar,"South Tripura",1200.00,8000.00,510.58,2808.19,6800.00,3991.81,48
Cauliflower,Other,"South District","South Tripura",4000.00,8000.00,8.73,48.02,4000.00,3951.99,49
Cauliflower,Other,Kolkata,Nicobar,2300.00,18000.00,2138.03,11759.17,15700.00,3940.84,50
Cauliflower,Ranchi,Villupuram,Thiruvarur,2750.00,5400.00,163.74,900.57,2650.00,1749.43,1
Cauliflower,Ranchi,Thirupathur,Ramanathapuram,2750.00,5100.00,109.31,601.21,2350.00,1748.80,2
Cauliflower,Ranchi,Thirupathur,Thiruvarur,2750.00,5400.00,169.19,930.55,2650.00,1719.46,3
Cauliflower,Ranchi,Kallakuruchi,Thiruvarur,3000.00,5400.00,163.61,899.86,2400.00,1500.15,4
Cauliflower,Ranchi,Thirupathur,Pudukkottai,2750.00,4500.00,46.80,257.40,1750.00,1492.60,5
Cauliflower,Ranchi,Madurai,Ramanathapuram,3000.00,5100.00,125.68,691.24,2100.00,1408.76,6
Cauliflower,Ranchi,Thirupathur,Thanjavur,2750.00,4800.00,116.89,642.90,2050.00,1407.11,7
Cauliflower,Ranchi,Sivaganga,Ramanathapuram,3250.00,5100.00,83.30,458.15,1850.00,1391.85,8
Cauliflower,Ranchi,Salem,Thiruvarur,2750.00,5400.00,238.56,1312.08,2650.00,1337.92,9
Cauliflower,Ranchi,Villupuram,Nagapattinam,2750.00,5000.00,167.76,922.68,2250.00,1327.32,10
Cauliflower,Ranchi,Namakkal,Thiruvarur,3000.00,5400.00,210.10,1155.55,2400.00,1244.45,11
Cauliflower,Ranchi,Vellore,Thiruvarur,2500.00,5400.00,305.43,1679.87,2900.00,1220.14,12
Cauliflower,Ranchi,Thiruvannamalai,Thiruvarur,3000.00,5400.00,218.58,1202.19,2400.00,1197.81,13
Cauliflower,Ranchi,Ariyalur,Thiruvarur,3700.00,5400.00,92.11,506.61,1700.00,1193.40,14
Cauliflower,Ranchi,Thirupathur,Nagapattinam,2750.00,5000.00,193.39,1063.65,2250.00,1186.36,15
Cauliflower,Ranchi,Theni,Ramanathapuram,2800.00,5100.00,207.09,1139.00,2300.00,1161.01,16
Cauliflower,Ranchi,Cuddalore,Thiruvarur,3500.00,5400.00,137.19,754.55,1900.00,1145.46,17
Cauliflower,Ranchi,Villupuram,Thanjavur,2750.00,4800.00,170.26,936.43,2050.00,1113.57,18
Cauliflower,Ranchi,Madurai,Thiruvarur,3000.00,5400.00,239.06,1314.83,2400.00,1085.17,19
Cauliflower,Ranchi,Kallakuruchi,Thanjavur,3000.00,4800.00,136.80,752.40,1800.00,1047.60,20
Cauliflower,Ranchi,Salem,Thanjavur,2750.00,4800.00,183.03,1006.67,2050.00,1043.34,21
Cauliflower,Ranchi,Sivaganga,Thiruvarur,3250.00,5400.00,202.69,1114.80,2150.00,1035.21,22
Cauliflower,Ranchi,Kallakuruchi,Nagapattinam,3000.00,5000.00,179.43,986.87,2000.00,1013.14,23
Cauliflower,Ranchi,Namakkal,Thanjavur,3000.00,4800.00,145.15,798.33,1800.00,1001.68,24
Cauliflower,Ranchi,Chengalpattu,Thiruvarur,3000.00,5400.00,269.48,1482.14,2400.00,917.86,25
Cauliflower,Ranchi,Erode,Thiruvarur,3000.00,5400.00,273.64,1505.02,2400.00,894.98,26
Cauliflower,Ranchi,Vellore,Thiruvellore,2500.00,4000.00,110.36,606.98,1500.00,893.02,27
Cauliflower,Ranchi,Theni,Tenkasi,2800.00,4500.00,147.79,812.85,1700.00,887.16,28
Cauliflower,Ranchi,Madurai,Pudukkottai,3000.00,4500.00,112.56,619.08,1500.00,880.92,29
Cauliflower,Ranchi,Theni,Thiruvarur,2800.00,5400.00,313.63,1724.97,2600.00,875.04,30
Cauliflower,Ranchi,Kancheepuram,Thiruvarur,3000.00,5400.00,285.05,1567.78,2400.00,832.23,31
Cauliflower,Ranchi,Ariyalur,Thanjavur,3700.00,4800.00,51.88,285.34,1100.00,814.66,32
Cauliflower,Ranchi,Salem,Nagapattinam,2750.00,5000.00,261.51,1438.31,2250.00,811.70,33
Cauliflower,Ranchi,Madurai,Thanjavur,3000.00,4800.00,181.74,999.57,1800.00,800.43,34
Cauliflower,Ranchi,Vellore,Nagapattinam,2500.00,5000.00,311.41,1712.76,2500.00,787.25,35
Cauliflower,Ranchi,Sivaganga,Pudukkottai,3250.00,4500.00,85.55,470.53,1250.00,779.48,36
Cauliflower,Ranchi,Cuddalore,Nagapattinam,3500.00,5000.00,135.26,743.93,1500.00,756.07,37
Cauliflower,Ranchi,Vellore,Ranipet,2500.00,3500.00,46.40,255.20,1000.00,744.80,38
Cauliflower,Ranchi,Thiruvannamalai,Nagapattinam,3000.00,5000.00,228.43,1256.37,2000.00,743.64,39
Cauliflower,Ranchi,Perambalur,Thiruvarur,4000.00,5400.00,121.83,670.07,1400.00,729.94,40
Cauliflower,Ranchi,Namakkal,Pudukkottai,3000.00,4500.00,143.09,787.00,1500.00,713.01,41
Cauliflower,Ranchi,Thirupathur,Thiruchirappalli,2750.00,4000.00,98.08,539.44,1250.00,710.56,42
Cauliflower,Ranchi,Kancheepuram,Thiruvellore,3000.00,4000.00,52.80,290.40,1000.00,709.60,43
Cauliflower,Ranchi,Namakkal,Nagapattinam,3000.00,5000.00,235.93,1297.62,2000.00,702.39,44
Cauliflower,Ranchi,Thirupathur,Tuticorin,2750.00,4500.00,190.94,1050.17,1750.00,699.83,45
Cauliflower,Ranchi,Sivaganga,Thanjavur,3250.00,4800.00,154.95,852.23,1550.00,697.78,46
Cauliflower,Ranchi,Thirupur,Coimbatore,3000.00,4000.00,54.99,302.45,1000.00,697.56,47
Cauliflower,Ranchi,Thiruchirappalli,Thiruvarur,4000.00,5400.00,129.83,714.07,1400.00,685.94,48
Cauliflower,Ranchi,Krishnagiri,Thiruvarur,3000.00,5400.00,312.63,1719.47,2400.00,680.54,49
Cauliflower,Ranchi,Thiruvannamalai,Thanjavur,3000.00,4800.00,204.49,1124.70,1800.00,675.31,50
Chilli,"Green Chilly",Barpeta,Bongaigaon,2800.00,53000.00,59.13,206.96,50200.00,49993.05,1
Chilli,"Green Chilly",Goalpara,Bongaigaon,3000.00,53000.00,43.74,153.09,50000.00,49846.91,2
Chilli,"Green Chilly",Dhubri,Bongaigaon,3000.00,53000.00,95.65,334.78,50000.00,49665.23,3
Chilli,"Green Chilly",Nagaon,Bongaigaon,2800.00,53000.00,264.44,925.54,50200.00,49274.46,4
Chilli,"Green Chilly",Nalbari,Bongaigaon,3600.00,53000.00,109.59,383.57,49400.00,49016.44,5
Chilli,"Green Chilly",MORIGAON,Bongaigaon,3400.00,53000.00,223.78,783.23,49600.00,48816.77,6
Chilli,"Green Chilly",Sonitpur,Bongaigaon,3400.00,53000.00,270.60,947.10,49600.00,48652.90,7
Chilli,"Green Chilly",Saharsa,Bongaigaon,2600.00,53000.00,501.94,1756.79,50400.00,48643.21,8
Chilli,"Green Chilly",Araria,Bongaigaon,3000.00,53000.00,389.15,1362.03,50000.00,48637.98,9
Chilli,"Green Chilly",Kokrajhar,Bongaigaon,4300.00,53000.00,37.39,130.87,48700.00,48569.14,10
Chilli,"Green Chilly",Luckeesarai,Bongaigaon,2450.00,53000.00,587.70,2056.95,50550.00,48493.05,11
Chilli,"Green Chilly",Kamrup,Bongaigaon,4200.00,53000.00,116.03,406.11,48800.00,48393.90,12
Chilli,"Green Chilly",Kishanganj,Bongaigaon,3450.00,53000.00,330.53,1156.86,49550.00,48393.15,13
Chilli,"Green Chilly",Kaithar,Bongaigaon,3300.00,53000.00,395.24,1383.34,49700.00,48316.66,14
Chilli,"Green Chilly",Purnea,Bongaigaon,3300.00,53000.00,397.35,1390.73,49700.00,48309.28,15
Chilli,"Green Chilly",Samastipur,Bongaigaon,2600.00,53000.00,602.26,2107.91,50400.00,48292.09,16
Chilli,"Green Chilly",Koria,Bongaigaon,1000.00,53000.00,1099.30,3847.55,52000.00,48152.45,17
Chilli,"Green Chilly",Mon,Bongaigaon,2975.00,53000.00,556.63,1948.21,50025.00,48076.80,18
Chilli,"Green Chilly",Maharajganj,Bongaigaon,2300.00,53000.00,755.53,2644.36,50700.00,48055.65,19
Chilli,"Green Chilly",Alipurduar,Bongaigaon,4500.00,53000.00,128.31,449.09,48500.00,48050.92,20
Chilli,"Green Chilly","Karbi Anglong",Bongaigaon,3700.00,53000.00,372.31,1303.09,49300.00,47996.92,21
Chilli,"Green Chilly",Bhagalpur,Bongaigaon,3350.00,53000.00,480.46,1681.61,49650.00,47968.39,22
Chilli,"Green Chilly",Coochbehar,Bongaigaon,4575.00,53000.00,135.66,474.81,48425.00,47950.19,23
Chilli,"Green Chilly","Sant Kabir Nagar",Bongaigaon,2000.00,53000.00,937.76,3282.16,51000.00,47717.84,24
Chilli,"Green Chilly",Golaghat,Bongaigaon,3800.00,53000.00,424.24,1484.84,49200.00,47715.16,25
Chilli,"Green Chilly",Cachar,Bongaigaon,4000.00,53000.00,368.20,1288.70,49000.00,47711.30,26
Chilli,"Green Chilly",Jorhat,Bongaigaon,3700.00,53000.00,455.45,1594.08,49300.00,47705.93,27
Chilli,"Green Chilly",Supaul,Bongaigaon,3600.00,53000.00,495.84,1735.44,49400.00,47664.56,28
Chilli,"Green Chilly",Khagaria,Bongaigaon,3500.00,53000.00,528.10,1848.35,49500.00,47651.65,29
Chilli,"Green Chilly",Kushinagar,Bongaigaon,2475.00,53000.00,827.23,2895.31,50525.00,47629.70,30
Chilli,"Green Chilly",Kaimur/Bhabhua,Bongaigaon,2300.00,53000.00,891.98,3121.93,50700.00,47578.07,31
Chilli,"Green Chilly","East Champaran/ Motihari",Bongaigaon,3000.00,53000.00,702.78,2459.73,50000.00,47540.27,32
Chilli,"Green Chilly",Siwan,Bongaigaon,2800.00,53000.00,772.96,2705.36,50200.00,47494.64,33
Chilli,"Green Chilly",Jamui,Bongaigaon,3500.00,53000.00,583.51,2042.29,49500.00,47457.72,34
Chilli,"Green Chilly",Begusarai,Bongaigaon,3600.00,53000.00,572.56,2003.96,49400.00,47396.04,35
Chilli,"Green Chilly",Darrang,Bongaigaon,5000.00,53000.00,182.90,640.15,48000.00,47359.85,36
Chilli,"Green Chilly",Mau(Maunathbhanjan),Bongaigaon,2580.00,53000.00,875.95,3065.83,50420.00,47354.18,37
Chilli,"Green Chilly",Ghazipur,Bongaigaon,2600.00,53000.00,879.19,3077.17,50400.00,47322.84,38
Chilli,"Green Chilly",Deoria,Bongaigaon,2800.00,53000.00,843.39,2951.87,50200.00,47248.14,39
Chilli,"Green Chilly",Ballia,Bongaigaon,2975.00,53000.00,805.98,2820.93,50025.00,47204.07,40
Chilli,"Green Chilly",Nalanda,Bongaigaon,3480.00,53000.00,665.98,2330.93,49520.00,47189.07,41
Chilli,"Green Chilly",Gorakhpur,Bongaigaon,2700.00,53000.00,893.00,3125.50,50300.00,47174.50,42
Chilli,"Green Chilly",Jalpaiguri,Bongaigaon,5100.00,53000.00,227.75,797.13,47900.00,47102.88,43
Chilli,"Green Chilly",Nawada,Bongaigaon,3600.00,53000.00,666.01,2331.04,49400.00,47068.97,44
Chilli,"Green Chilly",Anupur,Bongaigaon,1700.00,53000.00,1210.63,4237.21,51300.00,47062.80,45
Chilli,"Green Chilly",Sonbhadra,Bongaigaon,2515.00,53000.00,983.31,3441.59,50485.00,47043.42,46
Chilli,"Green Chilly",Rewa,Bongaigaon,1800.00,53000.00,1192.26,4172.91,51200.00,47027.09,47
Chilli,"Green Chilly",Hojai,Bongaigaon,5000.00,53000.00,292.88,1025.08,48000.00,46974.92,48
Chilli,"Green Chilly","West Chambaran",Bongaigaon,3400.00,53000.00,757.60,2651.60,49600.00,46948.40,49
Chilli,"Green Chilly",Gopalgang,Bongaigaon,3400.00,53000.00,761.40,2664.90,49600.00,46935.10,50
Chilli,Other,Puri,Nicobar,3000.00,35000.00,1938.86,6786.01,32000.00,25213.99,1
Chilli,Other,Gajapati,Nicobar,2900.00,35000.00,1999.16,6997.06,32100.00,25102.94,2
Chilli,Other,Malkangiri,Nicobar,2500.00,35000.00,2129.31,7452.59,32500.00,25047.42,3
Chilli,Other,Rayagada,Nicobar,2780.00,35000.00,2064.36,7225.26,32220.00,24994.74,4
Chilli,Other,Raigarh,Nicobar,2000.00,35000.00,2358.94,8256.29,33000.00,24743.71,5
Chilli,Other,Chandauli,Nicobar,1200.00,35000.00,2755.60,9644.60,33800.00,24155.40,6
Chilli,Other,Ghazipur,Nicobar,1295.76,35000.00,2773.44,9707.04,33704.24,23997.20,7
Chilli,Other,Nalgonda,Nicobar,3000.00,35000.00,2303.01,8060.54,32000.00,23939.47,8
Chilli,Other,Hyderabad,Nicobar,2600.00,35000.00,2417.65,8461.78,32400.00,23938.23,9
Chilli,Other,"Ranga Reddy",Nicobar,2750.00,35000.00,2406.94,8424.29,32250.00,23825.71,10
Chilli,Other,Chitrakut,Nicobar,1000.00,35000.00,2916.93,10209.26,34000.00,23790.75,11
Chilli,Other,Varanasi,Nicobar,1500.00,35000.00,2781.64,9735.74,33500.00,23764.26,12
Chilli,Other,Bhagalpur,Nicobar,2427.50,35000.00,2547.76,8917.16,32572.50,23655.34,13
Chilli,Other,Singroli,Nicobar,2000.00,35000.00,2672.80,9354.80,33000.00,23645.20,14
Chilli,Other,Chandrapur,Nicobar,2500.00,35000.00,2533.60,8867.60,32500.00,23632.40,15
Chilli,Other,Koraput,Nicobar,4100.00,35000.00,2092.41,7323.44,30900.00,23576.57,16
Chilli,Other,"Medchal Malkajgiri",Nicobar,3000.00,35000.00,2418.91,8466.19,32000.00,23533.82,17
Chilli,Other,Mahendragarh-Narnaul,Nicobar,2500.00,35000.00,2597.04,9089.64,32500.00,23410.36,18
Chilli,Other,Ganjam,Nicobar,4800.00,35000.00,1950.20,6825.70,30200.00,23374.30,19
Chilli,Other,Karimnagar,Nicobar,3200.00,35000.00,2423.46,8482.11,31800.00,23317.89,20
Chilli,Other,Mirzapur,Nicobar,2000.00,35000.00,2787.25,9755.38,33000.00,23244.63,21
Chilli,Other,Sangareddy,Nicobar,3200.00,35000.00,2479.13,8676.96,31800.00,23123.05,22
Chilli,Other,Medak,Nicobar,3200.00,35000.00,2488.15,8708.53,31800.00,23091.48,23
Chilli,Other,Mau(Maunathbhanjan),Nicobar,2050.00,35000.00,2818.74,9865.59,32950.00,23084.41,24
Chilli,Other,Jaunpur,Nicobar,2015.61,35000.00,2852.40,9983.40,32984.39,23000.99,25
Chilli,Other,Ballia,Nicobar,2350.00,35000.00,2761.16,9664.06,32650.00,22985.94,26
Chilli,Other,Wayanad,Nicobar,3500.00,35000.00,2438.60,8535.10,31500.00,22964.90,27
Chilli,Other,Jajpur,Nicobar,5000.00,35000.00,2024.73,7086.56,30000.00,22913.45,28
Chilli,Other,Damoh,Nicobar,2000.00,35000.00,2889.58,10113.53,33000.00,22886.47,29
Chilli,Other,"West Khasi Hills",Nicobar,3500.00,35000.00,2462.54,8618.89,31500.00,22881.11,30
Chilli,Other,Kushinagar,Nicobar,2000.00,35000.00,2896.75,10138.63,33000.00,22861.38,31
Chilli,Other,"Purba Bardhaman",Nicobar,4300.00,35000.00,2259.54,7908.39,30700.00,22791.61,32
Chilli,Other,Khandwa,Nicobar,1800.00,35000.00,2984.78,10446.73,33200.00,22753.27,33
Chilli,Other,"North 24 Parganas",Nicobar,4800.00,35000.00,2141.74,7496.09,30200.00,22703.91,34
Chilli,Other,Sonbhadra,Nicobar,3000.00,35000.00,2670.81,9347.84,32000.00,22652.17,35
Chilli,Other,Amethi,Nicobar,2000.00,35000.00,2959.20,10357.20,33000.00,22642.80,36
Chilli,Other,Bhopal,Nicobar,1800.00,35000.00,3016.80,10558.80,33200.00,22641.20,37
Chilli,Other,Burhanpur,Nicobar,2000.00,35000.00,2963.75,10373.13,33000.00,22626.88,38
Chilli,Other,Angul,Nicobar,5000.00,35000.00,2111.20,7389.20,30000.00,22610.80,39
Chilli,Other,Ashoknagar,Nicobar,1500.00,35000.00,3113.86,10898.51,33500.00,22601.49,40
Chilli,Other,Shivpuri,Nicobar,1200.00,35000.00,3203.60,11212.60,33800.00,22587.40,41
Chilli,Other,Sambalpur,Nicobar,4500.00,35000.00,2265.74,7930.09,30500.00,22569.91,42
Chilli,Other,Kolkata,Nicobar,5000.00,35000.00,2138.03,7483.11,30000.00,22516.90,43
Chilli,Other,Kaushambi,Nicobar,2300.00,35000.00,2911.20,10189.20,32700.00,22510.80,44
Chilli,Other,Dewas,Nicobar,1600.00,35000.00,3121.74,10926.09,33400.00,22473.91,45
Chilli,Other,Sagar,Nicobar,2200.00,35000.00,2950.75,10327.63,32800.00,22472.38,46
Chilli,Other,Rajgarh,Nicobar,1500.00,35000.00,3150.95,11028.33,33500.00,22471.68,47
Chilli,Other,Khargone,Nicobar,1800.00,35000.00,3070.03,10745.11,33200.00,22454.90,48
Chilli,Other,Prayagraj,Nicobar,2500.00,35000.00,2873.45,10057.08,32500.00,22442.93,49
Chilli,Other,Deoria,Nicobar,2500.00,35000.00,2873.63,10057.71,32500.00,22442.30,50
Cucumber,Cucumbar,Chamrajnagar,Namakkal,1100.00,7500.00,192.53,673.86,6400.00,5726.15,1
Cucumber,Cucumbar,Chittor,Namakkal,750.00,7500.00,303.53,1062.36,6750.00,5687.65,2
Cucumber,Cucumbar,Chamarajanagar,Namakkal,1200.00,7500.00,176.43,617.51,6300.00,5682.50,3
Cucumber,Cucumbar,Mandya,Namakkal,1000.00,7500.00,251.93,881.76,6500.00,5618.25,4
Cucumber,Cucumbar,Kolar,Namakkal,1000.00,7500.00,266.93,934.26,6500.00,5565.75,5
Cucumber,Cucumbar,Chikkaballapur,Namakkal,820.00,7500.00,331.08,1158.78,6680.00,5521.22,6
Cucumber,Cucumbar,Barpeta,Darrang,1600.00,7500.00,130.16,455.56,5900.00,5444.44,7
Cucumber,Cucumbar,Mysore,Namakkal,1383.00,7500.00,255.29,893.52,6117.00,5223.49,8
Cucumber,Cucumbar,Bangalore,Namakkal,1400.00,7500.00,257.01,899.54,6100.00,5200.47,9
Cucumber,Cucumbar,"Bengaluru South",Namakkal,1650.00,7500.00,238.38,834.33,5850.00,5015.67,10
Cucumber,Cucumbar,Phek,Darrang,1350.00,7500.00,334.65,1171.28,6150.00,4978.73,11
Cucumber,Cucumbar,Kamrup,Darrang,2200.00,7500.00,93.10,325.85,5300.00,4974.15,12
Cucumber,Cucumbar,Hojai,Darrang,2150.00,7500.00,121.33,424.66,5350.00,4925.35,13
Cucumber,Cucumbar,Karimganj,Darrang,1800.00,7500.00,228.04,798.14,5700.00,4901.86,14
Cucumber,Cucumbar,Wayanad,Namakkal,1600.00,7500.00,291.41,1019.94,5900.00,4880.07,15
Cucumber,Cucumbar,Goalpara,Darrang,2100.00,7500.00,180.88,633.08,5400.00,4766.92,16
Cucumber,Cucumbar,"East Khasi Hills",Darrang,2200.00,7500.00,152.61,534.14,5300.00,4765.87,17
Cucumber,Cucumbar,Nagaon,Darrang,2450.00,7500.00,82.61,289.14,5050.00,4760.87,18
Cucumber,Cucumbar,"Mangalore(Dakshin Kannad)",Namakkal,1000.00,7500.00,507.51,1776.29,6500.00,4723.72,19
Cucumber,Cucumbar,Wokha,Darrang,1800.00,7500.00,282.89,990.12,5700.00,4709.89,20
Cucumber,Cucumbar,Mysuru,Namakkal,1900.00,7500.00,256.38,897.33,5600.00,4702.67,21
Cucumber,Cucumbar,Coochbehar,Darrang,1700.00,7500.00,317.96,1112.86,5800.00,4687.14,22
Cucumber,Cucumbar,Theni,Namakkal,2200.00,7500.00,192.80,674.80,5300.00,4625.20,23
Cucumber,Cucumbar,Krishnagiri,Namakkal,2250.00,7500.00,182.16,637.56,5250.00,4612.44,24
Cucumber,Cucumbar,Malappuram,Namakkal,1900.00,7500.00,286.13,1001.46,5600.00,4598.55,25
Cucumber,Cucumbar,Palakad,Namakkal,2200.00,7500.00,214.91,752.19,5300.00,4547.82,26
Cucumber,Cucumbar,Chittor,Kallakuruchi,750.00,6000.00,205.08,717.78,5250.00,4532.22,27
Cucumber,Cucumbar,Chikmagalur,Namakkal,1440.00,7500.00,437.54,1531.39,6060.00,4528.61,28
Cucumber,Cucumbar,"West Jaintia Hills",Darrang,2500.00,7500.00,141.10,493.85,5000.00,4506.15,29
Cucumber,Cucumbar,"Bengaluru Rural",Namakkal,2000.00,7500.00,289.69,1013.92,5500.00,4486.09,30
Cucumber,Cucumbar,Chikkamagaluru,Namakkal,1455.00,7500.00,459.00,1606.50,6045.00,4438.50,31
Cucumber,Cucumbar,Mokokchung,Darrang,2000.00,7500.00,309.46,1083.11,5500.00,4416.89,32
Cucumber,Cucumbar,Purnea,Darrang,1100.00,7500.00,577.05,2019.68,6400.00,4380.33,33
Cucumber,Cucumbar,Kozhikode(Calicut),Namakkal,2000.00,7500.00,325.88,1140.58,5500.00,4359.42,34
Cucumber,Cucumbar,Dhubri,Darrang,2300.00,7500.00,263.98,923.93,5200.00,4276.07,35
Cucumber,Cucumbar,Kolar,Kallakuruchi,1000.00,6000.00,224.85,786.98,5000.00,4213.03,36
Cucumber,Cucumbar,Bengaluru,Namakkal,2400.00,7500.00,257.01,899.54,5100.00,4200.47,37
Cucumber,Cucumbar,Hassan,Namakkal,2000.00,7500.00,374.63,1311.21,5500.00,4188.80,38
Cucumber,Cucumbar,Udupi,Namakkal,1400.00,7500.00,551.19,1929.17,6100.00,4170.84,39
Cucumber,Cucumbar,Golaghat,Darrang,2500.00,7500.00,241.40,844.90,5000.00,4155.10,40
Cucumber,Cucumbar,Idukki,Namakkal,2500.00,7500.00,244.54,855.89,5000.00,4144.11,41
Cucumber,Cucumbar,Chikkaballapur,Kallakuruchi,820.00,6000.00,297.45,1041.08,5180.00,4138.93,42
Cucumber,Cucumbar,Ernakulam,Namakkal,2500.00,7500.00,272.16,952.56,5000.00,4047.44,43
Cucumber,Cucumbar,Chittor,Thiruvarur,750.00,6000.00,347.29,1215.52,5250.00,4034.49,44
Cucumber,Cucumbar,Erode,Namakkal,3250.00,7500.00,63.56,222.46,4250.00,4027.54,45
Cucumber,Cucumbar,Thirssur,Namakkal,2500.00,7500.00,285.16,998.06,5000.00,4001.94,46
Cucumber,Cucumbar,Chamrajnagar,Dindigul,1100.00,6000.00,257.61,901.64,4900.00,3998.37,47
Cucumber,Cucumbar,Kaithar,Darrang,1500.00,7500.00,571.91,2001.69,6000.00,3998.32,48
Cucumber,Cucumbar,Cachar,Darrang,2625.00,7500.00,252.58,884.03,4875.00,3990.97,49
Cucumber,Cucumbar,Alappuzha,Namakkal,2300.00,7500.00,347.05,1214.68,5200.00,3985.33,50
Cucumber,Cucumber-Organic,Wokha,Tsemenyu,2315.00,3000.00,24.44,85.54,685.00,599.46,1
Cucumber,Cucumber-Organic,Kamrup,Goalpara,2800.00,3200.00,97.58,341.53,400.00,58.47,2
Cucumber,Malini,"East Khasi Hills","West Jaintia Hills",1100.00,2250.00,60.31,211.09,1150.00,938.92,1
Cucumber,Other,"Lower Subansiri",Tuensang,1200.00,9000.00,224.66,786.31,7800.00,7013.69,1
Cucumber,Other,"Lower Subansiri",Mokokchung,1200.00,8000.00,194.65,681.28,6800.00,6118.73,2
Cucumber,Other,Nagaon,Tuensang,2150.00,9000.00,265.95,930.83,6850.00,5919.18,3
Cucumber,Other,Tinsukia,Tuensang,2500.00,9000.00,187.94,657.79,6500.00,5842.21,4
Cucumber,Other,"South Andaman",Nicobar,5000.00,12500.00,501.89,1756.62,7500.00,5743.39,5
Cucumber,Other,Mon,Tuensang,3300.00,9000.00,73.40,256.90,5700.00,5443.10,6
Cucumber,Other,Zunheboto,Tuensang,3450.00,9000.00,45.53,159.36,5550.00,5390.65,7
Cucumber,Other,Peren,Tuensang,3100.00,9000.00,180.13,630.46,5900.00,5269.55,8
Cucumber,Other,Nalbari,Tuensang,2400.00,9000.00,420.80,1472.80,6600.00,5127.20,9
Cucumber,Other,Nagaon,Mokokchung,2150.00,8000.00,228.00,798.00,5850.00,5052.00,10
Cucumber,Other,Dimapur,Tuensang,3500.00,9000.00,143.18,501.13,5500.00,4998.87,11
Cucumber,Other,Barpeta,Tuensang,2500.00,9000.00,474.99,1662.47,6500.00,4837.54,12
Cucumber,Other,Tinsukia,Mokokchung,2500.00,8000.00,193.76,678.16,5500.00,4821.84,13
Cucumber,Other,Coochbehar,Tuensang,1900.00,9000.00,664.36,2325.26,7100.00,4774.74,14
Cucumber,Other,Wokha,Tuensang,4000.00,9000.00,71.33,249.66,5000.00,4750.35,15
Cucumber,Other,"Nongpoh (R-Bhoi)",Tuensang,3000.00,9000.00,368.69,1290.42,6000.00,4709.59,16
Cucumber,Other,"East Khasi Hills",Tuensang,3000.00,9000.00,393.11,1375.89,6000.00,4624.12,17
Cucumber,Other,"North Tripura",Tuensang,2950.00,9000.00,441.15,1544.03,6050.00,4505.98,18
Cucumber,Other,Unokoti,Tuensang,3000.00,9000.00,448.24,1568.84,6000.00,4431.16,19
Cucumber,Other,Zunheboto,Mokokchung,3450.00,8000.00,41.78,146.23,4550.00,4403.77,20
Cucumber,Other,Mon,Mokokchung,3300.00,8000.00,85.29,298.52,4700.00,4401.49,21
Cucumber,Other,"West Khasi Hills",Tuensang,3000.00,9000.00,471.61,1650.64,6000.00,4349.37,22
Cucumber,Other,Jalpaiguri,Tuensang,2000.00,9000.00,758.11,2653.39,7000.00,4346.62,23
Cucumber,Other,Peren,Mokokchung,3100.00,8000.00,159.29,557.52,4900.00,4342.49,24
Cucumber,Other,"Lower Subansiri",Phek,1200.00,6500.00,282.20,987.70,5300.00,4312.30,25
Cucumber,Other,Nalbari,Mokokchung,2400.00,8000.00,382.63,1339.21,5600.00,4260.80,26
Cucumber,Other,Bhagalpur,Tuensang,1300.00,9000.00,991.06,3468.71,7700.00,4231.29,27
Cucumber,Other,Dimapur,Mokokchung,3500.00,8000.00,113.88,398.58,4500.00,4101.42,28
Cucumber,Other,Longleng,Tuensang,4850.00,9000.00,36.16,126.56,4150.00,4023.44,29
Cucumber,Other,Barpeta,Mokokchung,2500.00,8000.00,437.30,1530.55,5500.00,3969.45,30
Cucumber,Other,"Lower Subansiri",Khowai,1200.00,7100.00,556.49,1947.72,5900.00,3952.29,31
Cucumber,Other,Coochbehar,Mokokchung,1900.00,8000.00,626.58,2193.03,6100.00,3906.97,32
Cucumber,Other,Unokoti,Khowai,3000.00,7100.00,58.66,205.31,4100.00,3894.69,33
Cucumber,Other,"North Tripura",Khowai,2950.00,7100.00,77.51,271.29,4150.00,3878.72,34
Cucumber,Other,Koraput,Nicobar,1300.00,12500.00,2092.41,7323.44,11200.00,3876.57,35
Cucumber,Other,"East Jaintia Hills",Tuensang,4000.00,9000.00,321.90,1126.65,5000.00,3873.35,36
Cucumber,Other,Wokha,Mokokchung,4000.00,8000.00,44.65,156.28,4000.00,3843.73,37
Cucumber,Other,"Nongpoh (R-Bhoi)",Mokokchung,3000.00,8000.00,333.39,1166.87,5000.00,3833.14,38
Cucumber,Other,Coochbehar,Khowai,1900.00,7100.00,413.05,1445.68,5200.00,3754.33,39
Cucumber,Other,Nagaon,Khowai,2150.00,7100.00,344.78,1206.73,4950.00,3743.27,40
Cucumber,Other,"East Khasi Hills",Mokokchung,3000.00,8000.00,361.60,1265.60,5000.00,3734.40,41
Cucumber,Other,Bhagalpur,Khowai,1300.00,7100.00,607.01,2124.54,5800.00,3675.47,42
Cucumber,Other,"North Tripura",Mokokchung,2950.00,8000.00,422.91,1480.19,5050.00,3569.82,43
Cucumber,Other,Nalbari,Khowai,2400.00,7100.00,330.03,1155.11,4700.00,3544.90,44
Cucumber,Other,Unokoti,Mokokchung,3000.00,8000.00,428.03,1498.11,5000.00,3501.90,45
Cucumber,Other,Jalpaiguri,Mokokchung,2000.00,8000.00,719.95,2519.83,6000.00,3480.18,46
Cucumber,Other,Barpeta,Khowai,2500.00,7100.00,320.36,1121.26,4600.00,3478.74,47
Cucumber,Other,"West Khasi Hills",Mokokchung,3000.00,8000.00,437.54,1531.39,5000.00,3468.61,48
Cucumber,Other,Nagaon,Phek,2150.00,6500.00,253.06,885.71,4350.00,3464.29,49
Cucumber,Other,"East Khasi Hills",Khowai,3000.00,7100.00,185.38,648.83,4100.00,3451.17,50
Garlic,Average,Aurangabad,Thiruvananthapuram,1400.00,110040.00,1593.56,5577.46,108640.00,103062.54,1
Garlic,Average,Hyderabad,Thiruvananthapuram,5000.00,110040.00,1251.29,4379.52,105040.00,100660.49,2
Garlic,Average,Jhabua,Thiruvananthapuram,2800.00,110040.00,2006.70,7023.45,107240.00,100216.55,3
Garlic,Average,Hoshangabad,Thiruvananthapuram,3000.00,110040.00,1982.01,6937.04,107040.00,100102.97,4
Garlic,Average,Sehore,Thiruvananthapuram,3150.00,110040.00,2041.89,7146.62,106890.00,99743.39,5
Garlic,Average,Anupur,Thiruvananthapuram,3000.00,110040.00,2127.09,7444.82,107040.00,99595.19,6
Garlic,Average,Dhar,Thiruvananthapuram,3550.50,110040.00,1970.78,6897.73,106489.50,99591.77,7
Garlic,Average,"Kanpur Dehat",Thiruvananthapuram,1750.00,110040.00,2521.54,8825.39,108290.00,99464.61,8
Garlic,Average,Surajpur,Thiruvananthapuram,3102.00,110040.00,2190.18,7665.63,106938.00,99272.37,9
Garlic,Average,Betul,Thiruvananthapuram,4500.00,110040.00,1865.46,6529.11,105540.00,99010.89,10
Garlic,Average,Ajmer,Thiruvananthapuram,2300.00,110040.00,2515.00,8802.50,107740.00,98937.50,11
Garlic,Average,Raipur,Thiruvananthapuram,4650.00,110040.00,1877.24,6570.34,105390.00,98819.66,12
Garlic,Average,Nawada,Thiruvananthapuram,2350.00,110040.00,2545.53,8909.36,107690.00,98780.65,13
Garlic,Average,Jhunjunu,Thiruvananthapuram,1750.00,110040.00,2734.61,9571.14,108290.00,98718.87,14
Garlic,Average,Gaya,Thiruvananthapuram,2600.00,110040.00,2500.10,8750.35,107440.00,98689.65,15
Garlic,Average,Maharajganj,Thiruvananthapuram,2300.00,110040.00,2642.04,9247.14,107740.00,98492.86,16
Garlic,Average,Damoh,Thiruvananthapuram,4100.00,110040.00,2156.35,7547.23,105940.00,98392.78,17
Garlic,Average,"East Champaran/ Motihari",Thiruvananthapuram,2200.00,110040.00,2725.74,9540.09,107840.00,98299.91,18
Garlic,Average,Siwan,Thiruvananthapuram,2500.00,110040.00,2648.69,9270.42,107540.00,98269.59,19
Garlic,Average,Rajgarh,Thiruvananthapuram,4230.00,110040.00,2154.60,7541.10,105810.00,98268.90,20
Garlic,Average,Mandsaur,Thiruvananthapuram,4250.00,110040.00,2177.13,7619.96,105790.00,98170.05,21
Garlic,Average,Shajapur,Thiruvananthapuram,4731.00,110040.00,2074.31,7260.09,105309.00,98048.92,22
Garlic,Average,Mirzapur,Thiruvananthapuram,3520.00,110040.00,2427.04,8494.64,106520.00,98025.36,23
Garlic,Average,Kaimur/Bhabhua,Thiruvananthapuram,3450.00,110040.00,2462.45,8618.58,106590.00,97971.43,24
Garlic,Average,"West Chambaran",Thiruvananthapuram,2500.00,110040.00,2774.66,9711.31,107540.00,97828.69,25
Garlic,Average,Madhepura,Thiruvananthapuram,2700.00,110040.00,2746.86,9614.01,107340.00,97725.99,26
Garlic,Average,Amreli,Thiruvananthapuram,5425.00,110040.00,1975.78,6915.23,104615.00,97699.77,27
Garlic,Average,Bhagalpur,Thiruvananthapuram,3000.00,110040.00,2677.13,9369.96,107040.00,97670.05,28
Garlic,Average,Ariyalur,Thiruvananthapuram,10800.00,110040.00,467.66,1636.81,99240.00,97603.19,29
Garlic,Average,Pali,Thiruvananthapuram,3900.00,110040.00,2446.54,8562.89,106140.00,97577.11,30
Garlic,Average,"Garhwal (Pauri)",Thiruvananthapuram,2100.00,110040.00,3026.83,10593.91,107940.00,97346.10,31
Garlic,Average,Bahraich,Thiruvananthapuram,3210.00,110040.00,2720.06,9520.21,106830.00,97309.79,32
Garlic,Average,Jhunjhunu,Thiruvananthapuram,5000.00,110040.00,2237.48,7831.18,105040.00,97208.82,33
Garlic,Average,Indore,Thiruvananthapuram,5900.00,110040.00,1980.35,6931.23,104140.00,97208.78,34
Garlic,Average,Tonk,Thiruvananthapuram,4250.00,110040.00,2458.01,8603.04,105790.00,97186.97,35
Garlic,Average,Etawah,Thiruvananthapuram,3985.00,110040.00,2554.01,8939.04,106055.00,97115.97,36
Garlic,Average,Araria,Thiruvananthapuram,3100.00,110040.00,2814.69,9851.42,106940.00,97088.59,37
Garlic,Average,Ghazipur,Thiruvananthapuram,4100.00,110040.00,2529.91,8854.69,105940.00,97085.32,38
Garlic,Average,Sagar,Thiruvananthapuram,5485.00,110040.00,2144.04,7504.14,104555.00,97050.86,39
Garlic,Average,Fatehpur,Thiruvananthapuram,3750.00,110040.00,2653.74,9288.09,106290.00,97001.91,40
Garlic,Average,Malappuram,Thiruvananthapuram,11750.00,110040.00,371.30,1299.55,98290.00,96990.45,41
Garlic,Average,Hapur,Thiruvananthapuram,3220.00,110040.00,2812.55,9843.93,106820.00,96976.08,42
Garlic,Average,Dehradoon,Thiruvananthapuram,2500.00,110040.00,3034.70,10621.45,107540.00,96918.55,43
Garlic,Average,Ambala,Thiruvananthapuram,2500.00,110040.00,3037.08,10629.78,107540.00,96910.22,44
Garlic,Average,Chhindwara,Thiruvananthapuram,6475.00,110040.00,1902.06,6657.21,103565.00,96907.79,45
Garlic,Average,Ujjain,Thiruvananthapuram,6000.00,110040.00,2044.89,7157.12,104040.00,96882.89,46
Garlic,Average,Bharuch,Thiruvananthapuram,6500.00,110040.00,1907.43,6676.01,103540.00,96864.00,47
Garlic,Average,Sanchore,Thiruvananthapuram,5000.00,110040.00,2359.46,8258.11,105040.00,96781.89,48
Garlic,Average,"Khiri (Lakhimpur)",Thiruvananthapuram,3650.00,110040.00,2748.35,9619.23,106390.00,96770.78,49
Garlic,Average,Thirupur,Thiruvananthapuram,12000.00,110040.00,362.98,1270.43,98040.00,96769.57,50
Garlic,China,Rajgarh,Srinagar,1700.00,17250.00,1419.09,4966.82,15550.00,10583.19,1
Garlic,China,Jhabua,Srinagar,2000.00,17250.00,1572.21,5502.74,15250.00,9747.27,2
Garlic,China,Indore,Srinagar,3595.00,17250.00,1584.35,5545.23,13655.00,8109.78,3
Garlic,China,Ujjain,Srinagar,4280.00,17250.00,1519.81,5319.34,12970.00,7650.67,4
Garlic,China,Rajouri,Srinagar,10000.00,17250.00,126.03,441.11,7250.00,6808.90,5
Garlic,China,Bhopal,Srinagar,5200.00,17250.00,1537.04,5379.64,12050.00,6670.36,6
Garlic,China,Jhabua,Bharuch,2000.00,9500.00,256.86,899.01,7500.00,6600.99,7
Garlic,China,Neemuch,Srinagar,6002.00,17250.00,1337.14,4679.99,11248.00,6568.01,8
Garlic,China,Mandsaur,Srinagar,6160.50,17250.00,1391.71,4870.99,11089.50,6218.52,9
Garlic,China,Rajgarh,Bharuch,1700.00,9500.00,578.48,2024.68,7800.00,5775.32,10
Garlic,China,Ratlam,Srinagar,6450.00,17250.00,1494.46,5230.61,10800.00,5569.39,11
Garlic,China,Shajapur,Srinagar,6500.00,17250.00,1492.55,5223.93,10750.00,5526.08,12
Garlic,China,Indore,Bharuch,3595.00,9500.00,398.49,1394.72,5905.00,4510.29,13
Garlic,China,Rajgarh,Shajapur,1700.00,6500.00,100.03,350.11,4800.00,4449.90,14
Garlic,China,Jhabua,Ratlam,2000.00,6450.00,96.05,336.18,4450.00,4113.83,15
Garlic,China,Rajgarh,Ratlam,1700.00,6450.00,234.99,822.47,4750.00,3927.54,16
Garlic,China,Ujjain,Bharuch,4280.00,9500.00,416.18,1456.63,5220.00,3763.37,17
Garlic,China,Rajgarh,Mandsaur,1700.00,6160.50,210.88,738.08,4460.50,3722.42,18
Garlic,China,Rajgarh,Rajouri,1700.00,10000.00,1314.16,4599.56,8300.00,3700.44,19
Garlic,China,Jhabua,Shajapur,2000.00,6500.00,233.03,815.61,4500.00,3684.40,20
Garlic,China,Jhabua,Mandsaur,2000.00,6160.50,190.38,666.33,4160.50,3494.17,21
Garlic,China,Rajgarh,Neemuch,1700.00,6002.00,245.13,857.96,4302.00,3444.05,22
Garlic,China,Jhabua,Neemuch,2000.00,6002.00,237.23,830.31,4002.00,3171.70,23
Garlic,China,Rajgarh,Bhopal,1700.00,5200.00,135.51,474.29,3500.00,3025.72,24
Garlic,China,Jhabua,Rajouri,2000.00,10000.00,1455.49,5094.22,8000.00,2905.79,25
Garlic,China,Indore,Shajapur,3595.00,6500.00,110.53,386.86,2905.00,2518.15,26
Garlic,China,Indore,Ratlam,3595.00,6450.00,135.88,475.58,2855.00,2379.42,27
Garlic,China,Bhopal,Bharuch,5200.00,9500.00,609.34,2132.69,4300.00,2167.31,28
Garlic,China,Rajgarh,Ujjain,1700.00,4280.00,166.26,581.91,2580.00,1998.09,29
Garlic,China,Ujjain,Shajapur,4280.00,6500.00,70.89,248.12,2220.00,1971.89,30
Garlic,China,Jhabua,Bhopal,2000.00,5200.00,365.88,1280.58,3200.00,1919.42,31
Garlic,China,Neemuch,Bharuch,6002.00,9500.00,453.89,1588.62,3498.00,1909.39,32
Garlic,China,Mandsaur,Bharuch,6160.50,9500.00,425.50,1489.25,3339.50,1850.25,33
Garlic,China,Ratlam,Bharuch,6450.00,9500.00,349.18,1222.13,3050.00,1827.87,34
Garlic,China,Ujjain,Ratlam,4280.00,6450.00,98.03,343.11,2170.00,1826.90,35
Garlic,China,Indore,Mandsaur,3595.00,6160.50,213.60,747.60,2565.50,1817.90,36
Garlic,China,Jhabua,Ujjain,2000.00,4280.00,162.60,569.10,2280.00,1710.90,37
Garlic,China,Bharuch,Srinagar,9500.00,17250.00,1736.49,6077.72,7750.00,1672.29,38
Garlic,China,Indore,Neemuch,3595.00,6002.00,273.94,958.79,2407.00,1448.21,39
Garlic,China,Ujjain,Mandsaur,4280.00,6160.50,153.98,538.93,1880.50,1341.57,40
Garlic,China,Shajapur,Bharuch,6500.00,9500.00,487.06,1704.71,3000.00,1295.29,41
Garlic,China,Indore,Rajouri,3595.00,10000.00,1473.40,5156.90,6405.00,1248.10,42
Garlic,China,Rajgarh,Indore,1700.00,3595.00,210.21,735.74,1895.00,1159.27,43
Garlic,China,Jhabua,Indore,2000.00,3595.00,162.94,570.29,1595.00,1024.71,44
Garlic,China,Ujjain,Neemuch,4280.00,6002.00,213.63,747.71,1722.00,974.30,45
Garlic,China,Indore,Bhopal,3595.00,5200.00,210.86,738.01,1605.00,866.99,46
Garlic,China,Ujjain,Rajouri,4280.00,10000.00,1408.70,4930.45,5720.00,789.55,47
Garlic,China,Bhopal,Shajapur,5200.00,6500.00,145.91,510.69,1300.00,789.32,48
Garlic,China,Indore,Ujjain,3595.00,4280.00,64.75,226.63,685.00,458.38,49
Garlic,China,Khowai,Srinagar,8300.00,17250.00,2464.40,8625.40,8950.00,324.60,50
Garlic,Desi,Jhabua,Kachchh,1650.00,20000.00,604.43,2115.51,18350.00,16234.50,1
Garlic,Desi,Junagarh,Kachchh,4402.50,20000.00,298.86,1046.01,15597.50,14551.49,2
Garlic,Desi,Dhar,Kachchh,3375.00,20000.00,697.18,2440.13,16625.00,14184.87,3
Garlic,Desi,Jabalpur,Kachchh,2200.00,20000.00,1273.13,4455.96,17800.00,13344.05,4
Garlic,Desi,Sagar,Kachchh,2800.00,20000.00,1117.43,3911.01,17200.00,13289.00,5
Garlic,Desi,Ambala,Kachchh,2500.00,20000.00,1262.41,4418.44,17500.00,13081.57,6
Garlic,Desi,Chhindwara,Kachchh,3100.00,20000.00,1170.33,4096.16,16900.00,12803.85,7
Garlic,Desi,Harda,Kachchh,4000.00,20000.00,929.45,3253.08,16000.00,12746.93,8
Garlic,Desi,Neemuch,Kachchh,5170.00,20000.00,632.81,2214.84,14830.00,12615.17,9
Garlic,Desi,Agra,Kachchh,3550.00,20000.00,1124.43,3935.51,16450.00,12514.50,10
Garlic,Desi,Rajgarh,Kachchh,4800.00,20000.00,862.49,3018.72,15200.00,12181.29,11
Garlic,Desi,Ujjain,Kachchh,5250.50,20000.00,746.15,2611.53,14749.50,12137.98,12
Garlic,Desi,Baghpat,Kachchh,4000.00,20000.00,1168.84,4090.94,16000.00,11909.06,13
Garlic,Desi,Ambala,Nawanshahr,2500.00,14600.00,131.53,460.36,12100.00,11639.65,14
Garlic,Desi,Pillibhit,Kachchh,3450.00,20000.00,1410.84,4937.94,16550.00,11612.06,15
Garlic,Desi,"Jalaun (Orai)",Kachchh,4200.00,20000.00,1231.95,4311.83,15800.00,11488.18,16
Garlic,Desi,Indore,Kachchh,5835.00,20000.00,765.43,2679.01,14165.00,11486.00,17
Garlic,Desi,Ratlam,Kachchh,6500.00,20000.00,648.86,2271.01,13500.00,11228.99,18
Garlic,Desi,Madhubani,Kachchh,2500.00,20000.00,1839.08,6436.78,17500.00,11063.22,19
Garlic,Desi,Bilaspur,Kachchh,3686.50,20000.00,1574.20,5509.70,16313.50,10803.80,20
Garlic,Desi,Shajapur,Kachchh,6392.00,20000.00,805.88,2820.58,13608.00,10787.42,21
Garlic,Desi,Etah,Kachchh,4955.00,20000.00,1219.36,4267.76,15045.00,10777.24,22
Garlic,Desi,Raebarelli,Kachchh,4160.00,20000.00,1448.06,5068.21,15840.00,10771.79,23
Garlic,Desi,Jhabua,Mandsaur,1650.00,13000.00,190.38,666.33,11350.00,10683.67,24
Garlic,Desi,Bulandshahar,Kachchh,5200.00,20000.00,1188.83,4160.91,14800.00,10639.10,25
Garlic,Desi,Kanpur,Kachchh,4650.00,20000.00,1362.53,4768.86,15350.00,10581.15,26
Garlic,Desi,"Manendragarh Chirmiri Bhartpur",Kachchh,4000.00,20000.00,1565.25,5478.38,16000.00,10521.63,27
Garlic,Desi,Etawah,Kachchh,5300.00,20000.00,1220.74,4272.59,14700.00,10427.41,28
Garlic,Desi,Koria,Kachchh,4000.00,20000.00,1594.88,5582.08,16000.00,10417.92,29
Garlic,Desi,Prayagraj,Kachchh,4300.00,20000.00,1524.05,5334.18,15700.00,10365.83,30
Garlic,Desi,Mathura,Kachchh,5800.00,20000.00,1105.98,3870.93,14200.00,10329.07,31
Garlic,Desi,Bhopal,Kachchh,6600.00,20000.00,951.26,3329.41,13400.00,10070.59,32
Garlic,Desi,Kasganj,Kachchh,5700.00,20000.00,1233.74,4318.09,14300.00,9981.91,33
Garlic,Desi,Bahraich,Kachchh,4850.00,20000.00,1558.54,5454.89,15150.00,9695.11,34
Garlic,Desi,Maharajganj,Kachchh,3775.00,20000.00,1866.15,6531.53,16225.00,9693.48,35
Garlic,Desi,Jashpur,Kachchh,4000.00,20000.00,1812.91,6345.19,16000.00,9654.82,36
Garlic,Desi,Balrampur,Kachchh,4500.00,20000.00,1721.05,6023.68,15500.00,9476.33,37
Garlic,Desi,Baghpat,Nawanshahr,4000.00,14600.00,328.75,1150.63,10600.00,9449.38,38
Garlic,Desi,"Ropar (Rupnagar)",Kachchh,6000.00,20000.00,1304.01,4564.04,14000.00,9435.97,39
Garlic,Desi,Auraiya,Kachchh,6200.00,20000.00,1265.33,4428.66,13800.00,9371.35,40
Garlic,Desi,Kannuj,Kachchh,5950.00,20000.00,1337.53,4681.36,14050.00,9368.65,41
Garlic,Desi,Bijnor,Kachchh,6120.00,20000.00,1293.18,4526.13,13880.00,9353.87,42
Garlic,Desi,Pillibhit,Nawanshahr,3450.00,14600.00,559.56,1958.46,11150.00,9191.54,43
Garlic,Desi,Hoshangabad,Kachchh,7310.00,20000.00,999.96,3499.86,12690.00,9190.14,44
Garlic,Desi,Shahjahanpur,Kachchh,6015.00,20000.00,1378.55,4824.93,13985.00,9160.08,45
Garlic,Desi,Muktsar,Kachchh,7000.00,20000.00,1106.55,3872.93,13000.00,9127.08,46
Garlic,Desi,Agra,Nawanshahr,3550.00,14600.00,591.39,2069.87,11050.00,8980.14,47
Garlic,Desi,Unnao,Kachchh,6200.00,20000.00,1386.16,4851.56,13800.00,8948.44,48
Garlic,Desi,Dhar,Mandsaur,3375.00,13000.00,206.41,722.44,9625.00,8902.57,49
Garlic,Desi,Jhabua,Nawanshahr,1650.00,14600.00,1177.90,4122.65,12950.00,8827.35,50
Garlic,Garlic,Harda,Durg,2000.00,34000.00,564.79,1976.77,32000.00,30023.24,1
Garlic,Garlic,Jabalpur,Durg,2850.00,34000.00,324.98,1137.43,31150.00,30012.57,2
Garlic,Garlic,Satna,Durg,2500.00,34000.00,473.96,1658.86,31500.00,29841.14,3
Garlic,Garlic,Chhindwara,Durg,3200.00,34000.00,326.31,1142.09,30800.00,29657.92,4
Garlic,Garlic,Badwani,Durg,1450.00,34000.00,833.66,2917.81,32550.00,29632.19,5
Garlic,Garlic,Rayagada,Durg,3500.00,34000.00,395.09,1382.82,30500.00,29117.19,6
Garlic,Garlic,Dewas,Durg,2500.00,34000.00,717.05,2509.68,31500.00,28990.33,7
Garlic,Garlic,"Sant Kabir Nagar",Durg,2500.00,34000.00,807.40,2825.90,31500.00,28674.10,8
Garlic,Garlic,Mau(Maunathbhanjan),Durg,3050.00,34000.00,719.45,2518.08,30950.00,28431.93,9
Garlic,Garlic,Sagar,Durg,4000.00,34000.00,491.74,1721.09,30000.00,28278.91,10
Garlic,Garlic,Maharajganj,Durg,3700.00,34000.00,796.01,2786.04,30300.00,27513.97,11
Garlic,Garlic,Shivpuri,Durg,4010.00,34000.00,747.39,2615.87,29990.00,27374.14,12
Garlic,Garlic,Chhatarpur,Durg,4750.00,34000.00,559.11,1956.89,29250.00,27293.12,13
Garlic,Garlic,Chitrakut,Durg,4755.00,34000.00,560.75,1962.63,29245.00,27282.38,14
Garlic,Garlic,Dhar,Durg,4000.00,34000.00,796.55,2787.93,30000.00,27212.08,15
Garlic,Garlic,Gwalior,Durg,4000.00,34000.00,802.08,2807.28,30000.00,27192.72,16
Garlic,Garlic,"Khiri (Lakhimpur)",Durg,3555.00,34000.00,940.41,3291.44,30445.00,27153.57,17
Garlic,Garlic,Deoria,Durg,4050.00,34000.00,801.73,2806.06,29950.00,27143.95,18
Garlic,Garlic,Damoh,Durg,5400.00,34000.00,437.10,1529.85,28600.00,27070.15,19
Garlic,Garlic,Pillibhit,Durg,3320.00,34000.00,1049.63,3673.71,30680.00,27006.30,20
Garlic,Garlic,Mirzapur,Durg,5000.00,34000.00,570.20,1995.70,29000.00,27004.30,21
Garlic,Garlic,Betul,Durg,5500.00,34000.00,448.91,1571.19,28500.00,26928.82,22
Garlic,Garlic,Banda,Durg,5000.00,34000.00,607.38,2125.83,29000.00,26874.17,23
Garlic,Garlic,Mandya,Durg,2500.00,34000.00,1339.36,4687.76,31500.00,26812.24,24
Garlic,Garlic,Amethi,Durg,4780.00,34000.00,692.58,2424.03,29220.00,26795.97,25
Garlic,Garlic,Surajpur,Durg,6000.00,34000.00,345.53,1209.36,28000.00,26790.65,26
Garlic,Garlic,Supaul,Durg,4000.00,34000.00,961.33,3364.66,30000.00,26635.35,27
Garlic,Garlic,Bellary,Durg,3800.00,34000.00,1020.84,3572.94,30200.00,26627.06,28
Garlic,Garlic,Ayodhya,Durg,4750.00,34000.00,785.51,2749.29,29250.00,26500.72,29
Garlic,Garlic,Jhansi,Durg,5240.00,34000.00,685.13,2397.96,28760.00,26362.05,30
Garlic,Garlic,Indore,Durg,5100.00,34000.00,729.86,2554.51,28900.00,26345.49,31
Garlic,Garlic,Hardoi,Durg,4600.00,34000.00,872.81,3054.84,29400.00,26345.17,32
Garlic,Garlic,Hoshangabad,Durg,6000.00,34000.00,506.90,1774.15,28000.00,26225.85,33
Garlic,Garlic,Kalahandi,Durg,6750.00,34000.00,300.48,1051.68,27250.00,26198.32,34
Garlic,Garlic,Morena,Durg,5000.00,34000.00,846.43,2962.51,29000.00,26037.50,35
Garlic,Garlic,Gurgaon,Durg,4000.00,34000.00,1142.98,4000.43,30000.00,25999.57,36
Garlic,Garlic,Raigarh,Durg,7000.00,34000.00,288.39,1009.37,27000.00,25990.64,37
Garlic,Garlic,Shajapur,Durg,5510.00,34000.00,714.24,2499.84,28490.00,25990.16,38
Garlic,Garlic,Sonbhadra,Durg,6267.50,34000.00,501.71,1755.99,27732.50,25976.52,39
Garlic,Garlic,Vijayanagara,Durg,4200.00,34000.00,1112.50,3893.75,29800.00,25906.25,40
Garlic,Garlic,Khandwa,Durg,6000.00,34000.00,619.55,2168.43,28000.00,25831.58,41
Garlic,Garlic,Seoni,Durg,7402.50,34000.00,256.58,898.03,26597.50,25699.47,42
Garlic,Garlic,"Bhadohi(Sant Ravi Nagar)",Durg,6220.00,34000.00,604.86,2117.01,27780.00,25662.99,43
Garlic,Garlic,Prayagraj,Durg,6260.00,34000.00,593.65,2077.78,27740.00,25662.23,44
Garlic,Garlic,Bharatpur,Durg,5000.00,34000.00,964.75,3376.63,29000.00,25623.38,45
Garlic,Garlic,Varanasi,Durg,6235.00,34000.00,614.15,2149.53,27765.00,25615.48,46
Garlic,Garlic,Ghazipur,Durg,6050.00,34000.00,675.76,2365.16,27950.00,25584.84,47
Garlic,Garlic,Mahoba,Durg,6380.00,34000.00,596.69,2088.42,27620.00,25531.59,48
Garlic,Garlic,"Garhwal (Pauri)",Durg,4000.00,34000.00,1292.70,4524.45,30000.00,25475.55,49
Garlic,Garlic,"Jalaun (Orai)",Durg,6000.00,34000.00,730.51,2556.79,28000.00,25443.22,50
Garlic,Garlic-Organic,Sagar,Bhopal,3000.00,9300.00,187.66,656.81,6300.00,5643.19,1
Garlic,Garlic-Organic,Damoh,Bhopal,2900.00,9300.00,270.93,948.26,6400.00,5451.75,2
Garlic,Garlic-Organic,Rajgarh,Bhopal,4250.00,9300.00,135.51,474.29,5050.00,4575.72,3
Garlic,Garlic-Organic,Sagar,Ujjain,3000.00,8605.00,387.01,1354.54,5605.00,4250.47,4
Garlic,Garlic-Organic,Sagar,Sehore,3000.00,7990.00,229.50,803.25,4990.00,4186.75,5
Garlic,Garlic-Organic,Damoh,Ujjain,2900.00,8605.00,474.16,1659.56,5705.00,4045.44,6
Garlic,Garlic-Organic,Damoh,Sehore,2900.00,7990.00,313.65,1097.78,5090.00,3992.23,7
Garlic,Garlic-Organic,Rajgarh,Ujjain,4250.00,8605.00,166.26,581.91,4355.00,3773.09,8
Garlic,Garlic-Organic,Shivpuri,Bhopal,4620.00,9300.00,301.89,1056.62,4680.00,3623.39,9
Garlic,Garlic-Organic,Rajgarh,Sehore,4250.00,7990.00,121.09,423.82,3740.00,3316.19,10
Garlic,Garlic-Organic,Shajapur,Bhopal,5664.50,9300.00,145.91,510.69,3635.50,3124.82,11
Garlic,Garlic-Organic,Sagar,Hoshangabad,3000.00,6740.00,198.94,696.29,3740.00,3043.71,12
Garlic,Garlic-Organic,Damoh,Hoshangabad,2900.00,6740.00,265.73,930.06,3840.00,2909.95,13
Garlic,Garlic-Organic,Sagar,Dhar,3000.00,7525.00,471.98,1651.93,4525.00,2873.07,14
Garlic,Garlic-Organic,Sagar,Ratlam,3000.00,7500.50,476.60,1668.10,4500.50,2832.40,15
Garlic,Garlic-Organic,Shajapur,Ujjain,5664.50,8605.00,70.89,248.12,2940.50,2692.39,16
Garlic,Garlic-Organic,Damoh,Dhar,2900.00,7525.00,556.16,1946.56,4625.00,2678.44,17
Garlic,Garlic-Organic,Damoh,Ratlam,2900.00,7500.50,564.93,1977.26,4600.50,2623.25,18
Garlic,Garlic-Organic,Shivpuri,Ujjain,4620.00,8605.00,391.20,1369.20,3985.00,2615.80,19
Garlic,Garlic-Organic,Indore,Bhopal,6000.00,9300.00,210.86,738.01,3300.00,2561.99,20
Garlic,Garlic-Organic,Rajgarh,Ratlam,4250.00,7500.50,234.99,822.47,3250.50,2428.04,21
Garlic,Garlic-Organic,Indore,Ujjain,6000.00,8605.00,64.75,226.63,2605.00,2378.38,22
Garlic,Garlic-Organic,Sagar,Mandsaur,3000.00,7000.00,467.25,1635.38,4000.00,2364.63,23
Garlic,Garlic-Organic,Rajgarh,Dhar,4250.00,7525.00,267.83,937.41,3275.00,2337.60,24
Garlic,Garlic-Organic,Neemuch,Bhopal,5750.00,9300.00,364.53,1275.86,3550.00,2274.15,25
Garlic,Garlic-Organic,Hoshangabad,Bhopal,6740.00,9300.00,81.86,286.51,2560.00,2273.49,26
Garlic,Garlic-Organic,Shivpuri,Sehore,4620.00,7990.00,317.19,1110.17,3370.00,2259.84,27
Garlic,Garlic-Organic,Damoh,Mandsaur,2900.00,7000.00,555.99,1945.97,4100.00,2154.04,28
Garlic,Garlic-Organic,Neemuch,Ujjain,5750.00,8605.00,213.63,747.71,2855.00,2107.30,29
Garlic,Garlic-Organic,Rajgarh,Mandsaur,4250.00,7000.00,210.88,738.08,2750.00,2011.92,30
Garlic,Garlic-Organic,Shajapur,Sehore,5664.50,7990.00,106.60,373.10,2325.50,1952.40,31
Garlic,Garlic-Organic,Rajgarh,Hoshangabad,4250.00,6740.00,216.68,758.38,2490.00,1731.62,32
Garlic,Garlic-Organic,Sagar,Indore,3000.00,6000.00,398.11,1393.39,3000.00,1606.62,33
Garlic,Garlic-Organic,Sagar,Shajapur,3000.00,5664.50,318.64,1115.24,2664.50,1549.26,34
Garlic,Garlic-Organic,Damoh,Indore,2900.00,6000.00,481.64,1685.74,3100.00,1414.26,35
Garlic,Garlic-Organic,Indore,Sehore,6000.00,7990.00,168.61,590.14,1990.00,1399.87,36
Garlic,Garlic-Organic,Damoh,Shajapur,2900.00,5664.50,406.60,1423.10,2764.50,1341.40,37
Garlic,Garlic-Organic,Shivpuri,Ratlam,4620.00,7500.50,440.90,1543.15,2880.50,1337.35,38
Garlic,Garlic-Organic,Shajapur,Ratlam,5664.50,7500.50,158.70,555.45,1836.00,1280.55,39
Garlic,Garlic-Organic,Shajapur,Dhar,5664.50,7525.00,169.44,593.04,1860.50,1267.46,40
Garlic,Garlic-Organic,Indore,Dhar,6000.00,7525.00,74.99,262.47,1525.00,1262.54,41
Garlic,Garlic-Organic,Neemuch,Ratlam,5750.00,7500.50,158.73,555.56,1750.50,1194.95,42
Garlic,Garlic-Organic,Mandsaur,Bhopal,7000.00,9300.00,318.45,1114.58,2300.00,1185.43,43
Garlic,Garlic-Organic,Shivpuri,Dhar,4620.00,7525.00,493.35,1726.73,2905.00,1178.28,44
Garlic,Garlic-Organic,Sehore,Bhopal,7990.00,9300.00,42.96,150.36,1310.00,1159.64,45
Garlic,Garlic-Organic,Neemuch,Sehore,5750.00,7990.00,332.16,1162.56,2240.00,1077.44,46
Garlic,Garlic-Organic,Mandsaur,Ujjain,7000.00,8605.00,153.98,538.93,1605.00,1066.07,47
Garlic,Garlic-Organic,Rajgarh,Shajapur,4250.00,5664.50,100.03,350.11,1414.50,1064.40,48
Garlic,Garlic-Organic,Shivpuri,Mandsaur,4620.00,7000.00,376.95,1319.33,2380.00,1060.68,49
Garlic,Garlic-Organic,Neemuch,Mandsaur,5750.00,7000.00,60.39,211.37,1250.00,1038.64,50
Garlic,"New Gola",Mandsaur,Rajgarh,3002.00,14600.00,210.88,738.08,11598.00,10859.92,1
Garlic,"New Gola",Dhar,Rajgarh,3000.00,14600.00,267.83,937.41,11600.00,10662.60,2
Garlic,"New Gola",Neemuch,Rajgarh,3790.00,14600.00,245.13,857.96,10810.00,9952.05,3
Garlic,"New Gola",Indore,Rajgarh,4500.00,14600.00,210.21,735.74,10100.00,9364.27,4
Garlic,"New Gola",Ratlam,Rajgarh,5845.00,14600.00,234.99,822.47,8755.00,7932.54,5
Garlic,"New Gola",Hardoi,Rajgarh,4950.00,14600.00,633.99,2218.97,9650.00,7431.04,6
Garlic,"New Gola",Saharanpur,Rajgarh,5000.00,14600.00,834.60,2921.10,9600.00,6678.90,7
Garlic,"New Gola",Shajapur,Rajgarh,7962.50,14600.00,100.03,350.11,6637.50,6287.40,8
Garlic,"New Gola",Amritsar,Rajgarh,5250.00,14600.00,1083.21,3791.24,9350.00,5558.77,9
Garlic,"New Gola",Ujjain,Rajgarh,8650.00,14600.00,166.26,581.91,5950.00,5368.09,10
Garlic,"New Gola",Dhar,Ujjain,3000.00,8650.00,102.15,357.53,5650.00,5292.48,11
Garlic,"New Gola",Mandsaur,Ujjain,3002.00,8650.00,153.98,538.93,5648.00,5109.07,12
Garlic,"New Gola",Dhar,Shajapur,3000.00,7962.50,169.44,593.04,4962.50,4369.46,13
Garlic,"New Gola",Mandsaur,Shajapur,3002.00,7962.50,178.50,624.75,4960.50,4335.75,14
Garlic,"New Gola",Neemuch,Ujjain,3790.00,8650.00,213.63,747.71,4860.00,4112.30,15
Garlic,"New Gola",Indore,Ujjain,4500.00,8650.00,64.75,226.63,4150.00,3923.38,16
Garlic,"New Gola",Neemuch,Shajapur,3790.00,7962.50,231.16,809.06,4172.50,3363.44,17
Garlic,"New Gola",Indore,Shajapur,4500.00,7962.50,110.53,386.86,3462.50,3075.65,18
Garlic,"New Gola",Mandsaur,Ratlam,3002.00,5845.00,102.93,360.26,2843.00,2482.75,19
Garlic,"New Gola",Dhar,Ratlam,3000.00,5845.00,106.79,373.77,2845.00,2471.24,20
Garlic,"New Gola",Ratlam,Ujjain,5845.00,8650.00,98.03,343.11,2805.00,2461.90,21
Garlic,"New Gola",Ratlam,Shajapur,5845.00,7962.50,158.70,555.45,2117.50,1562.05,22
Garlic,"New Gola",Neemuch,Ratlam,3790.00,5845.00,158.73,555.56,2055.00,1499.45,23
Garlic,"New Gola",Dhar,Indore,3000.00,4500.00,74.99,262.47,1500.00,1237.54,24
Garlic,"New Gola",Hardoi,Ujjain,4950.00,8650.00,799.80,2799.30,3700.00,900.70,25
Garlic,"New Gola",Indore,Ratlam,4500.00,5845.00,135.88,475.58,1345.00,869.42,26
Garlic,"New Gola",Mandsaur,Indore,3002.00,4500.00,213.60,747.60,1498.00,750.40,27
Garlic,"New Gola",Mandsaur,Neemuch,3002.00,3790.00,60.39,211.37,788.00,576.64,28
Garlic,"New Gola",Hardoi,Shajapur,4950.00,7962.50,733.46,2567.11,3012.50,445.39,29
Garlic,"New Gola",Shajapur,Ujjain,7962.50,8650.00,70.89,248.12,687.50,439.39,30
Garlic,"New Gola",Saharanpur,Ujjain,5000.00,8650.00,968.75,3390.63,3650.00,259.38,31
Garlic,"New Laddu",Shajapur,Ratlam,1800.00,6500.00,158.70,555.45,4700.00,4144.55,1
Garlic,"New Laddu",Ujjain,Ratlam,2500.00,6500.00,98.03,343.11,4000.00,3656.90,2
Garlic,"New Laddu",Neemuch,Ratlam,2700.00,6500.00,158.73,555.56,3800.00,3244.45,3
Garlic,"New Laddu",Mandsaur,Ratlam,3400.00,6500.00,102.93,360.26,3100.00,2739.75,4
Garlic,"New Laddu",Indore,Ratlam,4100.00,6500.00,135.88,475.58,2400.00,1924.42,5
Garlic,"New Laddu",Shajapur,Indore,1800.00,4100.00,110.53,386.86,2300.00,1913.15,6
Garlic,"New Laddu",Ujjain,Indore,2500.00,4100.00,64.75,226.63,1600.00,1373.38,7
Garlic,"New Laddu",Shajapur,Mandsaur,1800.00,3400.00,178.50,624.75,1600.00,975.25,8
Garlic,"New Laddu",Neemuch,Mandsaur,2700.00,3400.00,60.39,211.37,700.00,488.64,9
Garlic,"New Laddu",Shajapur,Ujjain,1800.00,2500.00,70.89,248.12,700.00,451.89,10
Garlic,"New Laddu",Neemuch,Indore,2700.00,4100.00,273.94,958.79,1400.00,441.21,11
Garlic,"New Laddu",Ujjain,Mandsaur,2500.00,3400.00,153.98,538.93,900.00,361.07,12
Garlic,"New Laddu",Shajapur,Neemuch,1800.00,2700.00,231.16,809.06,900.00,90.94,13
Garlic,"New Medium",Ujjain,Neemuch,1000.00,9950.00,213.63,747.71,8950.00,8202.30,1
Garlic,"New Medium",Shajapur,Neemuch,3754.00,9950.00,231.16,809.06,6196.00,5386.94,2
Garlic,"New Medium",Ujjain,Jammu,1000.00,10750.00,1327.91,4647.69,9750.00,5102.32,3
Garlic,"New Medium",Dhar,Neemuch,4000.00,9950.00,264.54,925.89,5950.00,5024.11,4
Garlic,"New Medium",Mandsaur,Neemuch,4800.00,9950.00,60.39,211.37,5150.00,4938.64,5
Garlic,"New Medium",Indore,Neemuch,4700.00,9950.00,273.94,958.79,5250.00,4291.21,6
Garlic,"New Medium",Ujjain,Indore,1000.00,4700.00,64.75,226.63,3700.00,3473.38,7
Garlic,"New Medium",Ujjain,Mandsaur,1000.00,4800.00,153.98,538.93,3800.00,3261.07,8
Garlic,"New Medium",Ujjain,Dhar,1000.00,4000.00,102.15,357.53,3000.00,2642.48,9
Garlic,"New Medium",Ujjain,Shajapur,1000.00,3754.00,70.89,248.12,2754.00,2505.89,10
Garlic,"New Medium",Shajapur,Jammu,3754.00,10750.00,1301.20,4554.20,6996.00,2441.80,11
Garlic,"New Medium",Dhar,Jammu,4000.00,10750.00,1404.79,4916.77,6750.00,1833.24,12
Garlic,"New Medium",Mandsaur,Jammu,4800.00,10750.00,1199.74,4199.09,5950.00,1750.91,13
Garlic,"New Medium",Indore,Jammu,4700.00,10750.00,1392.48,4873.68,6050.00,1176.32,14
Garlic,"New Medium",Shajapur,Indore,3754.00,4700.00,110.53,386.86,946.00,559.15,15
Garlic,"New Medium",Dhar,Indore,4000.00,4700.00,74.99,262.47,700.00,437.54,16
Garlic,"New Medium",Shajapur,Mandsaur,3754.00,4800.00,178.50,624.75,1046.00,421.25,17
Garlic,"New Medium",Dhar,Mandsaur,4000.00,4800.00,206.41,722.44,800.00,77.57,18
Garlic,Other,Angul,"North and Middle Andaman",3000.00,32000.00,1517.41,5310.94,29000.00,23689.07,1
Garlic,Other,Raigarh,"North and Middle Andaman",2200.00,32000.00,1778.40,6224.40,29800.00,23575.60,2
Garlic,Other,Rayagada,"North and Middle Andaman",3150.00,32000.00,1539.25,5387.38,28850.00,23462.63,3
Garlic,Other,Ganjam,"North and Middle Andaman",4200.00,32000.00,1384.79,4846.77,27800.00,22953.24,4
Garlic,Other,Damoh,"North and Middle Andaman",1200.00,32000.00,2337.28,8180.48,30800.00,22619.52,5
Garlic,Other,Koria,"North and Middle Andaman",2800.00,32000.00,2015.55,7054.43,29200.00,22145.58,6
Garlic,Other,"North Tripura","North and Middle Andaman",4500.00,32000.00,1567.48,5486.18,27500.00,22013.82,7
Garlic,Other,Singroli,"North and Middle Andaman",3000.00,32000.00,2071.70,7250.95,29000.00,21749.05,8
Garlic,Other,Kaimur/Bhabhua,"North and Middle Andaman",3100.00,32000.00,2086.68,7303.38,28900.00,21596.62,9
Garlic,Other,Sheopur,Sonipat,1950.00,25000.00,464.54,1625.89,23050.00,21424.11,10
Garlic,Other,Siwan,"North and Middle Andaman",3000.00,32000.00,2166.41,7582.44,29000.00,21417.57,11
Garlic,Other,Haridwar,Sonipat,3000.00,25000.00,190.95,668.33,22000.00,21331.68,12
Garlic,Other,Balrampur,"North and Middle Andaman",4000.00,32000.00,1944.09,6804.32,28000.00,21195.69,13
Garlic,Other,Damoh,Sonipat,1200.00,25000.00,777.83,2722.41,23800.00,21077.60,14
Garlic,Other,Bargarh,"North and Middle Andaman",5000.00,32000.00,1703.59,5962.57,27000.00,21037.44,15
Garlic,Other,Shivpuri,Sonipat,2200.00,25000.00,503.85,1763.48,22800.00,21036.53,16
Garlic,Other,Sonbhadra,"North and Middle Andaman",4000.00,32000.00,2062.05,7217.18,28000.00,20782.83,17
Garlic,Other,Ujjain,"North and Middle Andaman",1875.50,32000.00,2672.23,9352.81,30124.50,20771.70,18
Garlic,Other,"Siddharth Nagar","North and Middle Andaman",2875.00,32000.00,2391.18,8369.13,29125.00,20755.87,19
Garlic,Other,Dehradoon,Sonipat,3500.00,25000.00,220.33,771.16,21500.00,20728.85,20
Garlic,Other,Faridabad,Sonipat,4000.00,25000.00,91.86,321.51,21000.00,20678.49,21
Garlic,Other,Meerut,Sonipat,4140.00,25000.00,82.66,289.31,20860.00,20570.69,22
Garlic,Other,Shivpuri,"North and Middle Andaman",2200.00,32000.00,2649.98,9274.93,29800.00,20525.07,23
Garlic,Other,Maharajganj,"North and Middle Andaman",4000.00,32000.00,2143.48,7502.18,28000.00,20497.82,24
Garlic,Other,Bijnor,Sonipat,4000.00,25000.00,145.31,508.59,21000.00,20491.42,25
Garlic,Other,Varanasi,"North and Middle Andaman",4000.00,32000.00,2164.51,7575.79,28000.00,20424.22,26
Garlic,Other,Sheopur,"North and Middle Andaman",1950.00,32000.00,2766.43,9682.51,30050.00,20367.50,27
Garlic,Other,Ujjain,Sonipat,1875.50,25000.00,823.36,2881.76,23124.50,20242.74,28
Garlic,Other,Muzaffarnagar,Sonipat,4425.00,25000.00,106.16,371.56,20575.00,20203.44,29
Garlic,Other,Katni,"North and Middle Andaman",4000.00,32000.00,2234.15,7819.53,28000.00,20180.48,30
Garlic,Other,Pillibhit,Sonipat,3625.00,25000.00,342.44,1198.54,21375.00,20176.46,31
Garlic,Other,Fatehabad,Sonipat,3750.00,25000.00,315.66,1104.81,21250.00,20145.19,32
Garlic,Other,Kushinagar,"North and Middle Andaman",4000.00,32000.00,2258.64,7905.24,28000.00,20094.76,33
Garlic,Other,Dhar,"North and Middle Andaman",2500.00,32000.00,2688.99,9411.47,29500.00,20088.54,34
Garlic,Other,Khargone,"North and Middle Andaman",2850.00,32000.00,2604.28,9114.98,29150.00,20035.02,35
Garlic,Other,Kolar,"North and Middle Andaman",5000.00,32000.00,1996.49,6987.72,27000.00,20012.29,36
Garlic,Other,Sambhal,Sonipat,4302.15,25000.00,197.63,691.71,20697.86,20006.15,37
Garlic,Other,Mahendragarh-Narnaul,"North and Middle Andaman",5000.00,32000.00,2015.54,7054.39,27000.00,19945.61,38
Garlic,Other,Dhenkanal,"North and Middle Andaman",7000.00,32000.00,1453.54,5087.39,25000.00,19912.61,39
Garlic,Other,"Sant Kabir Nagar","North and Middle Andaman",4000.00,32000.00,2325.24,8138.34,28000.00,19861.66,40
Garlic,Other,Chitrakut,"North and Middle Andaman",4000.00,32000.00,2326.48,8142.68,28000.00,19857.32,41
Garlic,Other,Sagar,"North and Middle Andaman",3725.00,32000.00,2407.69,8426.92,28275.00,19848.09,42
Garlic,Other,Mau(Maunathbhanjan),"North and Middle Andaman",4500.00,32000.00,2189.99,7664.97,27500.00,19835.04,43
Garlic,Other,Fatehpur,"North and Middle Andaman",3500.00,32000.00,2502.90,8760.15,28500.00,19739.85,44
Garlic,Other,Khandwa,"North and Middle Andaman",3500.00,32000.00,2504.33,8765.16,28500.00,19734.85,45
Garlic,Other,Jashpur,"North and Middle Andaman",6000.00,32000.00,1811.18,6339.13,26000.00,19660.87,46
Garlic,Other,Shahjahanpur,Sonipat,4000.00,25000.00,388.25,1358.88,21000.00,19641.13,47
Garlic,Other,Mirzapur,"North and Middle Andaman",4766.67,32000.00,2177.31,7620.59,27233.34,19612.75,48
Garlic,Other,Prayagraj,"North and Middle Andaman",4500.00,32000.00,2269.10,7941.85,27500.00,19558.15,49
Garlic,Other,Fatehpur,Sonipat,3500.00,25000.00,574.36,2010.26,21500.00,19489.74,50
Garlic,UP,"North Tripura",Unokoti,7500.00,24000.00,25.65,89.78,16500.00,16410.23,1
Garlic,UP,Khowai,Unokoti,8200.00,24000.00,58.66,205.31,15800.00,15594.69,2
Garlic,UP,Mainpuri,Unokoti,5400.00,24000.00,1681.83,5886.41,18600.00,12713.60,3
Garlic,UP,Gomati,Unokoti,11000.00,24000.00,107.94,377.79,13000.00,12622.21,4
Garlic,UP,Ghaziabad,Unokoti,6300.00,24000.00,1918.73,6715.56,17700.00,10984.45,5
Garlic,UP,"North Tripura",Dhalai,7500.00,18000.00,50.70,177.45,10500.00,10322.55,6
Garlic,UP,Indore,Unokoti,6500.00,24000.00,2070.81,7247.84,17500.00,10252.17,7
Garlic,UP,Khowai,Dhalai,8200.00,18000.00,52.71,184.49,9800.00,9615.52,8
Garlic,UP,Mandsaur,Unokoti,6877.50,24000.00,2151.29,7529.52,17122.50,9592.99,9
Garlic,UP,Jalpaiguri,Unokoti,13700.00,24000.00,526.09,1841.32,10300.00,8458.69,10
Garlic,UP,Gomati,Dhalai,11000.00,18000.00,58.63,205.21,7000.00,6794.80,11
Garlic,UP,Mainpuri,Dhalai,5400.00,18000.00,1684.10,5894.35,12600.00,6705.65,12
Garlic,UP,Dhalai,Unokoti,18000.00,24000.00,51.95,181.83,6000.00,5818.18,13
Garlic,UP,Ghaziabad,Dhalai,6300.00,18000.00,1925.21,6738.24,11700.00,4961.77,14
Garlic,UP,Indore,Dhalai,6500.00,18000.00,2055.30,7193.55,11500.00,4306.45,15
Garlic,UP,"North Tripura",Jalpaiguri,7500.00,13700.00,551.63,1930.71,6200.00,4269.30,16
Garlic,UP,Mainpuri,Jalpaiguri,5400.00,13700.00,1206.36,4222.26,8300.00,4077.74,17
Garlic,UP,Khowai,Jalpaiguri,8200.00,13700.00,495.99,1735.97,5500.00,3764.04,18
Garlic,UP,Mandsaur,Dhalai,6877.50,18000.00,2140.54,7491.89,11122.50,3630.61,19
Garlic,UP,"North Tripura",Gomati,7500.00,11000.00,109.26,382.41,3500.00,3117.59,20
Garlic,UP,Khowai,Gomati,8200.00,11000.00,76.54,267.89,2800.00,2532.11,21
Garlic,UP,Ghaziabad,Jalpaiguri,6300.00,13700.00,1421.85,4976.48,7400.00,2423.53,22
Garlic,UP,Jalpaiguri,Dhalai,13700.00,18000.00,548.38,1919.33,4300.00,2380.67,23
Garlic,UP,Indore,Jalpaiguri,6500.00,13700.00,1707.63,5976.71,7200.00,1223.30,24
Garlic,UP,Gomati,Jalpaiguri,11000.00,13700.00,554.29,1940.02,2700.00,759.99,25
Garlic,UP,Mandsaur,Jalpaiguri,6877.50,13700.00,1749.11,6121.89,6822.50,700.62,26
Garlic,UP,"North Tripura",Khowai,7500.00,8200.00,77.51,271.29,700.00,428.72,27
Grapes,Annabesahai,Bijnor,Kaithal,3000.00,18000.00,220.98,1215.39,15000.00,13784.61,1
Grapes,Annabesahai,Bareilly,Kaithal,2610.00,18000.00,420.69,2313.80,15390.00,13076.21,2
Grapes,Annabesahai,"Garhwal (Pauri)",Kaithal,3500.00,18000.00,293.51,1614.31,14500.00,12885.70,3
Grapes,Annabesahai,Mansa,Kaithal,4500.00,18000.00,121.00,665.50,13500.00,12834.50,4
Grapes,Annabesahai,Rohtak,Kaithal,4500.00,18000.00,127.20,699.60,13500.00,12800.40,5
Grapes,Annabesahai,Hoshiarpur,Kaithal,4500.00,18000.00,248.29,1365.60,13500.00,12134.41,6
Grapes,Annabesahai,Rampur,Kaithal,4000.00,18000.00,351.13,1931.22,14000.00,12068.79,7
Grapes,Annabesahai,Ghaziabad,Kaithal,4870.00,18000.00,202.98,1116.39,13130.00,12013.61,8
Grapes,Annabesahai,Sangrur,Kaithal,5500.00,18000.00,91.06,500.83,12500.00,11999.17,9
Grapes,Annabesahai,Amroha,Kaithal,4520.00,18000.00,283.69,1560.30,13480.00,11919.71,10
Grapes,Annabesahai,Tarntaran,Kaithal,4500.00,18000.00,288.25,1585.38,13500.00,11914.63,11
Grapes,Annabesahai,Bhiwani,Kaithal,5500.00,18000.00,143.36,788.48,12500.00,11711.52,12
Grapes,Annabesahai,Farukhabad,Kaithal,3620.00,18000.00,514.46,2829.53,14380.00,11550.47,13
Grapes,Annabesahai,Moga,Kaithal,5500.00,18000.00,202.08,1111.44,12500.00,11388.56,14
Grapes,Annabesahai,"Kanpur Dehat",Kaithal,3200.00,18000.00,632.45,3478.48,14800.00,11321.53,15
Grapes,Annabesahai,Badaun,Kaithal,4500.00,18000.00,403.95,2221.73,13500.00,11278.28,16
Grapes,Annabesahai,"Khiri (Lakhimpur)",Kaithal,3712.50,18000.00,594.00,3267.00,14287.50,11020.50,17
Grapes,Annabesahai,Satna,Kaithal,2200.00,18000.00,908.10,4994.55,15800.00,10805.45,18
Grapes,Annabesahai,Lakhimpur,Kaithal,3940.00,18000.00,594.00,3267.00,14060.00,10793.00,19
Grapes,Annabesahai,Nagaur,Kaithal,4600.00,18000.00,485.13,2668.22,13400.00,10731.79,20
Grapes,Annabesahai,Jaipur,Kaithal,5250.00,18000.00,406.11,2233.61,12750.00,10516.40,21
Grapes,Annabesahai,Harda,Kaithal,2300.00,18000.00,1040.66,5723.63,15700.00,9976.37,22
Grapes,Annabesahai,Kushinagar,Kaithal,2575.00,18000.00,1014.24,5578.32,15425.00,9846.68,23
Grapes,Annabesahai,Kushinagar,"North Tripura",2575.00,17950.00,1104.80,6076.40,15375.00,9298.60,24
Grapes,Annabesahai,Supaul,"North Tripura",4500.00,17950.00,759.74,4178.57,13450.00,9271.43,25
Grapes,Annabesahai,Ayodhya,Kaithal,4250.00,18000.00,825.88,4542.34,13750.00,9207.66,26
Grapes,Annabesahai,Chhatarpur,Kaithal,4500.00,18000.00,787.28,4330.04,13500.00,9169.96,27
Grapes,Annabesahai,Sagar,Kaithal,4000.00,18000.00,878.53,4831.92,14000.00,9168.09,28
Grapes,Annabesahai,Karnal,Kaithal,8500.00,18000.00,74.00,407.00,9500.00,9093.00,29
Grapes,Annabesahai,Bijnor,"Yamuna Nagar",3000.00,12500.00,148.09,814.50,9500.00,8685.51,30
Grapes,Annabesahai,Ballia,"North Tripura",3975.00,17950.00,1041.58,5728.69,13975.00,8246.31,31
Grapes,Annabesahai,Hoshangabad,Kaithal,4300.00,18000.00,994.21,5468.16,13700.00,8231.85,32
Grapes,Annabesahai,Araria,"North Tripura",6200.00,17950.00,660.98,3635.39,11750.00,8114.61,33
Grapes,Annabesahai,Kangra,Kaithal,8150.00,18000.00,319.95,1759.73,9850.00,8090.28,34
Grapes,Annabesahai,"Bhadohi(Sant Ravi Nagar)",Kaithal,4540.00,18000.00,978.00,5379.00,13460.00,8081.00,35
Grapes,Annabesahai,"Garhwal (Pauri)","Yamuna Nagar",3500.00,12500.00,179.48,987.14,9000.00,8012.86,36
Grapes,Annabesahai,Ballia,Kaithal,3975.00,18000.00,1107.85,6093.18,14025.00,7931.83,37
Grapes,Annabesahai,Bareilly,"Yamuna Nagar",2610.00,12500.00,358.56,1972.08,9890.00,7917.92,38
Grapes,Annabesahai,Satna,"North Tripura",2200.00,17950.00,1446.09,7953.50,15750.00,7796.51,39
Grapes,Annabesahai,Kishanganj,"North Tripura",6850.00,17950.00,605.04,3327.72,11100.00,7772.28,40
Grapes,Annabesahai,Gonda,Kaithal,5985.00,18000.00,775.44,4264.92,12015.00,7750.08,41
Grapes,Annabesahai,Sirsa,Kaithal,9427.00,18000.00,167.00,918.50,8573.00,7654.50,42
Grapes,Annabesahai,Jaunpur,Kaithal,5085.00,18000.00,957.38,5265.59,12915.00,7649.41,43
Grapes,Annabesahai,Virudhunagar,Theni,4000.00,12000.00,86.90,477.95,8000.00,7522.05,44
Grapes,Annabesahai,Thirupur,"The Nilgiris",4000.00,12000.00,110.80,609.40,8000.00,7390.60,45
Grapes,Annabesahai,Villupuram,Perambalur,4000.00,12000.00,129.86,714.23,8000.00,7285.77,46
Grapes,Annabesahai,Villupuram,Ranipet,4000.00,12000.00,140.44,772.42,8000.00,7227.58,47
Grapes,Annabesahai,Thirupur,Theni,4000.00,12000.00,151.00,830.50,8000.00,7169.50,48
Grapes,Annabesahai,Bijnor,Ludhiana,3000.00,12000.00,348.68,1917.74,9000.00,7082.26,49
Grapes,Annabesahai,Deoria,Kaithal,5385.00,18000.00,1015.95,5587.73,12615.00,7027.28,50
Grapes,Black,Amritsar,Srinagar,4000.00,24000.00,340.66,1873.63,20000.00,18126.37,1
Grapes,Black,Faridkot,Srinagar,4200.00,24000.00,475.38,2614.59,19800.00,17185.41,2
Grapes,Black,"Ropar (Rupnagar)",Srinagar,4500.00,24000.00,477.43,2625.87,19500.00,16874.14,3
Grapes,Black,Pathankot,Srinagar,6000.00,24000.00,270.31,1486.71,18000.00,16513.30,4
Grapes,Black,Sangrur,Srinagar,4500.00,24000.00,545.95,3002.73,19500.00,16497.28,5
Grapes,Black,Ferozpur,Srinagar,4800.00,24000.00,519.44,2856.92,19200.00,16343.08,6
Grapes,Black,Udhampur,Srinagar,7000.00,24000.00,165.71,911.41,17000.00,16088.60,7
Grapes,Black,Anantnag,Srinagar,8000.00,24000.00,63.23,347.77,16000.00,15652.24,8
Grapes,Black,Mansa,Srinagar,5250.00,24000.00,572.86,3150.73,18750.00,15599.27,9
Grapes,Black,Kurukshetra,Srinagar,5000.00,24000.00,619.29,3406.10,19000.00,15593.91,10
Grapes,Black,Kathua,Srinagar,7500.00,24000.00,249.36,1371.48,16500.00,15128.52,11
Grapes,Black,Dehradoon,Srinagar,5500.00,24000.00,646.01,3553.06,18500.00,14946.95,12
Grapes,Black,Mandi,Srinagar,6750.00,24000.00,425.00,2337.50,17250.00,14912.50,13
Grapes,Black,Ambala,Srinagar,6400.00,24000.00,567.99,3123.95,17600.00,14476.06,14
Grapes,Black,Jammu,Srinagar,9000.00,24000.00,192.04,1056.22,15000.00,13943.78,15
Grapes,Black,Sirmore,Srinagar,7000.00,24000.00,573.20,3152.60,17000.00,13847.40,16
Grapes,Black,Fatehgarh,Srinagar,7500.00,24000.00,512.84,2820.62,16500.00,13679.38,17
Grapes,Black,"Siddharth Nagar",Srinagar,3010.00,24000.00,1349.70,7423.35,20990.00,13566.65,18
Grapes,Black,Patiala,Srinagar,7500.00,24000.00,552.43,3038.37,16500.00,13461.64,19
Grapes,Black,Kangra,Srinagar,9000.00,24000.00,324.09,1782.50,15000.00,13217.51,20
Grapes,Black,Jalore,Srinagar,4200.00,24000.00,1241.26,6826.93,19800.00,12973.07,21
Grapes,Black,Una,Srinagar,9000.00,24000.00,384.53,2114.92,15000.00,12885.09,22
Grapes,Black,Hoshiarpur,Srinagar,9500.00,24000.00,376.10,2068.55,14500.00,12431.45,23
Grapes,Black,Delhi,Srinagar,8083.00,24000.00,807.45,4440.98,15917.00,11476.03,24
Grapes,Black,Rajouri,Srinagar,12000.00,24000.00,126.03,693.17,12000.00,11306.84,25
Grapes,Black,Kanpur,Srinagar,6100.00,24000.00,1248.79,6868.35,17900.00,11031.66,26
Grapes,Black,Mahendragarh-Narnaul,Srinagar,3500.00,24000.00,1757.96,9668.78,20500.00,10831.22,27
Grapes,Black,Muktsar,Srinagar,11000.00,24000.00,502.85,2765.68,13000.00,10234.33,28
Grapes,Black,Kalburgi,Srinagar,2300.00,24000.00,2341.95,12880.73,21700.00,8819.28,29
Grapes,Black,Hamirpur,Srinagar,9200.00,24000.00,1298.80,7143.40,14800.00,7656.60,30
Grapes,Black,Hyderabad,Srinagar,3750.00,24000.00,2364.34,13003.87,20250.00,7246.13,31
Grapes,Black,Amritsar,Rajouri,4000.00,12000.00,231.05,1270.78,8000.00,6729.23,32
Grapes,Black,Faridkot,Muktsar,4200.00,11000.00,39.91,219.51,6800.00,6580.50,33
Grapes,Black,Warangal,Srinagar,5000.00,24000.00,2328.76,12808.18,19000.00,6191.82,34
Grapes,Black,Amritsar,Muktsar,4000.00,11000.00,166.84,917.62,7000.00,6082.38,35
Grapes,Black,Ferozpur,Muktsar,4800.00,11000.00,59.53,327.42,6200.00,5872.59,36
Grapes,Black,"Ranga Reddy",Srinagar,5000.00,24000.00,2397.11,13184.11,19000.00,5815.90,37
Grapes,Black,Faridkot,Rajouri,4200.00,12000.00,361.39,1987.65,7800.00,5812.36,38
Grapes,Black,Sangrur,Muktsar,4500.00,11000.00,160.06,880.33,6500.00,5619.67,39
Grapes,Black,"Ropar (Rupnagar)",Rajouri,4500.00,12000.00,403.75,2220.63,7500.00,5279.38,40
Grapes,Black,"Ropar (Rupnagar)",Muktsar,4500.00,11000.00,250.03,1375.17,6500.00,5124.84,41
Grapes,Black,Mansa,Muktsar,5250.00,11000.00,124.98,687.39,5750.00,5062.61,42
Grapes,Black,Sangrur,Rajouri,4500.00,12000.00,449.08,2469.94,7500.00,5030.06,43
Grapes,Black,Ferozpur,Rajouri,4800.00,12000.00,397.03,2183.67,7200.00,5016.34,44
Grapes,Black,Pathankot,Rajouri,6000.00,12000.00,199.68,1098.24,6000.00,4901.76,45
Grapes,Black,Kolar,Srinagar,3000.00,24000.00,2940.73,16174.02,21000.00,4825.99,46
Grapes,Black,Amritsar,Hoshiarpur,4000.00,9500.00,122.60,674.30,5500.00,4825.70,47
Grapes,Black,"Mangalore(Dakshin Kannad)",Srinagar,3250.00,24000.00,2942.51,16183.81,20750.00,4566.20,48
Grapes,Black,Udhampur,Rajouri,7000.00,12000.00,96.99,533.45,5000.00,4466.56,49
Grapes,Black,Kurukshetra,Muktsar,5000.00,11000.00,286.01,1573.06,6000.00,4426.95,50
Grapes,Green,Sepahijala,"North Tripura",4900.00,16450.00,129.89,714.40,11550.00,10835.61,1
Grapes,Green,Mysore,Alappuzha,3700.00,14100.00,393.16,2162.38,10400.00,8237.62,2
Grapes,Green,Unokoti,"North Tripura",8500.00,16450.00,25.65,141.08,7950.00,7808.93,3
Grapes,Green,Malappuram,Alappuzha,5460.00,14100.00,216.76,1192.18,8640.00,7447.82,4
Grapes,Green,Amritsar,Fazilka,3500.00,12000.00,197.50,1086.25,8500.00,7413.75,5
Grapes,Green,Amritsar,Rajouri,3500.00,12000.00,231.05,1270.78,8500.00,7229.23,6
Grapes,Green,Maharajganj,"North Tripura",3992.50,16450.00,1008.41,5546.26,12457.50,6911.25,7
Grapes,Green,"Mangalore(Dakshin Kannad)",Alappuzha,4500.00,14100.00,514.59,2830.25,9600.00,6769.76,8
Grapes,Green,Jind,Fazilka,3500.00,12000.00,314.86,1731.73,8500.00,6768.27,9
Grapes,Green,Bhatinda,Fazilka,4800.00,12000.00,112.68,619.74,7200.00,6580.26,10
Grapes,Green,Ballia,"North Tripura",4585.00,16450.00,1041.58,5728.69,11865.00,6136.31,11
Grapes,Green,Deoria,"North Tripura",4240.00,16450.00,1110.33,6106.82,12210.00,6103.19,12
Grapes,Green,Mysuru,Alappuzha,6000.00,14100.00,393.01,2161.56,8100.00,5938.45,13
Grapes,Green,Palwal,Fazilka,3300.00,12000.00,509.49,2802.20,8700.00,5897.81,14
Grapes,Green,Auraiya,Hamirpur,1900.00,8375.00,105.83,582.07,6475.00,5892.94,15
Grapes,Green,Amritsar,Moga,3500.00,10000.00,118.10,649.55,6500.00,5850.45,16
Grapes,Green,Bulandshahar,Fazilka,3200.00,12000.00,539.59,2967.75,8800.00,5832.26,17
Grapes,Green,Jaunpur,"North Tripura",4055.00,16450.00,1222.63,6724.47,12395.00,5670.54,18
Grapes,Green,Anantnag,Rajouri,5750.00,12000.00,111.36,612.48,6250.00,5637.52,19
Grapes,Green,Rewa,"North Tripura",3250.00,16450.00,1382.84,7605.62,13200.00,5594.38,20
Grapes,Green,Auraiya,"North Tripura",1900.00,16450.00,1628.75,8958.13,14550.00,5591.88,21
Grapes,Green,Jind,Bhiwani,3500.00,9500.00,76.85,422.68,6000.00,5577.33,22
Grapes,Green,Harda,Rajnandgaon,2300.00,10700.00,537.13,2954.22,8400.00,5445.79,23
Grapes,Green,Udupi,Alappuzha,5500.00,14100.00,576.00,3168.00,8600.00,5432.00,24
Grapes,Green,Gurdaspur,Rajouri,5500.00,12000.00,204.44,1124.42,6500.00,5375.58,25
Grapes,Green,Auraiya,Fazilka,1900.00,12000.00,865.83,4762.07,10100.00,5337.94,26
Grapes,Green,Jabalpur,Rajnandgaon,3600.00,10700.00,320.68,1763.74,7100.00,5336.26,27
Grapes,Green,"Siddharth Nagar","North Tripura",4260.00,16450.00,1250.85,6879.68,12190.00,5310.33,28
Grapes,Green,Palwal,Bhiwani,3300.00,9500.00,171.19,941.55,6200.00,5258.46,29
Grapes,Green,Gwalior,Fazilka,2500.00,12000.00,772.53,4248.92,9500.00,5251.09,30
Grapes,Green,Jind,Rajouri,3500.00,12000.00,591.09,3251.00,8500.00,5249.01,31
Grapes,Green,Jammu,Rajouri,6250.00,12000.00,94.33,518.82,5750.00,5231.19,32
Grapes,Green,Basti,"North Tripura",4375.00,16450.00,1245.96,6852.78,12075.00,5222.22,33
Grapes,Green,Aligarh,Fazilka,3500.00,12000.00,602.58,3314.19,8500.00,5185.81,34
Grapes,Green,Kalaburagi,Alappuzha,3000.00,14100.00,1077.45,5925.98,11100.00,5174.03,35
Grapes,Green,Udhampur,Rajouri,6300.00,12000.00,96.99,533.45,5700.00,5166.56,36
Grapes,Green,Gorakhpur,"North Tripura",4865.00,16450.00,1167.70,6422.35,11585.00,5162.65,37
Grapes,Green,"North Goa",Alappuzha,4000.00,14100.00,899.28,4946.04,10100.00,5153.96,38
Grapes,Green,Jind,Moga,3500.00,10000.00,249.54,1372.47,6500.00,5127.53,39
Grapes,Green,Bulandshahar,Bhiwani,3200.00,9500.00,215.26,1183.93,6300.00,5116.07,40
Grapes,Green,Shahjahanpur,Fazilka,2500.00,12000.00,797.94,4388.67,9500.00,5111.33,41
Grapes,Green,Mathura,Fazilka,3600.00,12000.00,600.53,3302.92,8400.00,5097.09,42
Grapes,Green,Shahjahanpur,"North Tripura",2500.00,16450.00,1621.13,8916.22,13950.00,5033.79,43
Grapes,Green,Amritsar,Kangra,3500.00,9500.00,176.61,971.36,6000.00,5028.65,44
Grapes,Green,Amethi,"North Tripura",4080.00,16450.00,1339.24,7365.82,12370.00,5004.18,45
Grapes,Green,Hoshiarpur,Fazilka,5500.00,12000.00,273.60,1504.80,6500.00,4995.20,46
Grapes,Green,Morena,Fazilka,3000.00,12000.00,728.61,4007.36,9000.00,4992.65,47
Grapes,Green,Gurdaspur,Fazilka,5500.00,12000.00,279.00,1534.50,6500.00,4965.50,48
Grapes,Green,Ayodhya,"North Tripura",4315.00,16450.00,1310.35,7206.93,12135.00,4928.08,49
Grapes,Green,Shamli,Fazilka,4770.00,12000.00,418.61,2302.36,7230.00,4927.65,50
Grapes,Indian,Gorakhpur,Dhemaji,4450.00,24000.00,1386.40,7625.20,19550.00,11924.80,1
Grapes,Indian,Bareilly,Dhemaji,2680.00,24000.00,1862.21,10242.16,21320.00,11077.85,2
Grapes,Indian,Mewat,Moga,2500.00,16000.00,453.85,2496.18,13500.00,11003.83,3
Grapes,Indian,Raebarelli,Dhemaji,4000.00,24000.00,1686.93,9278.12,20000.00,10721.89,4
Grapes,Indian,Ludhiana,Moga,5000.00,16000.00,80.91,445.01,11000.00,10555.00,5
Grapes,Indian,"Yamuna Nagar",Moga,4000.00,16000.00,269.21,1480.66,12000.00,10519.35,6
Grapes,Indian,Lakhimpur,Dhemaji,4590.00,24000.00,1695.95,9327.73,19410.00,10082.28,7
Grapes,Indian,Bareilly,Moga,2680.00,16000.00,616.78,3392.29,13320.00,9927.71,8
Grapes,Indian,Mewat,Dhemaji,2500.00,24000.00,2153.49,11844.20,21500.00,9655.81,9
Grapes,Indian,Muktsar,Moga,6000.00,16000.00,92.71,509.91,10000.00,9490.10,10
Grapes,Indian,Sirsa,Moga,6000.00,16000.00,178.83,983.57,10000.00,9016.44,11
Grapes,Indian,Patiala,Moga,6240.00,16000.00,159.43,876.87,9760.00,8883.14,12
Grapes,Indian,Gurdaspur,Moga,6500.00,16000.00,171.56,943.58,9500.00,8556.42,13
Grapes,Indian,Mewat,Jind,2500.00,12000.00,205.19,1128.55,9500.00,8371.46,14
Grapes,Indian,"Yamuna Nagar",Dhemaji,4000.00,24000.00,2134.43,11739.37,20000.00,8260.64,15
Grapes,Indian,Mandi,Moga,7500.00,16000.00,246.19,1354.05,8500.00,7145.96,16
Grapes,Indian,Bareilly,Jind,2680.00,12000.00,400.80,2204.40,9320.00,7115.60,17
Grapes,Indian,"Yamuna Nagar",Jind,4000.00,12000.00,161.56,888.58,8000.00,7111.42,18
Grapes,Indian,Lakhimpur,Moga,4590.00,16000.00,786.66,4326.63,11410.00,7083.37,19
Grapes,Indian,Raebarelli,Moga,4000.00,16000.00,899.25,4945.88,12000.00,7054.13,20
Grapes,Indian,Mewat,Bhiwani,2500.00,9780.00,157.31,865.21,7280.00,6414.80,21
Grapes,Indian,Satna,Dhemaji,8000.00,24000.00,1764.11,9702.61,16000.00,6297.40,22
Grapes,Indian,Ludhiana,Dhemaji,5000.00,24000.00,2316.71,12741.91,19000.00,6258.10,23
Grapes,Indian,Ludhiana,Jind,5000.00,12000.00,228.11,1254.61,7000.00,5745.40,24
Grapes,Indian,Patiala,Dhemaji,6240.00,24000.00,2243.66,12340.13,17760.00,5419.87,25
Grapes,Indian,Bilaspur,Dhemaji,9100.00,24000.00,1736.45,9550.48,14900.00,5349.53,26
Grapes,Indian,Gorakhpur,Moga,4450.00,16000.00,1147.45,6310.98,11550.00,5239.03,27
Grapes,Indian,Mewat,Nawanshahr,2500.00,10200.00,449.50,2472.25,7700.00,5227.75,28
Grapes,Indian,"Yamuna Nagar",Nawanshahr,4000.00,10200.00,193.04,1061.72,6200.00,5138.28,29
Grapes,Indian,Sirsa,Jind,6000.00,12000.00,159.13,875.22,6000.00,5124.79,30
Grapes,Indian,Nawanshahr,Moga,10200.00,16000.00,124.49,684.70,5800.00,5115.31,31
Grapes,Indian,Patiala,Jind,6240.00,12000.00,142.03,781.17,5760.00,4978.84,32
Grapes,Indian,Ludhiana,Nawanshahr,5000.00,10200.00,47.94,263.67,5200.00,4936.33,33
Grapes,Indian,Bareilly,Bhiwani,2680.00,9780.00,405.01,2227.56,7100.00,4872.45,34
Grapes,Indian,Sirsa,Dhemaji,6000.00,24000.00,2399.61,13197.86,18000.00,4802.15,35
Grapes,Indian,Bhiwani,Moga,9780.00,16000.00,304.99,1677.45,6220.00,4542.56,36
Grapes,Indian,Muktsar,Jind,6000.00,12000.00,269.43,1481.87,6000.00,4518.14,37
Grapes,Indian,"Yamuna Nagar",Bhiwani,4000.00,9780.00,231.78,1274.79,5780.00,4505.21,38
Grapes,Indian,Bareilly,Nawanshahr,2680.00,10200.00,551.39,3032.65,7520.00,4487.36,39
Grapes,Indian,Muktsar,Dhemaji,6000.00,24000.00,2468.55,13577.03,18000.00,4422.98,40
Grapes,Indian,Mandi,Dhemaji,7500.00,24000.00,2196.63,12081.47,16500.00,4418.54,41
Grapes,Indian,Gurdaspur,Dhemaji,6500.00,24000.00,2393.45,13163.98,17500.00,4336.03,42
Grapes,Indian,Raebarelli,Jind,4000.00,12000.00,668.35,3675.93,8000.00,4324.08,43
Grapes,Indian,Lakhimpur,Jind,4590.00,12000.00,576.40,3170.20,7410.00,4239.80,44
Grapes,Indian,Patiala,Nawanshahr,6240.00,10200.00,113.19,622.55,3960.00,3337.46,45
Grapes,Indian,Gurdaspur,Jind,6500.00,12000.00,393.73,2165.52,5500.00,3334.49,46
Grapes,Indian,Ludhiana,Bhiwani,5000.00,9780.00,296.74,1632.07,4780.00,3147.93,47
Grapes,Indian,Muktsar,Nawanshahr,6000.00,10200.00,216.23,1189.27,4200.00,3010.74,48
Grapes,Indian,Gurdaspur,Nawanshahr,6500.00,10200.00,155.23,853.77,3700.00,2846.24,49
Grapes,Indian,Sirsa,Bhiwani,6000.00,9780.00,170.34,936.87,3780.00,2843.13,50
Grapes,Other,Haridwar,Bhiwani,3000.00,24500.00,293.01,1611.56,21500.00,19888.45,1
Grapes,Other,Palwal,Bhiwani,3700.00,24500.00,171.19,941.55,20800.00,19858.46,2
Grapes,Other,Bareilly,Bhiwani,2680.00,24500.00,405.01,2227.56,21820.00,19592.45,3
Grapes,Other,"Garhwal (Pauri)",Bhiwani,3000.00,24500.00,375.11,2063.11,21500.00,19436.90,4
Grapes,Other,Rohtak,Bhiwani,5000.00,24500.00,54.54,299.97,19500.00,19200.03,5
Grapes,Other,Faridabad,Bhiwani,4500.00,24500.00,153.24,842.82,20000.00,19157.18,6
Grapes,Other,Jind,Bhiwani,5000.00,24500.00,76.85,422.68,19500.00,19077.33,7
Grapes,Other,Nanital,Bhiwani,3400.00,24500.00,410.58,2258.19,21100.00,18841.81,8
Grapes,Other,Mewat,Bhiwani,5000.00,24500.00,157.31,865.21,19500.00,18634.80,9
Grapes,Other,Hissar,Bhiwani,5500.00,24500.00,71.50,393.25,19000.00,18606.75,10
Grapes,Other,Dehradoon,Bhiwani,4200.00,24500.00,312.15,1716.83,20300.00,18583.18,11
Grapes,Other,Ludhiana,Bhiwani,4500.00,24500.00,296.74,1632.07,20000.00,18367.93,12
Grapes,Other,Panipat,Bhiwani,5500.00,24500.00,130.84,719.62,19000.00,18280.38,13
Grapes,Other,UdhamSinghNagar,Bhiwani,4000.00,24500.00,407.84,2243.12,20500.00,18256.88,14
Grapes,Other,Jhajar,Bhiwani,6000.00,24500.00,67.03,368.67,18500.00,18131.34,15
Grapes,Other,Jalandhar,Bhiwani,4400.00,24500.00,359.19,1975.55,20100.00,18124.46,16
Grapes,Other,Sonipat,Bhiwani,6000.00,24500.00,110.99,610.45,18500.00,17889.56,17
Grapes,Other,Gurgaon,Bhiwani,6000.00,24500.00,117.88,648.34,18500.00,17851.66,18
Grapes,Other,Ambala,Bhiwani,5400.00,24500.00,232.35,1277.93,19100.00,17822.08,19
Grapes,Other,Tarntaran,Bhiwani,4500.00,24500.00,397.75,2187.63,20000.00,17812.38,20
Grapes,Other,"Yamuna Nagar",Bhiwani,5500.00,24500.00,231.78,1274.79,19000.00,17725.21,21
Grapes,Other,Dhar,Bhiwani,2050.00,24500.00,866.78,4767.29,22450.00,17682.71,22
Grapes,Other,Jodhpur,Bhiwani,4000.00,24500.00,515.45,2834.98,20500.00,17665.03,23
Grapes,Other,Jalore,Bhiwani,3300.00,24500.00,645.93,3552.62,21200.00,17647.39,24
Grapes,Other,Hoshiarpur,Bhiwani,4750.00,24500.00,383.23,2107.77,19750.00,17642.24,25
Grapes,Other,Moga,Bhiwani,5200.00,24500.00,304.99,1677.45,19300.00,17622.56,26
Grapes,Other,Bikaner,Bhiwani,4900.00,24500.00,362.16,1991.88,19600.00,17608.12,27
Grapes,Other,Fatehabad,Bhiwani,5000.00,24500.00,360.86,1984.73,19500.00,17515.27,28
Grapes,Other,Sheopur,Bhiwani,4600.00,24500.00,439.15,2415.33,19900.00,17484.68,29
Grapes,Other,Mansa,Bhiwani,6000.00,24500.00,189.34,1041.37,18500.00,17458.63,30
Grapes,Other,Ajmer,Bhiwani,5000.00,24500.00,372.23,2047.27,19500.00,17452.74,31
Grapes,Other,Sitapur,Bhiwani,3860.00,24500.00,581.89,3200.40,20640.00,17439.61,32
Grapes,Other,Sangrur,Bhiwani,6000.00,24500.00,206.36,1134.98,18500.00,17365.02,33
Grapes,Other,Sirsa,Bhiwani,6250.00,24500.00,170.34,936.87,18250.00,17313.13,34
Grapes,Other,Alwar,Bhiwani,6200.00,24500.00,180.40,992.20,18300.00,17307.80,35
Grapes,Other,Chandigarh,Bhiwani,5750.00,24500.00,276.83,1522.57,18750.00,17227.44,36
Grapes,Other,Bhopal,Bhiwani,3000.00,24500.00,784.81,4316.46,21500.00,17183.55,37
Grapes,Other,Karnal,Bhiwani,6500.00,24500.00,161.33,887.32,18000.00,17112.69,38
Grapes,Other,Fatehgarh,Bhiwani,6000.00,24500.00,258.76,1423.18,18500.00,17076.82,39
Grapes,Other,Mohali,Bhiwani,6000.00,24500.00,272.90,1500.95,18500.00,16999.05,40
Grapes,Other,"Ropar (Rupnagar)",Bhiwani,5950.00,24500.00,306.63,1686.47,18550.00,16863.54,41
Grapes,Other,"Khiri (Lakhimpur)",Bhiwani,4560.00,24500.00,579.31,3186.21,19940.00,16753.80,42
Grapes,Other,Kurukshetra,Bhiwani,7000.00,24500.00,184.08,1012.44,17500.00,16487.56,43
Grapes,Other,Gurdaspur,Bhiwani,5500.00,24500.00,460.35,2531.93,19000.00,16468.08,44
Grapes,Other,Una,Bhiwani,6000.00,24500.00,387.89,2133.40,18500.00,16366.61,45
Grapes,Other,Kaithal,Bhiwani,7375.00,24500.00,143.36,788.48,17125.00,16336.52,46
Grapes,Other,Patiala,Bhiwani,7000.00,24500.00,217.55,1196.53,17500.00,16303.48,47
Grapes,Other,Kota,Bhiwani,5500.00,24500.00,504.44,2774.42,19000.00,16225.58,48
Grapes,Other,Hoshangabad,Bhiwani,3750.00,24500.00,862.75,4745.13,20750.00,16004.88,49
Grapes,Other,Nawanshahr,Bhiwani,6800.00,24500.00,325.25,1788.88,17700.00,15911.13,50
Grapes,White,Faridkot,Ferozpur,3500.00,7000.00,95.69,526.30,3500.00,2973.71,1
Grapes,White,Faridkot,Fatehgarh,3500.00,7200.00,192.54,1058.97,3700.00,2641.03,2
Grapes,White,"Garhwal (Pauri)",Sonipat,3500.00,7500.00,271.06,1490.83,4000.00,2509.17,3
Grapes,White,"Garhwal (Pauri)",Mandi,3500.00,7500.00,289.01,1589.56,4000.00,2410.45,4
Grapes,White,Faridkot,Mandi,3500.00,7500.00,299.86,1649.23,4000.00,2350.77,5
Grapes,White,Meerut,Sonipat,4765.00,7500.00,82.66,454.63,2735.00,2280.37,6
Grapes,White,Etah,Sonipat,3825.00,7500.00,281.61,1548.86,3675.00,2126.15,7
Grapes,White,"Garhwal (Pauri)",Fatehgarh,3500.00,7200.00,292.31,1607.71,3700.00,2092.30,8
Grapes,White,Faridkot,Sonipat,3500.00,7500.00,356.13,1958.72,4000.00,2041.29,9
Grapes,White,"Jalaun (Orai)",Sonipat,3000.00,7500.00,488.88,2688.84,4500.00,1811.16,10
Grapes,White,Warangal,Hyderabad,5000.00,7500.00,184.85,1016.68,2500.00,1483.33,11
Grapes,White,Bengaluru,Bangalore,4000.00,5000.00,0.00,0.00,1000.00,1000.00,12
Grapes,White,Meerut,Fatehgarh,4765.00,7200.00,278.03,1529.17,2435.00,905.84,13
Grapes,White,Meerut,Mandi,4765.00,7500.00,377.51,2076.31,2735.00,658.70,14
Grapes,White,Etah,Fatehgarh,3825.00,7200.00,507.98,2793.89,3375.00,581.11,15
Grapes,White,Etah,Mandi,3825.00,7500.00,600.70,3303.85,3675.00,371.15,16
Grapes,White,"Garhwal (Pauri)",Ferozpur,3500.00,7000.00,569.29,3131.10,3500.00,368.91,17
Grapes,White,"Jalaun (Orai)",Fatehgarh,3000.00,7200.00,721.94,3970.67,4200.00,229.33,18
Grapes,White,Bengaluru,Malappuram,4000.00,6000.00,338.89,1863.90,2000.00,136.11,19
Grapes,White,"Garhwal (Pauri)",Meerut,3500.00,4765.00,213.24,1172.82,1265.00,92.18,20
Grapes,White,Bengaluru,Hyderabad,4000.00,7500.00,624.23,3433.27,3500.00,66.74,21
Grapes,White,"Jalaun (Orai)",Mandi,3000.00,7500.00,816.16,4488.88,4500.00,11.12,22
Guava,Banarasi,Kaithal,Mandi,3150.00,6200.00,267.93,1473.62,3050.00,1576.39,1
Guava,Banarasi,Kaithal,Una,3150.00,5900.00,248.24,1365.32,2750.00,1384.68,2
Guava,Banarasi,Malappuram,Thiruvananthapuram,4900.00,8000.00,371.30,2042.15,3100.00,1057.85,3
Guava,Banarasi,Agra,Mandi,1775.00,6200.00,631.39,3472.65,4425.00,952.36,4
Guava,Banarasi,Agra,Una,1775.00,5900.00,647.51,3561.31,4125.00,563.70,5
Guava,Guava,Jhabua,Anand,1100.00,8200.00,212.56,1169.08,7100.00,5930.92,1
Guava,Guava,Amritsar,Kathua,1500.00,7250.00,129.80,713.90,5750.00,5036.10,2
Guava,Guava,Panchkula,Kangra,1000.00,7000.00,206.80,1137.40,6000.00,4862.60,3
Guava,Guava,Udaipur,Anand,1750.00,8200.00,298.81,1643.46,6450.00,4806.55,4
Guava,Guava,Dhar,Anand,1760.00,8200.00,300.40,1652.20,6440.00,4787.80,5
Guava,Guava,Faridkot,Kathua,1100.00,7250.00,256.35,1409.93,6150.00,4740.08,6
Guava,Guava,Panchkula,Una,1000.00,6500.00,144.71,795.91,5500.00,4704.10,7
Guava,Guava,Panchkula,Kathua,1000.00,7250.00,283.49,1559.20,6250.00,4690.81,8
Guava,Guava,"Kanpur Dehat",Hamirpur,1200.00,6250.00,75.89,417.40,5050.00,4632.61,9
Guava,Guava,Panchkula,Nawanshahr,1000.00,6100.00,102.66,564.63,5100.00,4535.37,10
Guava,Guava,Amritsar,Kangra,1500.00,7000.00,176.61,971.36,5500.00,4528.65,11
Guava,Guava,Faridkot,Kangra,1100.00,7000.00,267.84,1473.12,5900.00,4426.88,12
Guava,Guava,Ujjain,Anand,1850.00,8200.00,372.86,2050.73,6350.00,4299.27,13
Guava,Guava,Kanpur,Hamirpur,1600.00,6250.00,72.66,399.63,4650.00,4250.37,14
Guava,Guava,Indore,Anand,1900.00,8200.00,374.06,2057.33,6300.00,4242.67,15
Guava,Guava,Faridkot,Una,1100.00,6500.00,213.80,1175.90,5400.00,4224.10,16
Guava,Guava,Navsari,Anand,2750.00,8200.00,223.80,1230.90,5450.00,4219.10,17
Guava,Guava,Amritsar,Una,1500.00,6500.00,157.60,866.80,5000.00,4133.20,18
Guava,Guava,"Jalaun (Orai)",Hamirpur,1550.00,6250.00,105.41,579.76,4700.00,4120.25,19
Guava,Guava,Unnao,Hamirpur,1675.00,6250.00,92.31,507.71,4575.00,4067.30,20
Guava,Guava,Faridkot,Nawanshahr,1100.00,6100.00,178.19,980.05,5000.00,4019.96,21
Guava,Guava,Tarntaran,Kathua,2500.00,7250.00,148.60,817.30,4750.00,3932.70,22
Guava,Guava,Muzaffarnagar,Kangra,875.00,7000.00,403.96,2221.78,6125.00,3903.22,23
Guava,Guava,Mohali,Kangra,2000.00,7000.00,202.81,1115.46,5000.00,3884.55,24
Guava,Guava,Guna,Anand,900.00,8200.00,626.18,3443.99,7300.00,3856.01,25
Guava,Guava,Mohali,Una,2000.00,6500.00,137.26,754.93,4500.00,3745.07,26
Guava,Guava,Mohali,Kathua,2000.00,7250.00,275.14,1513.27,5250.00,3736.73,27
Guava,Guava,Muzaffarnagar,Una,875.00,6500.00,343.89,1891.40,5625.00,3733.61,28
Guava,Guava,Muzaffarnagar,Kathua,875.00,7250.00,482.56,2654.08,6375.00,3720.92,29
Guava,Guava,Amritsar,Nawanshahr,1500.00,6100.00,167.04,918.72,4600.00,3681.28,30
Guava,Guava,Panchkula,Fatehgarh,1000.00,5000.00,57.99,318.95,4000.00,3681.06,31
Guava,Guava,Gwalior,Hamirpur,1250.00,6250.00,248.55,1367.03,5000.00,3632.98,32
Guava,Guava,Mohali,Nawanshahr,2000.00,6100.00,89.68,493.24,4100.00,3606.76,33
Guava,Guava,Ludhiana,Kathua,2500.00,7250.00,209.39,1151.65,4750.00,3598.36,34
Guava,Guava,Muzaffarnagar,Nawanshahr,875.00,6100.00,296.36,1629.98,5225.00,3595.02,35
Guava,Guava,Ludhiana,Kangra,2500.00,7000.00,172.73,950.02,4500.00,3549.99,36
Guava,Guava,Surendranagar,Anand,3750.00,8200.00,169.90,934.45,4450.00,3515.55,37
Guava,Guava,Tarntaran,Kangra,2500.00,7000.00,183.33,1008.32,4500.00,3491.69,38
Guava,Guava,Shahjahanpur,Hamirpur,1300.00,6250.00,265.63,1460.97,4950.00,3489.04,39
Guava,Guava,Banda,Hamirpur,2400.00,6250.00,70.43,387.37,3850.00,3462.64,40
Guava,Guava,Ludhiana,Una,2500.00,6500.00,102.49,563.70,4000.00,3436.31,41
Guava,Guava,Amritsar,Rajouri,1500.00,6200.00,231.05,1270.78,4700.00,3429.23,42
Guava,Guava,Rajkot,Anand,3250.00,8200.00,281.15,1546.33,4950.00,3403.68,43
Guava,Guava,Panipat,Kangra,1500.00,7000.00,385.84,2122.12,5500.00,3377.88,44
Guava,Guava,Muktsar,Kathua,2300.00,7250.00,292.03,1606.17,4950.00,3343.84,45
Guava,Guava,Ludhiana,Nawanshahr,2500.00,6100.00,47.94,263.67,3600.00,3336.33,46
Guava,Guava,Mehsana,Anand,4000.00,8200.00,164.29,903.60,4200.00,3296.41,47
Guava,Guava,Harda,Anand,2000.00,8200.00,531.35,2922.43,6200.00,3277.58,48
Guava,Guava,Panipat,Kathua,1500.00,7250.00,451.41,2482.76,5750.00,3267.25,49
Guava,Guava,Panipat,Una,1500.00,6500.00,317.71,1747.41,5000.00,3252.60,50
Guava,"Guava Alahabad",Thirupathur,Sivaganga,3000.00,7500.00,39.15,215.33,4500.00,4284.68,1
Guava,"Guava Alahabad",Thirupathur,Pudukkottai,3000.00,7500.00,46.80,257.40,4500.00,4242.60,2
Guava,"Guava Alahabad",Thirupathur,Theni,3000.00,8000.00,153.91,846.51,5000.00,4153.50,3
Guava,"Guava Alahabad",Thirupathur,Thirunelveli,3000.00,8000.00,225.88,1242.34,5000.00,3757.66,4
Guava,"Guava Alahabad",Thirupathur,Madurai,3000.00,7000.00,70.81,389.46,4000.00,3610.55,5
Guava,"Guava Alahabad",Thirupathur,Thiruvarur,3000.00,7500.00,169.19,930.55,4500.00,3569.46,6
Guava,"Guava Alahabad",Virudhunagar,Theni,4500.00,8000.00,86.90,477.95,3500.00,3022.05,7
Guava,"Guava Alahabad",Virudhunagar,Thirunelveli,4500.00,8000.00,123.29,678.10,3500.00,2821.91,8
Guava,"Guava Alahabad",Cuddalore,Thiruvarur,4000.00,7500.00,137.19,754.55,3500.00,2745.46,9
Guava,"Guava Alahabad",Tuticorin,Thirunelveli,5000.00,8000.00,58.76,323.18,3000.00,2676.82,10
Guava,"Guava Alahabad",Tenkasi,Thirunelveli,5000.00,8000.00,65.95,362.73,3000.00,2637.28,11
Guava,"Guava Alahabad",Thirupathur,Perambalur,3000.00,6500.00,160.30,881.65,3500.00,2618.35,12
Guava,"Guava Alahabad",Thirupathur,Ramanathapuram,3000.00,6200.00,109.31,601.21,3200.00,2598.80,13
Guava,"Guava Alahabad",Virudhunagar,Sivaganga,4500.00,7500.00,82.34,452.87,3000.00,2547.13,14
Guava,"Guava Alahabad",Dindigul,Theni,5000.00,8000.00,82.83,455.57,3000.00,2544.44,15
Guava,"Guava Alahabad",Thirupathur,Thanjavur,3000.00,6000.00,116.89,642.90,3000.00,2357.11,16
Guava,"Guava Alahabad",Nagapattinam,Thiruvarur,5000.00,7500.00,27.35,150.43,2500.00,2349.58,17
Guava,"Guava Alahabad",Cuddalore,Pudukkottai,4000.00,7500.00,230.74,1269.07,3500.00,2230.93,18
Guava,"Guava Alahabad",Virudhunagar,Madurai,4500.00,7000.00,51.44,282.92,2500.00,2217.08,19
Guava,"Guava Alahabad",Thirupathur,"The Nilgiris",3000.00,7000.00,326.84,1797.62,4000.00,2202.38,20
Guava,"Guava Alahabad",Tenkasi,Theni,5000.00,8000.00,147.79,812.85,3000.00,2187.16,21
Guava,"Guava Alahabad",Thiruchirappalli,Pudukkottai,5000.00,7500.00,59.95,329.73,2500.00,2170.28,22
Guava,"Guava Alahabad",Thirupur,Theni,5000.00,8000.00,151.00,830.50,3000.00,2169.50,23
Guava,"Guava Alahabad",Karur,Theni,5000.00,8000.00,155.44,854.92,3000.00,2145.08,24
Guava,"Guava Alahabad",Virudhunagar,Pudukkottai,4500.00,7500.00,159.95,879.73,3000.00,2120.28,25
Guava,"Guava Alahabad",Thirupathur,Namakkal,3000.00,6000.00,165.09,908.00,3000.00,2092.01,26
Guava,"Guava Alahabad",Erode,Theni,5000.00,8000.00,187.75,1032.63,3000.00,1967.38,27
Guava,"Guava Alahabad",Tuticorin,Theni,5000.00,8000.00,190.43,1047.37,3000.00,1952.64,28
Guava,"Guava Alahabad",Dindigul,Sivaganga,5000.00,7500.00,100.44,552.42,2500.00,1947.58,29
Guava,"Guava Alahabad",Thiruchirappalli,Theni,5000.00,8000.00,199.31,1096.21,3000.00,1903.80,30
Guava,"Guava Alahabad",Dindigul,Pudukkottai,5000.00,7500.00,112.19,617.05,2500.00,1882.96,31
Guava,"Guava Alahabad",Cuddalore,Theni,4000.00,8000.00,394.13,2167.72,4000.00,1832.29,32
Guava,"Guava Alahabad",Vellore,Thiruvarur,4000.00,7500.00,305.43,1679.87,3500.00,1820.14,33
Guava,"Guava Alahabad",Karur,Pudukkottai,5000.00,7500.00,125.23,688.77,2500.00,1811.24,34
Guava,"Guava Alahabad",Thiruchirappalli,Thiruvarur,5000.00,7500.00,129.83,714.07,2500.00,1785.94,35
Guava,"Guava Alahabad",Cuddalore,Sivaganga,4000.00,7500.00,315.93,1737.62,3500.00,1762.39,36
Guava,"Guava Alahabad",Thiruchirappalli,Sivaganga,5000.00,7500.00,136.21,749.16,2500.00,1750.85,37
Guava,"Guava Alahabad",Vellore,Ranipet,4000.00,6000.00,46.40,255.20,2000.00,1744.80,38
Guava,"Guava Alahabad",Dindigul,Thirunelveli,5000.00,8000.00,228.94,1259.17,3000.00,1740.83,39
Guava,"Guava Alahabad",Cuddalore,Perambalur,4000.00,6500.00,139.96,769.78,2500.00,1730.22,40
Guava,"Guava Alahabad",Thirupathur,Kallakuruchi,3000.00,6000.00,231.83,1275.07,3000.00,1724.94,41
Guava,"Guava Alahabad",Tuticorin,Sivaganga,5000.00,7500.00,151.89,835.40,2500.00,1664.61,42
Guava,"Guava Alahabad",Nagapattinam,Pudukkottai,5000.00,7500.00,153.36,843.48,2500.00,1656.52,43
Guava,"Guava Alahabad",Dindigul,Madurai,5000.00,7000.00,64.51,354.81,2000.00,1645.20,44
Guava,"Guava Alahabad",Salem,Theni,5000.00,8000.00,248.20,1365.10,3000.00,1634.90,45
Guava,"Guava Alahabad",Thirupathur,Coimbatore,3000.00,6000.00,254.10,1397.55,3000.00,1602.45,46
Guava,"Guava Alahabad",Karur,Sivaganga,5000.00,7500.00,164.15,902.83,2500.00,1597.18,47
Guava,"Guava Alahabad",Ariyalur,Thiruvarur,5400.00,7500.00,92.11,506.61,2100.00,1593.40,48
Guava,"Guava Alahabad",Vellore,Kancheepuram,4000.00,6000.00,78.25,430.38,2000.00,1569.63,49
Guava,"Guava Alahabad",Cuddalore,Villupuram,4000.00,5800.00,44.14,242.77,1800.00,1557.23,50
Guava,"Guava Allahabad",Thirupathur,Theni,4000.00,10000.00,153.91,846.51,6000.00,5153.50,1
Guava,"Guava Allahabad",Virudhunagar,Theni,4500.00,10000.00,86.90,477.95,5500.00,5022.05,2
Guava,"Guava Allahabad",Thirupur,Theni,4750.00,10000.00,151.00,830.50,5250.00,4419.50,3
Guava,"Guava Allahabad",Tuticorin,Theni,4750.00,10000.00,190.43,1047.37,5250.00,4202.64,4
Guava,"Guava Allahabad",Tenkasi,Theni,5000.00,10000.00,147.79,812.85,5000.00,4187.16,5
Guava,"Guava Allahabad",Dindigul,Theni,5500.00,10000.00,82.83,455.57,4500.00,4044.44,6
Guava,"Guava Allahabad",Thirupathur,Sivaganga,4000.00,8000.00,39.15,215.33,4000.00,3784.68,7
Guava,"Guava Allahabad",Erode,Theni,5250.00,10000.00,187.75,1032.63,4750.00,3717.38,8
Guava,"Guava Allahabad",Coimbatore,Theni,5500.00,10000.00,153.01,841.56,4500.00,3658.45,9
Guava,"Guava Allahabad",Karur,Theni,5500.00,10000.00,155.44,854.92,4500.00,3645.08,10
Guava,"Guava Allahabad",Nagapattinam,Theni,4500.00,10000.00,339.93,1869.62,5500.00,3630.39,11
Guava,"Guava Allahabad",Thiruvannamalai,Theni,4500.00,10000.00,378.28,2080.54,5500.00,3419.46,12
Guava,"Guava Allahabad",Thirupathur,Thanjavur,4000.00,8000.00,116.89,642.90,4000.00,3357.11,13
Guava,"Guava Allahabad",Cuddalore,Theni,4500.00,10000.00,394.13,2167.72,5500.00,3332.29,14
Guava,"Guava Allahabad",Kallakuruchi,Theni,5000.00,10000.00,314.05,1727.28,5000.00,3272.73,15
Guava,"Guava Allahabad",Thirupathur,Pudukkottai,4000.00,7500.00,46.80,257.40,3500.00,3242.60,16
Guava,"Guava Allahabad",Namakkal,Theni,5750.00,10000.00,192.80,1060.40,4250.00,3189.60,17
Guava,"Guava Allahabad",Salem,Theni,5500.00,10000.00,248.20,1365.10,4500.00,3134.90,18
Guava,"Guava Allahabad",Thirupathur,Madurai,4000.00,7500.00,70.81,389.46,3500.00,3110.55,19
Guava,"Guava Allahabad",Virudhunagar,Sivaganga,4500.00,8000.00,82.34,452.87,3500.00,3047.13,20
Guava,"Guava Allahabad",Nagapattinam,Thanjavur,4500.00,8000.00,96.95,533.23,3500.00,2966.78,21
Guava,"Guava Allahabad",Vellore,Theni,4500.00,10000.00,461.50,2538.25,5500.00,2961.75,22
Guava,"Guava Allahabad",Virudhunagar,Madurai,4500.00,7500.00,51.44,282.92,3000.00,2717.08,23
Guava,"Guava Allahabad",Cuddalore,Thanjavur,4500.00,8000.00,161.03,885.67,3500.00,2614.34,24
Guava,"Guava Allahabad",Kancheepuram,Theni,4750.00,10000.00,493.98,2716.89,5250.00,2533.11,25
Guava,"Guava Allahabad",Krishnagiri,Theni,5500.00,10000.00,364.13,2002.72,4500.00,2497.29,26
Guava,"Guava Allahabad",Thirupathur,Thiruchirappalli,4000.00,7000.00,98.08,539.44,3000.00,2460.56,27
Guava,"Guava Allahabad",Tuticorin,Sivaganga,4750.00,8000.00,151.89,835.40,3250.00,2414.61,28
Guava,"Guava Allahabad",Thiruvannamalai,Thanjavur,4500.00,8000.00,204.49,1124.70,3500.00,2375.31,29
Guava,"Guava Allahabad",Nagapattinam,Thiruvarur,4500.00,7000.00,27.35,150.43,2500.00,2349.58,30
Guava,"Guava Allahabad",Nagapattinam,Sivaganga,4500.00,8000.00,225.36,1239.48,3500.00,2260.52,31
Guava,"Guava Allahabad",Kallakuruchi,Thanjavur,5000.00,8000.00,136.80,752.40,3000.00,2247.60,32
Guava,"Guava Allahabad",Virudhunagar,Thanjavur,4500.00,8000.00,230.13,1265.72,3500.00,2234.29,33
Guava,"Guava Allahabad",Nagapattinam,Pudukkottai,4500.00,7500.00,153.36,843.48,3000.00,2156.52,34
Guava,"Guava Allahabad",Thirupur,"The Nilgiris",4750.00,7500.00,110.80,609.40,2750.00,2140.60,35
Guava,"Guava Allahabad",Virudhunagar,Pudukkottai,4500.00,7500.00,159.95,879.73,3000.00,2120.28,36
Guava,"Guava Allahabad",Perambalur,Theni,6500.00,10000.00,255.60,1405.80,3500.00,2094.20,37
Guava,"Guava Allahabad",Thirupathur,Thiruvarur,4000.00,7000.00,169.19,930.55,3000.00,2069.46,38
Guava,"Guava Allahabad",Madurai,Theni,7500.00,10000.00,88.50,486.75,2500.00,2013.25,39
Guava,"Guava Allahabad",Thirunelveli,Theni,7000.00,10000.00,181.19,996.55,3000.00,2003.46,40
Guava,"Guava Allahabad",Thirupur,Sivaganga,4750.00,8000.00,231.43,1272.87,3250.00,1977.14,41
Guava,"Guava Allahabad",Dindigul,Sivaganga,5500.00,8000.00,100.44,552.42,2500.00,1947.58,42
Guava,"Guava Allahabad",Tuticorin,Thirunelveli,4750.00,7000.00,58.76,323.18,2250.00,1926.82,43
Guava,"Guava Allahabad",Thiruchirappalli,Theni,7000.00,10000.00,199.31,1096.21,3000.00,1903.80,44
Guava,"Guava Allahabad",Tuticorin,Madurai,4750.00,7500.00,154.34,848.87,2750.00,1901.13,45
Guava,"Guava Allahabad",Thirupur,Thanjavur,4750.00,8000.00,245.61,1350.86,3250.00,1899.15,46
Guava,"Guava Allahabad",Villupuram,Theni,6000.00,10000.00,384.61,2115.36,4000.00,1884.65,47
Guava,"Guava Allahabad",Tenkasi,Sivaganga,5000.00,8000.00,203.68,1120.24,3000.00,1879.76,48
Guava,"Guava Allahabad",Vellore,Thanjavur,4500.00,8000.00,297.45,1635.98,3500.00,1864.03,49
Guava,"Guava Allahabad","Nagercoil (Kannyiakumari)",Theni,6750.00,10000.00,254.54,1399.97,3250.00,1850.03,50
Guava,"Guava Sardar",Amritsar,Udhampur,2000.00,4250.00,181.69,999.30,2250.00,1250.71,1
Guava,Other,Malappuram,Thirssur,4500.00,11000.00,75.78,416.79,6500.00,6083.21,1
Guava,Other,Kolhapur,Thirssur,1600.00,11000.00,900.55,4953.03,9400.00,4446.98,2
Guava,Other,Jalandhar,Kapurthala,2200.00,6747.50,24.74,136.07,4547.50,4411.43,3
Guava,Other,Morena,Hamirpur,1300.00,7200.00,279.21,1535.66,5900.00,4364.35,4
Guava,Other,Kollam,Thirssur,5400.00,11000.00,231.11,1271.11,5600.00,4328.90,5
Guava,Other,Sagar,Hamirpur,1100.00,7200.00,344.13,1892.72,6100.00,4207.29,6
Guava,Other,Amritsar,Kapurthala,2500.00,6747.50,69.71,383.41,4247.50,3864.10,7
Guava,Other,Tarntaran,Kapurthala,2600.00,6747.50,56.59,311.25,4147.50,3836.26,8
Guava,Other,Jalandhar,Kangra,2200.00,6750.00,133.86,736.23,4550.00,3813.77,9
Guava,Other,Chhatarpur,Hamirpur,2500.00,7200.00,161.45,887.98,4700.00,3812.03,10
Guava,Other,Ludhiana,Kapurthala,2500.00,6747.50,85.21,468.66,4247.50,3778.85,11
Guava,Other,Solapur,Thirssur,2000.00,11000.00,994.63,5470.47,9000.00,3529.54,12
Guava,Other,Sholapur,Thirssur,2000.00,11000.00,996.08,5478.44,9000.00,3521.56,13
Guava,Other,Fatehabad,Hamirpur,2200.00,7200.00,274.00,1507.00,5000.00,3493.00,14
Guava,Other,Jalandhar,Anantnag,2200.00,7500.00,337.55,1856.53,5300.00,3443.48,15
Guava,Other,Hoshiarpur,Kapurthala,3000.00,6747.50,65.54,360.47,3747.50,3387.03,16
Guava,Other,Amritsar,Anantnag,2500.00,7500.00,293.59,1614.75,5000.00,3385.26,17
Guava,Other,Dharashiv(Usmanabad),Thirssur,1800.00,11000.00,1064.76,5856.18,9200.00,3343.82,18
Guava,Other,Sirsa,Kapurthala,2000.00,6747.50,259.36,1426.48,4747.50,3321.02,19
Guava,Other,Kurukshetra,Kapurthala,2000.00,6747.50,260.84,1434.62,4747.50,3312.88,20
Guava,Other,Bhatinda,Kapurthala,2500.00,6747.50,171.26,941.93,4247.50,3305.57,21
Guava,Other,Katni,Hamirpur,2200.00,7200.00,308.93,1699.12,5000.00,3300.89,22
Guava,Other,Ludhiana,Kangra,2500.00,6750.00,172.73,950.02,4250.00,3299.99,23
Guava,Other,Jalandhar,Chamba,2200.00,6500.00,182.03,1001.17,4300.00,3298.84,24
Guava,Other,Amritsar,Kangra,2500.00,6750.00,176.61,971.36,4250.00,3278.65,25
Guava,Other,Sheopur,Hamirpur,1550.00,7200.00,433.54,2384.47,5650.00,3265.53,26
Guava,Other,Hoshiarpur,Kangra,3000.00,6750.00,88.69,487.80,3750.00,3262.21,27
Guava,Other,Sangli,Thirssur,2750.00,11000.00,908.93,4999.12,8250.00,3250.89,28
Guava,Other,Tarntaran,Anantnag,2600.00,7500.00,318.05,1749.28,4900.00,3150.73,29
Guava,Other,Tarntaran,Kangra,2600.00,6750.00,183.33,1008.32,4150.00,3141.69,30
Guava,Other,Jalandhar,Srinagar,2200.00,7500.00,393.24,2162.82,5300.00,3137.18,31
Guava,Other,Amritsar,Srinagar,2500.00,7500.00,340.66,1873.63,5000.00,3126.37,32
Guava,Other,Dharashiv,Thirssur,2025.00,11000.00,1064.76,5856.18,8975.00,3118.82,33
Guava,Other,Kurukshetra,Shimla,2000.00,6000.00,161.95,890.73,4000.00,3109.28,34
Guava,Other,Haridwar,Shimla,1800.00,6000.00,199.71,1098.41,4200.00,3101.60,35
Guava,Other,Fazilka,Kapurthala,2500.00,6747.50,210.93,1160.12,4247.50,3087.39,36
Guava,Other,Kurukshetra,Kangra,2000.00,6750.00,303.48,1669.14,4750.00,3080.86,37
Guava,Other,Faridabad,Hamirpur,1500.00,7200.00,487.20,2679.60,5700.00,3020.40,38
Guava,Other,Dehradoon,Shimla,2200.00,6000.00,150.21,826.16,3800.00,2973.85,39
Guava,Other,Amritsar,Chamba,2500.00,6500.00,195.00,1072.50,4000.00,2927.50,40
Guava,Other,Haridwar,Kangra,1800.00,6750.00,374.13,2057.72,4950.00,2892.29,41
Guava,Other,Bhopal,Hamirpur,1500.00,7200.00,510.58,2808.19,5700.00,2891.81,42
Guava,Other,Tarntaran,Srinagar,2600.00,7500.00,365.83,2012.07,4900.00,2887.94,43
Guava,Other,Muktsar,Kapurthala,3000.00,6747.50,163.58,899.69,3747.50,2847.81,44
Guava,Other,Mohali,Kapurthala,2890.00,6747.50,184.15,1012.83,3857.50,2844.68,45
Guava,Other,Nanital,Hamirpur,1700.00,7200.00,484.46,2664.53,5500.00,2835.47,46
Guava,Other,Haridwar,Kapurthala,1800.00,6747.50,386.23,2124.27,4947.50,2823.24,47
Guava,Other,Ludhiana,Anantnag,2500.00,7500.00,400.49,2202.70,5000.00,2797.31,48
Guava,Other,Mewat,Hamirpur,1800.00,7200.00,476.49,2620.70,5400.00,2779.31,49
Guava,Other,Dehradoon,Kangra,2200.00,6750.00,324.00,1782.00,4550.00,2768.00,50
Mango,Amrapali,Kottayam,Thiruvananthapuram,2000.00,8000.00,160.80,562.80,6000.00,5437.20,1
Mango,Amrapali,Kottayam,Malappuram,2000.00,7900.00,210.73,737.56,5900.00,5162.45,2
Mango,Amrapali,Kalahandi,Khurda,1600.00,6200.00,341.79,1196.27,4600.00,3403.74,3
Mango,Amrapali,Kottayam,Kollam,2000.00,5500.00,97.64,341.74,3500.00,3158.26,4
Mango,Amrapali,Kottayam,Alappuzha,2000.00,5200.00,30.14,105.49,3200.00,3094.51,5
Mango,Amrapali,Cuttack,Khurda,3500.00,6200.00,50.91,178.19,2700.00,2521.82,6
Mango,Amrapali,Kollam,Thiruvananthapuram,5500.00,8000.00,72.36,253.26,2500.00,2246.74,7
Mango,Amrapali,Alappuzha,Thiruvananthapuram,5200.00,8000.00,161.80,566.30,2800.00,2233.70,8
Mango,Amrapali,Alappuzha,Malappuram,5200.00,7900.00,216.76,758.66,2700.00,1941.34,9
Mango,Amrapali,Mayurbhanja,Khurda,3500.00,6200.00,258.34,904.19,2700.00,1795.81,10
Mango,Amrapali,Kollam,Malappuram,5500.00,7900.00,306.89,1074.12,2400.00,1325.89,11
Mango,Amrapali,Kalahandi,Malappuram,1600.00,7900.00,1546.30,5412.05,6300.00,887.95,12
Mango,Amrapali,Ganganagar,Ferozpur,4950.00,5800.00,69.44,243.04,850.00,606.96,13
Mango,Amrapali,Kalahandi,Cuttack,1600.00,3500.00,373.44,1307.04,1900.00,592.96,14
Mango,Amrapali,Kalahandi,Thiruvananthapuram,1600.00,8000.00,1783.10,6240.85,6400.00,159.15,15
Mango,Amrapali,Kalahandi,Mayurbhanja,1600.00,3500.00,512.31,1793.09,1900.00,106.92,16
Mango,Badami,Sirsa,Ganganagar,1800.00,14000.00,149.64,523.74,12200.00,11676.26,1
Mango,Badami,Bulandshahar,Ganganagar,1200.00,14000.00,526.64,1843.24,12800.00,10956.76,2
Mango,Badami,Panipat,Ganganagar,2000.00,14000.00,381.61,1335.64,12000.00,10664.37,3
Mango,Badami,Ludhiana,Ganganagar,2500.00,14000.00,274.34,960.19,11500.00,10539.81,4
Mango,Badami,Amroha,Ganganagar,1450.00,14000.00,575.43,2014.01,12550.00,10536.00,5
Mango,Badami,Baghpat,Ganganagar,2000.00,14000.00,427.33,1495.66,12000.00,10504.35,6
Mango,Badami,Saharanpur,Ganganagar,2900.00,14000.00,443.25,1551.38,11100.00,9548.63,7
Mango,Badami,Etah,Ganganagar,2275.00,14000.00,667.74,2337.09,11725.00,9387.91,8
Mango,Badami,Jhabua,Ganganagar,1200.00,14000.00,997.95,3492.83,12800.00,9307.18,9
Mango,Badami,Moga,Ganganagar,4000.00,14000.00,200.81,702.84,10000.00,9297.17,10
Mango,Badami,Sangrur,Ganganagar,4000.00,14000.00,240.15,840.53,10000.00,9159.48,11
Mango,Badami,Auraiya,Ganganagar,1900.00,14000.00,841.63,2945.71,12100.00,9154.30,12
Mango,Badami,Rampur,Ganganagar,2850.00,14000.00,644.85,2256.98,11150.00,8893.03,13
Mango,Badami,Rohtak,Ganganagar,4000.00,14000.00,356.33,1247.16,10000.00,8752.85,14
Mango,Badami,Mohali,Ganganagar,4000.00,14000.00,357.20,1250.20,10000.00,8749.80,15
Mango,Badami,Ambala,Ganganagar,4000.00,14000.00,357.45,1251.08,10000.00,8748.93,16
Mango,Badami,Jodhpur,Ganganagar,3500.00,14000.00,513.34,1796.69,10500.00,8703.31,17
Mango,Badami,Bhiwani,Ganganagar,4250.00,14000.00,316.69,1108.42,9750.00,8641.59,18
Mango,Badami,Tarntaran,Ganganagar,4500.00,14000.00,246.94,864.29,9500.00,8635.71,19
Mango,Badami,Rewari,Ganganagar,4000.00,14000.00,410.81,1437.84,10000.00,8562.17,20
Mango,Badami,Lakhimpur,Ganganagar,2450.00,14000.00,883.84,3093.44,11550.00,8456.56,21
Mango,Badami,Kaithal,Ganganagar,4500.00,14000.00,303.01,1060.54,9500.00,8439.47,22
Mango,Badami,Pillibhit,Ganganagar,3095.00,14000.00,740.89,2593.12,10905.00,8311.89,23
Mango,Badami,Ujjain,Ganganagar,2525.00,14000.00,966.70,3383.45,11475.00,8091.55,24
Mango,Badami,Khargone,Ganganagar,2000.00,14000.00,1145.50,4009.25,12000.00,7990.75,25
Mango,Badami,Harda,Ganganagar,2200.00,14000.00,1127.41,3945.94,11800.00,7854.07,26
Mango,Badami,"Siddharth Nagar",Ganganagar,2110.00,14000.00,1156.90,4049.15,11890.00,7840.85,27
Mango,Badami,Sheopur,Ganganagar,3800.00,14000.00,685.51,2399.29,10200.00,7800.72,28
Mango,Badami,Adilabad,Ganganagar,900.00,14000.00,1541.24,5394.34,13100.00,7705.66,29
Mango,Badami,Jalore,Ganganagar,4200.00,14000.00,653.28,2286.48,9800.00,7513.52,30
Mango,Badami,Kushinagar,Ganganagar,1962.50,14000.00,1304.33,4565.16,12037.50,7472.35,31
Mango,Badami,"Bhadohi(Sant Ravi Nagar)",Ganganagar,2230.00,14000.00,1241.83,4346.41,11770.00,7423.60,32
Mango,Badami,Kangra,Ganganagar,5250.00,14000.00,416.58,1458.03,8750.00,7291.97,33
Mango,Badami,Jabalpur,Ganganagar,2500.00,14000.00,1202.81,4209.84,11500.00,7290.17,34
Mango,Badami,Satna,Ganganagar,3000.00,14000.00,1132.73,3964.56,11000.00,7035.45,35
Mango,Badami,"Jalaun (Orai)",Ganganagar,4000.00,14000.00,851.13,2978.96,10000.00,7021.05,36
Mango,Badami,Bharuch,Ganganagar,3000.00,14000.00,1149.31,4022.59,11000.00,6977.42,37
Mango,Badami,Mehsana,Ganganagar,4000.00,14000.00,897.91,3142.69,10000.00,6857.32,38
Mango,Badami,Rajgarh,Ganganagar,4250.00,14000.00,894.49,3130.72,9750.00,6619.29,39
Mango,Badami,Hamirpur,Ganganagar,4080.00,14000.00,947.13,3314.96,9920.00,6605.05,40
Mango,Badami,Rewa,Ganganagar,3300.00,14000.00,1184.58,4146.03,10700.00,6553.97,41
Mango,Badami,Shimla,Ganganagar,6000.00,14000.00,426.73,1493.56,8000.00,6506.45,42
Mango,Badami,Jhansi,Ganganagar,4560.00,14000.00,848.71,2970.49,9440.00,6469.52,43
Mango,Badami,Sehore,Ganganagar,4000.00,14000.00,1015.56,3554.46,10000.00,6445.54,44
Mango,Badami,Amethi,Ganganagar,3700.00,14000.00,1104.98,3867.43,10300.00,6432.57,45
Mango,Badami,Jaipur,Ganganagar,6000.00,14000.00,480.28,1680.98,8000.00,6319.02,46
Mango,Badami,"Kanpur Dehat",Ganganagar,4700.00,14000.00,878.71,3075.49,9300.00,6224.52,47
Mango,Badami,Khammam,Ganganagar,1100.00,14000.00,1933.66,6767.81,12900.00,6132.19,48
Mango,Badami,Gaya,Ganganagar,2600.00,14000.00,1546.46,5412.61,11400.00,5987.39,49
Mango,Badami,Jagtial,Ganganagar,2200.00,14000.00,1672.84,5854.94,11800.00,5945.06,50
Mango,Chausa,Anantnag,Srinagar,3500.00,11250.00,63.23,221.31,7750.00,7528.70,1
Mango,Chausa,Haridwar,Srinagar,1500.00,11250.00,697.26,2440.41,9750.00,7309.59,2
Mango,Chausa,Kanpur,Hamirpur,1900.00,9200.00,72.66,254.31,7300.00,7045.69,3
Mango,Chausa,Faridkot,Srinagar,2700.00,11250.00,475.38,1663.83,8550.00,6886.17,4
Mango,Chausa,Muzaffarnagar,Srinagar,1950.00,11250.00,727.09,2544.82,9300.00,6755.19,5
Mango,Chausa,Nanital,Srinagar,1750.00,11250.00,852.46,2983.61,9500.00,6516.39,6
Mango,Chausa,Saharanpur,Srinagar,2500.00,11250.00,656.70,2298.45,8750.00,6451.55,7
Mango,Chausa,Hardoi,Hamirpur,2100.00,9200.00,198.78,695.73,7100.00,6404.27,8
Mango,Chausa,Rampur,Srinagar,1750.00,11250.00,891.04,3118.64,9500.00,6381.36,9
Mango,Chausa,Fatehpur,Hamirpur,2332.50,9200.00,214.43,750.51,6867.50,6117.00,10
Mango,Chausa,Mirzapur,Hamirpur,1950.00,9200.00,324.66,1136.31,7250.00,6113.69,11
Mango,Chausa,Rampur,Hamirpur,1750.00,9200.00,415.63,1454.71,7450.00,5995.30,12
Mango,Chausa,Prayagraj,Hamirpur,2470.00,9200.00,224.85,786.98,6730.00,5943.03,13
Mango,Chausa,Karnal,Srinagar,3000.00,11250.00,662.15,2317.53,8250.00,5932.48,14
Mango,Chausa,Unnao,Hamirpur,2950.00,9200.00,92.31,323.09,6250.00,5926.92,15
Mango,Chausa,Bulandshahar,Srinagar,2300.00,11250.00,867.31,3035.59,8950.00,5914.42,16
Mango,Chausa,Rajouri,Srinagar,5000.00,11250.00,126.03,441.11,6250.00,5808.90,17
Mango,Chausa,Nanital,Hamirpur,1750.00,9200.00,484.46,1695.61,7450.00,5754.39,18
Mango,Chausa,Firozabad,Hamirpur,2550.00,9200.00,274.30,960.05,6650.00,5689.95,19
Mango,Chausa,Banda,Hamirpur,3325.00,9200.00,70.43,246.51,5875.00,5628.50,20
Mango,Chausa,Kurukshetra,Srinagar,3500.00,11250.00,619.29,2167.52,7750.00,5582.49,21
Mango,Chausa,Haridwar,Hamirpur,1500.00,9200.00,605.98,2120.93,7700.00,5579.07,22
Mango,Chausa,Udhamsinghnagar,Srinagar,2550.00,11250.00,893.03,3125.61,8700.00,5574.40,23
Mango,Chausa,Shamli,Srinagar,3220.00,11250.00,710.30,2486.05,8030.00,5543.95,24
Mango,Chausa,"Jalaun (Orai)",Hamirpur,3300.00,9200.00,105.41,368.94,5900.00,5531.07,25
Mango,Chausa,Dehradoon,Srinagar,3500.00,11250.00,646.01,2261.04,7750.00,5488.97,26
Mango,Chausa,Amethi,Hamirpur,3015.00,9200.00,209.13,731.96,6185.00,5453.05,27
Mango,Chausa,"Gautam Budh Nagar",Srinagar,2800.00,11250.00,857.71,3001.99,8450.00,5448.02,28
Mango,Chausa,Barabanki,Hamirpur,3050.00,9200.00,205.83,720.41,6150.00,5429.60,29
Mango,Chausa,Patiala,Srinagar,3900.00,11250.00,552.43,1933.51,7350.00,5416.50,30
Mango,Chausa,Bulandshahar,Hamirpur,2300.00,9200.00,443.63,1552.71,6900.00,5347.30,31
Mango,Chausa,Sitapur,Hamirpur,3055.00,9200.00,231.91,811.69,6145.00,5333.32,32
Mango,Chausa,Hathras,Hamirpur,2700.00,9200.00,346.20,1211.70,6500.00,5288.30,33
Mango,Chausa,Muzaffarnagar,Hamirpur,1950.00,9200.00,572.80,2004.80,7250.00,5245.20,34
Mango,Chausa,Kannuj,Hamirpur,3425.00,9200.00,151.45,530.08,5775.00,5244.93,35
Mango,Chausa,"Khiri (Lakhimpur)",Hamirpur,2975.00,9200.00,287.40,1005.90,6225.00,5219.10,36
Mango,Chausa,Hardoi,Srinagar,2100.00,11250.00,1126.55,3942.93,9150.00,5207.08,37
Mango,Chausa,Farukhabad,Hamirpur,3300.00,9200.00,210.99,738.47,5900.00,5161.54,38
Mango,Chausa,Udhamsinghnagar,Hamirpur,2550.00,9200.00,436.00,1526.00,6650.00,5124.00,39
Mango,Chausa,Hathras,Srinagar,2700.00,11250.00,980.46,3431.61,8550.00,5118.39,40
Mango,Chausa,Kangra,Srinagar,5000.00,11250.00,324.09,1134.32,6250.00,5115.69,41
Mango,Chausa,Sonipat,Srinagar,3500.00,11250.00,753.41,2636.94,7750.00,5113.07,42
Mango,Chausa,Shahjahanpur,Hamirpur,3200.00,9200.00,265.63,929.71,6000.00,5070.30,43
Mango,Chausa,Haridwar,Una,1500.00,7700.00,324.90,1137.15,6200.00,5062.85,44
Mango,Chausa,Ghaziabad,Srinagar,3370.00,11250.00,814.51,2850.79,7880.00,5029.22,45
Mango,Chausa,Firozabad,Srinagar,2550.00,11250.00,1054.39,3690.37,8700.00,5009.64,46
Mango,Chausa,Kanpur,Srinagar,1900.00,11250.00,1248.79,4370.77,9350.00,4979.24,47
Mango,Chausa,Fatehgarh,Srinagar,4500.00,11250.00,512.84,1794.94,6750.00,4955.06,48
Mango,Chausa,Hoshiarpur,Srinagar,5000.00,11250.00,376.10,1316.35,6250.00,4933.65,49
Mango,Chausa,Meerut,Srinagar,3590.00,11250.00,785.11,2747.89,7660.00,4912.12,50
Mango,Dusheri,Valsad,Navsari,3000.00,9026.00,45.89,160.62,6026.00,5865.39,1
Mango,Dusheri,Bharuch,Navsari,3000.00,9026.00,104.38,365.33,6026.00,5660.67,2
Mango,Dusheri,Adilabad,Navsari,1000.00,9026.00,750.99,2628.47,8026.00,5397.54,3
Mango,Dusheri,Muzaffarnagar,Faridabad,825.00,6000.00,157.80,552.30,5175.00,4622.70,4
Mango,Dusheri,Muzaffarnagar,Patiala,825.00,6000.00,199.79,699.27,5175.00,4475.74,5
Mango,Dusheri,Harda,Navsari,2800.00,9026.00,570.35,1996.23,6226.00,4229.78,6
Mango,Dusheri,Gwalior,Navsari,1450.00,9026.00,991.78,3471.23,7576.00,4104.77,7
Mango,Dusheri,Morena,Navsari,1500.00,9026.00,1003.75,3513.13,7526.00,4012.88,8
Mango,Dusheri,Adilabad,Warangal,1000.00,6000.00,290.71,1017.49,5000.00,3982.52,9
Mango,Dusheri,Muzaffarnagar,Bhiwani,825.00,5500.00,212.76,744.66,4675.00,3930.34,10
Mango,Dusheri,Muzaffarnagar,Fatehgarh,825.00,5500.00,228.14,798.49,4675.00,3876.51,11
Mango,Dusheri,Mancherial,Navsari,2000.00,9026.00,900.79,3152.77,7026.00,3873.24,12
Mango,Dusheri,Bulandshahar,Faridabad,1910.00,6000.00,66.09,231.32,4090.00,3858.69,13
Mango,Dusheri,Muzaffarnagar,Karnal,825.00,5000.00,93.39,326.87,4175.00,3848.14,14
Mango,Dusheri,Meerut,Faridabad,1900.00,6000.00,97.21,340.24,4100.00,3759.77,15
Mango,Dusheri,Haridwar,Patiala,1500.00,6000.00,219.54,768.39,4500.00,3731.61,16
Mango,Dusheri,Nanital,Faridabad,1250.00,6000.00,295.19,1033.17,4750.00,3716.84,17
Mango,Dusheri,Sheopur,Navsari,2500.00,9026.00,813.88,2848.58,6526.00,3677.42,18
Mango,Dusheri,Muzaffarnagar,Mansa,825.00,5500.00,288.03,1008.11,4675.00,3666.90,19
Mango,Dusheri,Haridwar,Faridabad,1500.00,6000.00,240.11,840.39,4500.00,3659.62,20
Mango,Dusheri,Muzaffarnagar,Ludhiana,825.00,5500.00,299.99,1049.97,4675.00,3625.04,21
Mango,Dusheri,Saharanpur,Patiala,1926.00,6000.00,148.60,520.10,4074.00,3553.90,22
Mango,Dusheri,Muzaffarnagar,Navsari,825.00,9026.00,1328.30,4649.05,8201.00,3551.95,23
Mango,Dusheri,Adilabad,Durg,1000.00,6000.00,416.54,1457.89,5000.00,3542.11,24
Mango,Dusheri,Morena,Faridabad,1500.00,6000.00,277.09,969.82,4500.00,3530.19,25
Mango,Dusheri,Baghpat,Faridabad,2200.00,6000.00,78.61,275.14,3800.00,3524.87,26
Mango,Dusheri,Shamli,Faridabad,1980.00,6000.00,145.95,510.83,4020.00,3509.18,27
Mango,Dusheri,Bharuch,Porbandar,3000.00,8000.00,434.08,1519.28,5000.00,3480.72,28
Mango,Dusheri,Mancherial,Warangal,2000.00,6000.00,153.15,536.03,4000.00,3463.98,29
Mango,Dusheri,Rampur,Faridabad,1800.00,6000.00,216.81,758.84,4200.00,3441.17,30
Mango,Dusheri,Etah,Faridabad,1865.00,6000.00,200.11,700.39,4135.00,3434.62,31
Mango,Dusheri,Shamli,Patiala,1980.00,6000.00,167.95,587.83,4020.00,3432.18,32
Mango,Dusheri,Gwalior,Faridabad,1450.00,6000.00,320.18,1120.63,4550.00,3429.37,33
Mango,Dusheri,Valsad,Porbandar,3000.00,8000.00,452.39,1583.37,5000.00,3416.64,34
Mango,Dusheri,"Gautam Budh Nagar",Faridabad,2500.00,6000.00,24.81,86.84,3500.00,3413.17,35
Mango,Dusheri,"Yamuna Nagar",Patiala,2200.00,6000.00,110.79,387.77,3800.00,3412.24,36
Mango,Dusheri,Muzaffarnagar,Gurdaspur,825.00,5800.00,451.34,1579.69,4975.00,3395.31,37
Mango,Dusheri,Nanital,Patiala,1250.00,6000.00,391.75,1371.13,4750.00,3378.88,38
Mango,Dusheri,Saharanpur,Faridabad,1926.00,6000.00,221.54,775.39,4074.00,3298.61,39
Mango,Dusheri,Meerut,Patiala,1900.00,6000.00,244.38,855.33,4100.00,3244.67,40
Mango,Dusheri,Satna,Navsari,1900.00,9026.00,1126.99,3944.47,7126.00,3181.54,41
Mango,Dusheri,Haridwar,Fatehgarh,1500.00,5500.00,234.16,819.56,4000.00,3180.44,42
Mango,Dusheri,Sonipat,Faridabad,2500.00,6000.00,91.86,321.51,3500.00,3178.49,43
Mango,Dusheri,"Ranga Reddy",Navsari,2777.80,9026.00,891.74,3121.09,6248.20,3127.11,44
Mango,Dusheri,Gwalior,Shivpuri,1450.00,5000.00,128.83,450.91,3550.00,3099.10,45
Mango,Dusheri,Aligarh,Faridabad,2500.00,6000.00,116.21,406.74,3500.00,3093.27,46
Mango,Dusheri,Etah,Navsari,1865.00,9026.00,1171.24,4099.34,7161.00,3061.66,47
Mango,Dusheri,Muzaffarnagar,Ferozpur,825.00,5500.00,461.70,1615.95,4675.00,3059.05,48
Mango,Dusheri,Baghpat,Patiala,2200.00,6000.00,217.66,761.81,3800.00,3038.19,49
Mango,Dusheri,Haridwar,Karnal,1500.00,5000.00,146.81,513.84,3500.00,2986.17,50
Mango,Fazli,Saharanpur,Delhi,1900.00,5000.00,187.78,657.23,3100.00,2442.77,1
Mango,Fazli,Saharanpur,Jammu,1900.00,5500.00,494.39,1730.37,3600.00,1869.64,2
Mango,Fazli,Dehradoon,Delhi,2500.00,5000.00,251.96,881.86,2500.00,1618.14,3
Mango,Fazli,"Khiri (Lakhimpur)",Shravasti,2570.00,4650.00,141.33,494.66,2080.00,1585.35,4
Mango,Fazli,Dehradoon,Jammu,2500.00,5500.00,498.71,1745.49,3000.00,1254.52,5
Mango,Fazli,Fatehpur,Shravasti,3050.00,4650.00,113.49,397.22,1600.00,1202.79,6
Mango,Fazli,"Khiri (Lakhimpur)",Delhi,2570.00,5000.00,446.39,1562.37,2430.00,867.64,7
Mango,Fazli,Saharanpur,Shravasti,1900.00,4650.00,614.98,2152.43,2750.00,597.57,8
Mango,Fazli,Saharanpur,Dehradoon,1900.00,2500.00,75.46,264.11,600.00,335.89,9
Mango,Fazli,Fatehpur,Delhi,3050.00,5000.00,532.59,1864.07,1950.00,85.94,10
Mango,Fazli,Dehradoon,Shravasti,2500.00,4650.00,593.09,2075.82,2150.00,74.19,11
Mango,Fazli,"Khiri (Lakhimpur)",Fatehpur,2570.00,3050.00,121.21,424.24,480.00,55.77,12
Mango,Hapus(Alphaso),Valsad,Ahilyanagar,1600.00,57500.00,318.19,1113.67,55900.00,54786.34,1
Mango,Hapus(Alphaso),Sholapur,Ahilyanagar,2200.00,57500.00,248.93,871.26,55300.00,54428.75,2
Mango,Hapus(Alphaso),Thane,Ahilyanagar,2900.00,57500.00,235.54,824.39,54600.00,53775.61,3
Mango,Hapus(Alphaso),"Uttara Kannada",Ahilyanagar,2400.00,57500.00,597.93,2092.76,55100.00,53007.25,4
Mango,Hapus(Alphaso),Kolar,Ahilyanagar,1300.00,57500.00,942.04,3297.14,56200.00,52902.86,5
Mango,Hapus(Alphaso),"Karwar(Uttar Kannad)",Ahilyanagar,3200.00,57500.00,599.20,2097.20,54300.00,52202.80,6
Mango,Hapus(Alphaso),"Ranga Reddy",Ahilyanagar,5000.00,57500.00,554.25,1939.88,52500.00,50560.13,7
Mango,Hapus(Alphaso),Pune,Ahilyanagar,6500.00,57500.00,144.05,504.18,51000.00,50495.83,8
Mango,Hapus(Alphaso),Mahendragarh-Narnaul,Ahilyanagar,4500.00,57500.00,1121.33,3924.66,53000.00,49075.35,9
Mango,Hapus(Alphaso),Sangli,Ahilyanagar,8500.00,57500.00,312.36,1093.26,49000.00,47906.74,10
Mango,Hapus(Alphaso),Bharuch,Ahilyanagar,9000.00,57500.00,428.68,1500.38,48500.00,46999.62,11
Mango,Hapus(Alphaso),Amarawati,Ahilyanagar,9000.00,57500.00,467.86,1637.51,48500.00,46862.49,12
Mango,Hapus(Alphaso),Solapur,Ahilyanagar,10000.00,57500.00,250.84,877.94,47500.00,46622.06,13
Mango,Hapus(Alphaso),Hyderabad,Ahilyanagar,10555.64,57500.00,544.94,1907.29,46944.36,45037.07,14
Mango,Hapus(Alphaso),Bangalore,Ahilyanagar,10000.00,57500.00,930.05,3255.18,47500.00,44244.83,15
Mango,Hapus(Alphaso),Jodhpur,Ahilyanagar,10000.00,57500.00,1025.81,3590.34,47500.00,43909.67,16
Mango,Hapus(Alphaso),Palghar,Ahilyanagar,17500.00,57500.00,273.09,955.82,40000.00,39044.19,17
Mango,Hapus(Alphaso),Ahmednagar,Ahilyanagar,19000.00,57500.00,1.31,4.59,38500.00,38495.42,18
Mango,Hapus(Alphaso),Delhi,Ahilyanagar,15833.00,57500.00,1365.24,4778.34,41667.00,36888.66,19
Mango,Hapus(Alphaso),Nashik,Ahilyanagar,20000.00,57500.00,178.35,624.23,37500.00,36875.78,20
Mango,Hapus(Alphaso),Mumbai,Ahilyanagar,22500.00,57500.00,253.16,886.06,35000.00,34113.94,21
Mango,Hapus(Alphaso),Valsad,Mumbai,1600.00,22500.00,232.49,813.72,20900.00,20086.29,22
Mango,Hapus(Alphaso),Thane,Mumbai,2900.00,22500.00,39.98,139.93,19600.00,19460.07,23
Mango,Hapus(Alphaso),Sholapur,Mumbai,2200.00,22500.00,441.89,1546.62,20300.00,18753.39,24
Mango,Hapus(Alphaso),"Uttara Kannada",Mumbai,2400.00,22500.00,624.01,2184.04,20100.00,17915.97,25
Mango,Hapus(Alphaso),Valsad,Nashik,1600.00,20000.00,140.56,491.96,18400.00,17908.04,26
Mango,Hapus(Alphaso),Kolar,Mumbai,1300.00,22500.00,1072.65,3754.28,21200.00,17445.73,27
Mango,Hapus(Alphaso),"Karwar(Uttar Kannad)",Mumbai,3200.00,22500.00,598.18,2093.63,19300.00,17206.37,28
Mango,Hapus(Alphaso),Thane,Nashik,2900.00,20000.00,155.49,544.22,17100.00,16555.79,29
Mango,Hapus(Alphaso),Sholapur,Nashik,2200.00,20000.00,426.51,1492.79,17800.00,16307.22,30
Mango,Hapus(Alphaso),Valsad,Ahmednagar,1600.00,19000.00,317.21,1110.24,17400.00,16289.77,31
Mango,Hapus(Alphaso),Sholapur,Ahmednagar,2200.00,19000.00,249.73,874.06,16800.00,15925.95,32
Mango,Hapus(Alphaso),Pune,Mumbai,6500.00,22500.00,147.55,516.43,16000.00,15483.58,33
Mango,Hapus(Alphaso),Valsad,Palghar,1600.00,17500.00,128.20,448.70,15900.00,15451.30,34
Mango,Hapus(Alphaso),Thane,Ahmednagar,2900.00,19000.00,234.23,819.81,16100.00,15280.20,35
Mango,Hapus(Alphaso),"Uttara Kannada",Nashik,2400.00,20000.00,732.48,2563.68,17600.00,15036.32,36
Mango,Hapus(Alphaso),Kolar,Nashik,1300.00,20000.00,1114.88,3902.08,18700.00,14797.92,37
Mango,Hapus(Alphaso),"Ranga Reddy",Mumbai,5000.00,22500.00,778.68,2725.38,17500.00,14774.62,38
Mango,Hapus(Alphaso),"Uttara Kannada",Ahmednagar,2400.00,19000.00,597.89,2092.62,16600.00,14507.39,39
Mango,Hapus(Alphaso),Kolar,Ahmednagar,1300.00,19000.00,942.68,3299.38,17700.00,14400.62,40
Mango,Hapus(Alphaso),Thane,Palghar,2900.00,17500.00,73.83,258.41,14600.00,14341.60,41
Mango,Hapus(Alphaso),"Karwar(Uttar Kannad)",Nashik,3200.00,20000.00,721.40,2524.90,16800.00,14275.10,42
Mango,Hapus(Alphaso),"Karwar(Uttar Kannad)",Ahmednagar,3200.00,19000.00,599.01,2096.54,15800.00,13703.47,43
Mango,Hapus(Alphaso),Sholapur,Palghar,2200.00,17500.00,499.43,1748.01,15300.00,13552.00,44
Mango,Hapus(Alphaso),Mahendragarh-Narnaul,Mumbai,4500.00,22500.00,1350.75,4727.63,18000.00,13272.38,45
Mango,Hapus(Alphaso),Pune,Nashik,6500.00,20000.00,208.64,730.24,13500.00,12769.76,46
Mango,Hapus(Alphaso),Sangli,Mumbai,8500.00,22500.00,369.79,1294.27,14000.00,12705.74,47
Mango,Hapus(Alphaso),"Uttara Kannada",Palghar,2400.00,17500.00,725.26,2538.41,15100.00,12561.59,48
Mango,Hapus(Alphaso),"Ranga Reddy",Nashik,5000.00,20000.00,726.94,2544.29,15000.00,12455.71,49
Mango,Hapus(Alphaso),Bharuch,Mumbai,9000.00,22500.00,382.74,1339.59,13500.00,12160.41,50
Mango,Keshar,Valsad,Navsari,4000.00,8843.50,45.89,160.62,4843.50,4682.89,1
Mango,Keshar,Amreli,Navsari,4000.00,8843.50,241.45,845.08,4843.50,3998.43,2
Mango,Keshar,Amreli,Porbandar,4000.00,8500.00,206.78,723.73,4500.00,3776.27,3
Mango,Keshar,Surat,Navsari,5000.00,8843.50,37.09,129.82,3843.50,3713.69,4
Mango,Keshar,Bharuch,Navsari,5000.00,8843.50,104.38,365.33,3843.50,3478.17,5
Mango,Keshar,Amreli,Surendranagar,4000.00,8000.00,165.23,578.31,4000.00,3421.70,6
Mango,Keshar,Tumakuru,Navsari,1350.00,8843.50,1168.65,4090.28,7493.50,3403.23,7
Mango,Keshar,Tumkur,Navsari,1500.00,8843.50,1191.89,4171.62,7343.50,3171.89,8
Mango,Keshar,Amreli,Rajkot,4000.00,7375.00,109.58,383.53,3375.00,2991.47,9
Mango,Keshar,Valsad,Porbandar,4000.00,8500.00,452.39,1583.37,4500.00,2916.64,10
Mango,Keshar,Amreli,Mehsana,4000.00,8000.00,313.49,1097.22,4000.00,2902.79,11
Mango,Keshar,"Gir Somnath",Porbandar,5000.00,8500.00,177.48,621.18,3500.00,2878.82,12
Mango,Keshar,"Gir Somnath",Navsari,5000.00,8843.50,280.39,981.37,3843.50,2862.14,13
Mango,Keshar,Valsad,Surendranagar,4000.00,8000.00,337.88,1182.58,4000.00,2817.42,14
Mango,Keshar,"Ranga Reddy",Navsari,3194.47,8843.50,891.74,3121.09,5649.03,2527.94,15
Mango,Keshar,Valsad,Mehsana,4000.00,8000.00,421.80,1476.30,4000.00,2523.70,16
Mango,Keshar,Kolar,Navsari,1900.00,8843.50,1284.56,4495.96,6943.50,2447.54,17
Mango,Keshar,Bharuch,Surendranagar,5000.00,8000.00,224.03,784.11,3000.00,2215.90,18
Mango,Keshar,Amreli,Kachchh,4000.00,7250.00,322.78,1129.73,3250.00,2120.27,19
Mango,Keshar,Valsad,Rajkot,4000.00,7375.00,362.16,1267.56,3375.00,2107.44,20
Mango,Keshar,Surat,Surendranagar,5000.00,8000.00,263.34,921.69,3000.00,2078.31,21
Mango,Keshar,"Gir Somnath",Surendranagar,5000.00,8000.00,270.41,946.44,3000.00,2053.57,22
Mango,Keshar,Bharuch,Mehsana,5000.00,8000.00,276.76,968.66,3000.00,2031.34,23
Mango,Keshar,Surat,Porbandar,5000.00,8500.00,421.33,1474.66,3500.00,2025.35,24
Mango,Keshar,Bharuch,Porbandar,5000.00,8500.00,434.08,1519.28,3500.00,1980.72,25
Mango,Keshar,Tumakuru,Porbandar,1350.00,8500.00,1493.01,5225.54,7150.00,1924.47,26
Mango,Keshar,Bengaluru,Navsari,2500.00,8843.50,1267.08,4434.78,6343.50,1908.72,27
Mango,Keshar,Surat,Mehsana,5000.00,8000.00,340.38,1191.33,3000.00,1808.67,28
Mango,Keshar,"Gir Somnath",Rajkot,5000.00,7375.00,184.86,647.01,2375.00,1727.99,29
Mango,Keshar,Tumkur,Porbandar,1500.00,8500.00,1520.48,5321.68,7000.00,1678.32,30
Mango,Keshar,"Gir Somnath",Mehsana,5000.00,8000.00,420.06,1470.21,3000.00,1529.79,31
Mango,Keshar,Tumakuru,Surendranagar,1350.00,8000.00,1466.51,5132.79,6650.00,1517.22,32
Mango,Keshar,"Ropar (Rupnagar)",Jammu,4500.00,7000.00,309.48,1083.18,2500.00,1416.82,33
Mango,Keshar,Bangalore,Navsari,3000.00,8843.50,1267.08,4434.78,5843.50,1408.72,34
Mango,Keshar,Bharuch,Rajkot,5000.00,7375.00,294.31,1030.09,2375.00,1344.92,35
Mango,Keshar,Hyderabad,Navsari,4444.48,8843.50,877.69,3071.92,4399.02,1327.11,36
Mango,Keshar,Surat,Rajkot,5000.00,7375.00,305.65,1069.78,2375.00,1305.23,37
Mango,Keshar,Tumkur,Surendranagar,1500.00,8000.00,1490.20,5215.70,6500.00,1284.30,38
Mango,Keshar,Tumakuru,Mehsana,1350.00,8000.00,1534.34,5370.19,6650.00,1279.81,39
Mango,Keshar,Valsad,Kachchh,4000.00,7250.00,566.79,1983.77,3250.00,1266.24,40
Mango,Keshar,Tumakuru,Bangalore,1350.00,3000.00,113.89,398.62,1650.00,1251.39,41
Mango,Keshar,Tumkur,Bangalore,1500.00,3000.00,83.08,290.78,1500.00,1209.22,42
Mango,Keshar,"Ranga Reddy",Hyderabad,3194.47,4444.48,35.65,124.78,1250.01,1125.24,43
Mango,Keshar,Tumkur,Mehsana,1500.00,8000.00,1556.00,5446.00,6500.00,1054.00,44
Mango,Keshar,Tumakuru,Hyderabad,1350.00,4444.48,591.49,2070.22,3094.48,1024.27,45
Mango,Keshar,"Gir Somnath",Kachchh,5000.00,7250.00,384.46,1345.61,2250.00,904.39,46
Mango,Keshar,Kolar,Porbandar,1900.00,8500.00,1633.01,5715.54,6600.00,884.47,47
Mango,Keshar,Tumakuru,Rajkot,1350.00,7375.00,1472.20,5152.70,6025.00,872.30,48
Mango,Keshar,Tumkur,Hyderabad,1500.00,4444.48,592.10,2072.35,2944.48,872.13,49
Mango,Keshar,Kolar,Bangalore,1900.00,3000.00,76.43,267.51,1100.00,832.50,50
Mango,Langra,Saharanpur,Kurukshetra,1250.00,7500.00,86.70,303.45,6250.00,5946.55,1
Mango,Langra,Shamli,Kurukshetra,1550.00,7500.00,94.48,330.68,5950.00,5619.32,2
Mango,Langra,Haridwar,Kurukshetra,1550.00,7500.00,160.19,560.67,5950.00,5389.34,3
Mango,Langra,Ambala,Kurukshetra,2000.00,7500.00,54.33,190.16,5500.00,5309.85,4
Mango,Langra,Jhabua,Navsari,1500.00,7750.00,332.49,1163.72,6250.00,5086.29,5
Mango,Langra,Saharanpur,Bhiwani,1250.00,7000.00,236.78,828.73,5750.00,4921.27,6
Mango,Langra,Rampur,Kurukshetra,1500.00,7500.00,313.63,1097.71,6000.00,4902.30,7
Mango,Langra,Shamli,Bhiwani,1550.00,7000.00,169.39,592.87,5450.00,4857.14,8
Mango,Langra,Dehradoon,Kurukshetra,2200.00,7500.00,152.21,532.74,5300.00,4767.27,9
Mango,Langra,UdhamSinghNagar,Kurukshetra,1550.00,7500.00,345.64,1209.74,5950.00,4740.26,10
Mango,Langra,Bulandshahar,Kurukshetra,1900.00,7500.00,249.66,873.81,5600.00,4726.19,11
Mango,Langra,Haridwar,Bhiwani,1550.00,7000.00,293.01,1025.54,5450.00,4424.47,12
Mango,Langra,Bharuch,Navsari,3000.00,7750.00,104.38,365.33,4750.00,4384.67,13
Mango,Langra,Bulandshahar,Bhiwani,1900.00,7000.00,215.26,753.41,5100.00,4346.59,14
Mango,Langra,Gwalior,Kurukshetra,1300.00,7500.00,546.86,1914.01,6200.00,4285.99,15
Mango,Langra,Rampur,Bhiwani,1500.00,7000.00,352.05,1232.18,5500.00,4267.83,16
Mango,Langra,Ambala,Bhiwani,2000.00,7000.00,232.35,813.23,5000.00,4186.78,17
Mango,Langra,Gwalior,Bhiwani,1300.00,7000.00,436.85,1528.98,5700.00,4171.03,18
Mango,Langra,Meerut,Kurukshetra,2750.00,7500.00,171.05,598.68,4750.00,4151.33,19
Mango,Langra,Amroha,Kurukshetra,2500.00,7500.00,249.74,874.09,5000.00,4125.91,20
Mango,Langra,Shahjahanpur,Kurukshetra,1800.00,7500.00,476.78,1668.73,5700.00,4031.27,21
Mango,Langra,UdhamSinghNagar,Bhiwani,1550.00,7000.00,407.84,1427.44,5450.00,4022.56,22
Mango,Langra,Sonipat,Kurukshetra,3000.00,7500.00,136.78,478.73,4500.00,4021.27,23
Mango,Langra,Nanital,Kurukshetra,2350.00,7500.00,326.49,1142.72,5150.00,4007.29,24
Mango,Langra,Saharanpur,Mandi,1250.00,6025.00,242.24,847.84,4775.00,3927.16,25
Mango,Langra,Sambhal,Kurukshetra,2590.00,7500.00,286.05,1001.18,4910.00,3908.83,26
Mango,Langra,Dehradoon,Bhiwani,2200.00,7000.00,312.15,1092.53,4800.00,3707.48,27
Mango,Langra,Sonipat,Bhiwani,3000.00,7000.00,110.99,388.47,4000.00,3611.54,28
Mango,Langra,Meerut,Bhiwani,2750.00,7000.00,192.06,672.21,4250.00,3577.79,29
Mango,Langra,Shahjahanpur,Bhiwani,1800.00,7000.00,480.19,1680.67,5200.00,3519.34,30
Mango,Langra,Haridwar,Mandi,1550.00,6025.00,273.28,956.48,4475.00,3518.52,31
Mango,Langra,Amroha,Bhiwani,2500.00,7000.00,283.98,993.93,4500.00,3506.07,32
Mango,Langra,Saharanpur,Patiala,1250.00,5250.00,148.60,520.10,4000.00,3479.90,33
Mango,Langra,Mathura,Kurukshetra,2800.00,7500.00,359.59,1258.57,4700.00,3441.44,34
Mango,Langra,Agra,Kurukshetra,2625.00,7500.00,411.94,1441.79,4875.00,3433.21,35
Mango,Langra,Shamli,Mandi,1550.00,6025.00,309.41,1082.94,4475.00,3392.07,36
Mango,Langra,Ambala,Mandi,2000.00,6025.00,181.04,633.64,4025.00,3391.36,37
Mango,Langra,Sambhal,Bhiwani,2590.00,7000.00,297.74,1042.09,4410.00,3367.91,38
Mango,Langra,Sirmore,Kurukshetra,3750.00,7500.00,112.61,394.14,3750.00,3355.87,39
Mango,Langra,Delhi,Kurukshetra,3500.00,7500.00,189.46,663.11,4000.00,3336.89,40
Mango,Langra,Hyderabad,Navsari,1388.90,7750.00,877.69,3071.92,6361.10,3289.19,41
Mango,Langra,Mathura,Bhiwani,2800.00,7000.00,260.41,911.44,4200.00,3288.57,42
Mango,Langra,Agra,Bhiwani,2625.00,7000.00,318.69,1115.42,4375.00,3259.59,43
Mango,Langra,Nanital,Bhiwani,2350.00,7000.00,410.58,1437.03,4650.00,3212.97,44
Mango,Langra,Shamli,Patiala,1550.00,5250.00,167.95,587.83,3700.00,3112.18,45
Mango,Langra,Ambala,Patiala,2000.00,5250.00,49.25,172.38,3250.00,3077.63,46
Mango,Langra,Dehradoon,Mandi,2200.00,6025.00,221.24,774.34,3825.00,3050.66,47
Mango,Langra,Delhi,Bhiwani,3500.00,7000.00,133.08,465.78,3500.00,3034.22,48
Mango,Langra,"Ropar (Rupnagar)",Kurukshetra,4000.00,7500.00,143.56,502.46,3500.00,2997.54,49
Mango,Langra,Gwalior,Navsari,1300.00,7750.00,991.78,3471.23,6450.00,2978.77,50
Mango,Malgoa,Kolar,Salem,5000.00,14500.00,204.34,715.19,9500.00,8784.81,1
Mango,Malgoa,Karur,Salem,5500.00,14500.00,99.15,347.03,9000.00,8652.98,2
Mango,Malgoa,Karur,Namakkal,5500.00,14250.00,38.16,133.56,8750.00,8616.44,3
Mango,Malgoa,Kolar,Namakkal,5000.00,14250.00,266.93,934.26,9250.00,8315.75,4
Mango,Malgoa,Alappuzha,Salem,4850.00,14500.00,390.90,1368.15,9650.00,8281.85,5
Mango,Malgoa,Karur,Thiruchirappalli,5500.00,14000.00,85.84,300.44,8500.00,8199.56,6
Mango,Malgoa,Alappuzha,Namakkal,4850.00,14250.00,347.05,1214.68,9400.00,8185.33,7
Mango,Malgoa,Alappuzha,Thiruchirappalli,4850.00,14000.00,370.68,1297.38,9150.00,7852.62,8
Mango,Malgoa,Kolar,Thiruchirappalli,5000.00,14000.00,332.69,1164.42,9000.00,7835.59,9
Mango,Malgoa,Bangalore,Salem,6000.00,14500.00,197.33,690.66,8500.00,7809.35,10
Mango,Malgoa,Bangalore,Namakkal,6000.00,14250.00,257.01,899.54,8250.00,7350.47,11
Mango,Malgoa,Hyderabad,Salem,4583.37,14500.00,796.21,2786.74,9916.63,7129.90,12
Mango,Malgoa,Bangalore,Thiruchirappalli,6000.00,14000.00,336.68,1178.38,8000.00,6821.62,13
Mango,Malgoa,Hyderabad,Namakkal,4583.37,14250.00,858.54,3004.89,9666.63,6661.74,14
Mango,Malgoa,Hyderabad,Thiruchirappalli,4583.37,14000.00,915.06,3202.71,9416.63,6213.92,15
Mango,Malgoa,Theni,Salem,8000.00,14500.00,248.20,868.70,6500.00,5631.30,16
Mango,Malgoa,Ranipet,Salem,8000.00,14500.00,252.55,883.93,6500.00,5616.08,17
Mango,Malgoa,Theni,Namakkal,8000.00,14250.00,192.80,674.80,6250.00,5575.20,18
Mango,Malgoa,Theni,Thiruchirappalli,8000.00,14000.00,199.31,697.59,6000.00,5302.42,19
Mango,Malgoa,Ranipet,Namakkal,8000.00,14250.00,298.39,1044.37,6250.00,5205.64,20
Mango,Malgoa,Tenkasi,Salem,8000.00,14500.00,393.80,1378.30,6500.00,5121.70,21
Mango,Malgoa,Tenkasi,Namakkal,8000.00,14250.00,335.45,1174.08,6250.00,5075.93,22
Mango,Malgoa,Ranipet,Thiruchirappalli,8000.00,14000.00,315.80,1105.30,6000.00,4894.70,23
Mango,Malgoa,Tenkasi,Thiruchirappalli,8000.00,14000.00,319.10,1116.85,6000.00,4883.15,24
Mango,Malgoa,Vellore,Salem,9000.00,14500.00,217.76,762.16,5500.00,4737.84,25
Mango,Malgoa,Hyderabad,Dharmapuri,4583.37,10000.00,230.48,806.68,5416.63,4609.95,26
Mango,Malgoa,Krishnagiri,Salem,9500.00,14500.00,119.81,419.34,5000.00,4580.67,27
Mango,Malgoa,Coimbatore,Salem,9500.00,14500.00,186.54,652.89,5000.00,4347.11,28
Mango,Malgoa,Vellore,Namakkal,9000.00,14250.00,268.71,940.49,5250.00,4309.52,29
Mango,Malgoa,Kolar,Krishnagiri,5000.00,9500.00,85.48,299.18,4500.00,4200.82,30
Mango,Malgoa,Coimbatore,Namakkal,9500.00,14250.00,166.76,583.66,4750.00,4166.34,31
Mango,Malgoa,Krishnagiri,Namakkal,9500.00,14250.00,182.16,637.56,4750.00,4112.44,32
Mango,Malgoa,Vellore,Thiruchirappalli,9000.00,14000.00,297.96,1042.86,5000.00,3957.14,33
Mango,Malgoa,Alappuzha,Coimbatore,4850.00,9500.00,224.84,786.94,4650.00,3863.06,34
Mango,Malgoa,Coimbatore,Thiruchirappalli,9500.00,14000.00,236.09,826.32,4500.00,3673.69,35
Mango,Malgoa,Krishnagiri,Thiruchirappalli,9500.00,14000.00,247.84,867.44,4500.00,3632.56,36
Mango,Malgoa,Kolar,Vellore,5000.00,9000.00,139.14,486.99,4000.00,3513.01,37
Mango,Malgoa,Karur,Coimbatore,5500.00,9500.00,151.51,530.29,4000.00,3469.72,38
Mango,Malgoa,Kolar,Coimbatore,5000.00,9500.00,337.88,1182.58,4500.00,3317.42,39
Mango,Malgoa,Karur,Krishnagiri,5500.00,9500.00,218.94,766.29,4000.00,3233.71,40
Mango,Malgoa,Bangalore,Krishnagiri,6000.00,9500.00,104.76,366.66,3500.00,3133.34,41
Mango,Malgoa,Alappuzha,Krishnagiri,4850.00,9500.00,493.09,1725.82,4650.00,2924.19,42
Mango,Malgoa,Alappuzha,Tenkasi,4850.00,8000.00,153.99,538.97,3150.00,2611.04,43
Mango,Malgoa,Hyderabad,Krishnagiri,4583.37,9500.00,676.41,2367.44,4916.63,2549.20,44
Mango,Malgoa,Alappuzha,Theni,4850.00,8000.00,172.75,604.63,3150.00,2545.38,45
Mango,Malgoa,Bangalore,Coimbatore,6000.00,9500.00,289.16,1012.06,3500.00,2487.94,46
Mango,Malgoa,Karur,Vellore,5500.00,9000.00,306.35,1072.23,3500.00,2427.78,47
Mango,Malgoa,Kolar,Ranipet,5000.00,8000.00,183.36,641.76,3000.00,2358.24,48
Mango,Malgoa,Bangalore,Vellore,6000.00,9000.00,208.84,730.94,3000.00,2269.06,49
Mango,Malgoa,Hyderabad,Vellore,4583.37,9000.00,628.95,2201.33,4416.63,2215.31,50
Mango,Mango,Seoni,Mahendragarh-Narnaul,2000.00,5000.00,372.70,1304.45,3000.00,1695.55,1
Mango,Mango,Kolar,Bengaluru,2500.00,3250.00,76.43,267.51,750.00,482.50,2
Mango,Mango,Kolar,Bangalore,2500.00,3250.00,76.43,267.51,750.00,482.50,2
Mango,Mango,Kalaburagi,Kalburgi,3000.00,3200.00,15.59,54.57,200.00,145.44,3
Mango,Neelam,Patiala,Delhi,2700.00,16000.00,255.46,894.11,13300.00,12405.89,1
Mango,Neelam,"Jalaun (Orai)",Delhi,3000.00,16000.00,435.31,1523.59,13000.00,11476.42,2
Mango,Neelam,Harda,Delhi,2875.00,16000.00,877.20,3070.20,13125.00,10054.80,3
Mango,Neelam,"Ranga Reddy",Delhi,1111.12,16000.00,1607.03,5624.61,14888.88,9264.28,4
Mango,Neelam,Bharuch,Delhi,2900.00,16000.00,1104.43,3865.51,13100.00,9234.50,5
Mango,Neelam,Hyderabad,Delhi,1350.00,16000.00,1573.18,5506.13,14650.00,9143.87,6
Mango,Neelam,Kalahandi,Delhi,2675.00,16000.00,1429.88,5004.58,13325.00,8320.42,7
Mango,Neelam,"Bengaluru South",Delhi,800.00,16000.00,2214.21,7749.74,15200.00,7450.27,8
Mango,Neelam,Tumkur,Delhi,1500.00,16000.00,2128.05,7448.18,14500.00,7051.83,9
Mango,Neelam,"Bengaluru South",Thirupur,800.00,8500.00,226.63,793.21,7700.00,6906.80,10
Mango,Neelam,Chittor,Delhi,1600.00,16000.00,2159.64,7558.74,14400.00,6841.26,11
Mango,Neelam,Patiala,Rajouri,2700.00,11000.00,467.20,1635.20,8300.00,6664.80,12
Mango,Neelam,Kolar,Delhi,1800.00,16000.00,2159.00,7556.50,14200.00,6643.50,13
Mango,Neelam,"Bengaluru South",Malappuram,800.00,8250.00,288.05,1008.18,7450.00,6441.83,14
Mango,Neelam,Dharmapuri,Delhi,4775.00,16000.00,1370.35,4796.23,11225.00,6428.78,15
Mango,Neelam,Tumakuru,Delhi,2500.00,16000.00,2117.34,7410.69,13500.00,6089.31,16
Mango,Neelam,"Bengaluru South",Thiruchirappalli,800.00,8000.00,324.39,1135.37,7200.00,6064.64,17
Mango,Neelam,Tumkur,Thirupur,1500.00,8500.00,314.73,1101.56,7000.00,5898.45,18
Mango,Neelam,Krishnagiri,Delhi,2250.00,16000.00,2244.25,7854.88,13750.00,5895.13,19
Mango,Neelam,Bengaluru,Delhi,2500.00,16000.00,2178.56,7624.96,13500.00,5875.04,20
Mango,Neelam,Kolar,Thirupur,1800.00,8500.00,303.54,1062.39,6700.00,5637.61,21
Mango,Neelam,Chittor,Thirupur,1600.00,8500.00,376.94,1319.29,6900.00,5580.71,22
Mango,Neelam,Tumkur,Malappuram,1500.00,8250.00,348.43,1219.51,6750.00,5530.50,23
Mango,Neelam,Krishnagiri,Thirupur,2250.00,8500.00,231.15,809.03,6250.00,5440.98,24
Mango,Neelam,Chittor,Thiruchirappalli,1600.00,8000.00,337.99,1182.97,6400.00,5217.04,25
Mango,Neelam,Bengaluru,Thirupur,2500.00,8500.00,264.55,925.93,6000.00,5074.08,26
Mango,Neelam,Tumkur,Thiruchirappalli,1500.00,8000.00,412.74,1444.59,6500.00,5055.41,27
Mango,Neelam,Kolar,Malappuram,1800.00,8250.00,403.50,1412.25,6450.00,5037.75,28
Mango,Neelam,Kolar,Thiruchirappalli,1800.00,8000.00,332.69,1164.42,6200.00,5035.59,29
Mango,Neelam,"Bengaluru South",Karur,800.00,6750.00,265.58,929.53,5950.00,5020.47,30
Mango,Neelam,Krishnagiri,Thiruchirappalli,2250.00,8000.00,247.84,867.44,5750.00,4882.56,31
Mango,Neelam,Bangalore,Delhi,3500.00,16000.00,2178.56,7624.96,12500.00,4875.04,32
Mango,Neelam,Chittor,Malappuram,1600.00,8250.00,508.19,1778.67,6650.00,4871.34,33
Mango,Neelam,Tumakuru,Thirupur,2500.00,8500.00,330.35,1156.23,6000.00,4843.78,34
Mango,Neelam,"Bengaluru South",Coimbatore,800.00,6500.00,245.13,857.96,5700.00,4842.05,35
Mango,Neelam,Vellore,Delhi,3500.00,16000.00,2201.68,7705.88,12500.00,4794.12,36
Mango,Neelam,Krishnagiri,Malappuram,2250.00,8250.00,356.20,1246.70,6000.00,4753.30,37
Mango,Neelam,Palakad,Thirupur,3450.00,8500.00,104.80,366.80,5050.00,4683.20,38
Mango,Neelam,Bengaluru,Malappuram,2500.00,8250.00,338.89,1186.12,5750.00,4563.89,39
Mango,Neelam,Tumakuru,Malappuram,2500.00,8250.00,348.20,1218.70,5750.00,4531.30,40
Mango,Neelam,Palakad,Malappuram,3450.00,8250.00,87.01,304.54,4800.00,4495.47,41
Mango,Neelam,"North Goa",Delhi,5000.00,16000.00,1867.71,6536.99,11000.00,4463.02,42
Mango,Neelam,"Ranga Reddy",Thirupur,1111.12,8500.00,852.73,2984.56,7388.88,4404.33,43
Mango,Neelam,Bengaluru,Thiruchirappalli,2500.00,8000.00,336.68,1178.38,5500.00,4321.62,44
Mango,Neelam,Chittor,Ranipet,1600.00,6000.00,62.88,220.08,4400.00,4179.92,45
Mango,Neelam,"Bengaluru South",Ranipet,800.00,6000.00,293.11,1025.89,5200.00,4174.12,46
Mango,Neelam,Bangalore,Thirupur,3500.00,8500.00,264.55,925.93,5000.00,4074.08,47
Mango,Neelam,Hyderabad,Thirupur,1350.00,8500.00,888.33,3109.16,7150.00,4040.85,48
Mango,Neelam,Tumkur,Karur,1500.00,6750.00,356.60,1248.10,5250.00,4001.90,49
Mango,Neelam,"Ranga Reddy",Malappuram,1111.12,8250.00,904.11,3164.39,7138.88,3974.50,50
Mango,Other,Chittor,Virudhunagar,1250.00,13000.00,526.58,1843.03,11750.00,9906.97,1
Mango,Other,Sivaganga,Virudhunagar,2825.00,13000.00,82.34,288.19,10175.00,9886.81,2
Mango,Other,Panchkula,Kupwara,1200.00,13000.00,613.16,2146.06,11800.00,9653.94,3
Mango,Other,Kolar,Virudhunagar,1800.00,13000.00,494.04,1729.14,11200.00,9470.86,4
Mango,Other,"Bengaluru South",Virudhunagar,2000.00,13000.00,443.45,1552.08,11000.00,9447.93,5
Mango,Other,Muzaffarnagar,Kupwara,815.00,13000.00,812.26,2842.91,12185.00,9342.09,6
Mango,Other,Faridkot,Kupwara,2200.00,13000.00,541.21,1894.24,10800.00,8905.77,7
Mango,Other,Dindigul,Virudhunagar,3750.00,13000.00,107.06,374.71,9250.00,8875.29,8
Mango,Other,Thiruvananthapuram,Virudhunagar,3500.00,13000.00,203.41,711.94,9500.00,8788.07,9
Mango,Other,Bijnor,Kupwara,1300.00,13000.00,850.56,2976.96,11700.00,8723.04,10
Mango,Other,Amritsar,Kupwara,3000.00,13000.00,409.50,1433.25,10000.00,8566.75,11
Mango,Other,Bangalore,Virudhunagar,3000.00,13000.00,473.74,1658.09,10000.00,8341.91,12
Mango,Other,Pathanamthitta,Virudhunagar,4100.00,13000.00,165.54,579.39,8900.00,8320.61,13
Mango,Other,Haridwar,Kupwara,2000.00,13000.00,784.35,2745.23,11000.00,8254.78,14
Mango,Other,Mysuru,Virudhunagar,3333.00,13000.00,417.61,1461.64,9667.00,8205.37,15
Mango,Other,Saharanpur,Kupwara,2200.00,13000.00,742.36,2598.26,10800.00,8201.74,16
Mango,Other,Shamli,Kupwara,2020.00,13000.00,794.03,2779.11,10980.00,8200.90,17
Mango,Other,Jalandhar,Kupwara,3200.00,13000.00,471.05,1648.68,9800.00,8151.33,18
Mango,Other,Mahbubnagar,Virudhunagar,1500.00,13000.00,993.83,3478.41,11500.00,8021.60,19
Mango,Other,Shahjahanpur,Kupwara,1000.00,13000.00,1145.08,4007.78,12000.00,7992.22,20
Mango,Other,Dehradoon,Kupwara,2500.00,13000.00,733.38,2566.83,10500.00,7933.17,21
Mango,Other,Chittor,Kancheepuram,1250.00,9500.00,98.80,345.80,8250.00,7904.20,22
Mango,Other,Kallakuruchi,Virudhunagar,4000.00,13000.00,329.14,1151.99,9000.00,7848.01,23
Mango,Other,Tirupathi,Virudhunagar,1250.00,13000.00,1116.56,3907.96,11750.00,7842.04,24
Mango,Other,"Ranga Reddy",Virudhunagar,1500.00,13000.00,1051.24,3679.34,11500.00,7820.66,25
Mango,Other,Pathankot,Kupwara,4000.00,13000.00,353.10,1235.85,9000.00,7764.15,26
Mango,Other,Aligarh,Kupwara,1650.00,13000.00,1027.83,3597.41,11350.00,7752.60,27
Mango,Other,Nanital,Kupwara,2000.00,13000.00,940.41,3291.44,11000.00,7708.57,28
Mango,Other,"Garhwal (Pauri)",Kupwara,2500.00,13000.00,799.28,2797.48,10500.00,7702.52,29
Mango,Other,Rajouri,Kupwara,4675.00,13000.00,179.93,629.76,8325.00,7695.25,30
Mango,Other,Khammam,Virudhunagar,1510.00,13000.00,1105.75,3870.13,11490.00,7619.88,31
Mango,Other,Mysore,Virudhunagar,4000.00,13000.00,417.03,1459.61,9000.00,7540.40,32
Mango,Other,Sirmore,Kupwara,3200.00,13000.00,659.76,2309.16,9800.00,7490.84,33
Mango,Other,Tarntaran,Kupwara,4000.00,13000.00,434.96,1522.36,9000.00,7477.64,34
Mango,Other,Namakkal,Virudhunagar,4750.00,13000.00,228.55,799.93,8250.00,7450.08,35
Mango,Other,Hoshiarpur,Kupwara,4000.00,13000.00,457.89,1602.62,9000.00,7397.39,36
Mango,Other,Champawat,Kupwara,2130.00,13000.00,996.24,3486.84,10870.00,7383.16,37
Mango,Other,UdhamSinghNagar,Kupwara,2200.00,13000.00,980.79,3432.77,10800.00,7367.24,38
Mango,Other,Bengaluru,Virudhunagar,4000.00,13000.00,473.74,1658.09,9000.00,7341.91,39
Mango,Other,Badaun,Kupwara,2000.00,13000.00,1063.14,3720.99,11000.00,7279.01,40
Mango,Other,Kollam,Virudhunagar,5000.00,13000.00,210.43,736.51,8000.00,7263.50,41
Mango,Other,Meerut,Kupwara,2700.00,13000.00,869.35,3042.73,10300.00,7257.28,42
Mango,Other,Alappuzha,Virudhunagar,5000.00,13000.00,222.40,778.40,8000.00,7221.60,43
Mango,Other,Ambala,Kupwara,3500.00,13000.00,651.63,2280.71,9500.00,7219.30,44
Mango,Other,Kottayam,Virudhunagar,5100.00,13000.00,194.61,681.14,7900.00,7218.87,45
Mango,Other,Thirupur,Virudhunagar,5000.00,13000.00,223.55,782.43,8000.00,7217.58,46
Mango,Other,Chittor,Krishnagiri,1250.00,9000.00,152.16,532.56,7750.00,7217.44,47
Mango,Other,Jagtial,Virudhunagar,1300.00,13000.00,1285.25,4498.38,11700.00,7201.63,48
Mango,Other,Valsad,Mumbai,2000.00,10000.00,232.49,813.72,8000.00,7186.29,49
Mango,Other,Bulandshahar,Kupwara,2500.00,13000.00,950.96,3328.36,10500.00,7171.64,50
Mango,Raspuri,Tumkur,Bangalore,1250.00,4500.00,83.08,290.78,3250.00,2959.22,1
Mango,Raspuri,"Ranga Reddy",Warangal,2500.02,6000.00,208.08,728.28,3499.98,2771.70,2
Mango,Raspuri,Tumakuru,Bangalore,1500.00,4500.00,113.89,398.62,3000.00,2601.39,3
Mango,Raspuri,Hyderabad,Warangal,2777.80,6000.00,184.85,646.98,3222.20,2575.23,4
Mango,Raspuri,Kolar,Bangalore,2000.00,4500.00,76.43,267.51,2500.00,2232.50,5
Mango,Raspuri,Tumkur,Warangal,1250.00,6000.00,728.69,2550.42,4750.00,2199.59,6
Mango,Raspuri,Tumkur,"Bengaluru South",1250.00,3750.00,91.18,319.13,2500.00,2180.87,7
Mango,Raspuri,Tumakuru,Warangal,1500.00,6000.00,733.93,2568.76,4500.00,1931.25,8
Mango,Raspuri,"East Godavari",Warangal,2900.00,6000.00,356.13,1246.46,3100.00,1853.55,9
Mango,Raspuri,Tumakuru,"Bengaluru South",1500.00,3750.00,114.09,399.32,2250.00,1850.69,10
Mango,Raspuri,Kolar,Warangal,2000.00,6000.00,698.89,2446.12,4000.00,1553.89,11
Mango,Raspuri,Bengaluru,Bangalore,3000.00,4500.00,0.00,0.00,1500.00,1500.00,12
Mango,Raspuri,Tumkur,Bengaluru,1250.00,3000.00,83.08,290.78,1750.00,1459.22,13
Mango,Raspuri,Kolar,"Bengaluru South",2000.00,3750.00,124.29,435.02,1750.00,1314.99,14
Mango,Raspuri,Tumakuru,Bengaluru,1500.00,3000.00,113.89,398.62,1500.00,1101.39,15
Mango,Raspuri,Raigarh,Warangal,2700.00,6000.00,729.50,2553.25,3300.00,746.75,16
Mango,Raspuri,Kolar,Bengaluru,2000.00,3000.00,76.43,267.51,1000.00,732.50,17
Mango,Raspuri,Surat,Valsad,3000.00,4000.00,81.46,285.11,1000.00,714.89,18
Mango,Raspuri,Bengaluru,"Bengaluru South",3000.00,3750.00,51.43,180.01,750.00,570.00,19
Mango,Raspuri,"Bengaluru South",Bangalore,3750.00,4500.00,51.43,180.01,750.00,570.00,19
Mango,Raspuri,Bengaluru,Warangal,3000.00,6000.00,745.08,2607.78,3000.00,392.22,20
Mango,Raspuri,Bharuch,Valsad,3100.00,4000.00,150.25,525.88,900.00,374.13,21
Mango,Raspuri,Tumkur,Kolar,1250.00,2000.00,142.10,497.35,750.00,252.65,22
Mango,Raspuri,"Ranga Reddy",Hyderabad,2500.02,2777.80,35.65,124.78,277.78,153.01,23
Mango,Raspuri,Tumkur,Tumakuru,1250.00,1500.00,31.76,111.16,250.00,138.84,24
Mango,Raspuri,Surendranagar,Valsad,2750.00,4000.00,337.88,1182.58,1250.00,67.42,25
Mango,Safeda,Tenkasi,Thirunelveli,4000.00,12000.00,65.95,230.83,8000.00,7769.18,1
Mango,Safeda,Tenkasi,"The Nilgiris",4000.00,12500.00,359.36,1257.76,8500.00,7242.24,2
Mango,Safeda,Thiruchirappalli,"The Nilgiris",5000.00,12500.00,293.81,1028.34,7500.00,6471.67,3
Mango,Safeda,Thirupur,"The Nilgiris",5750.00,12500.00,110.80,387.80,6750.00,6362.20,4
Mango,Safeda,Ariyalur,"The Nilgiris",5200.00,12500.00,335.53,1174.36,7300.00,6125.65,5
Mango,Safeda,Virudhunagar,Thirunelveli,5500.00,12000.00,123.29,431.52,6500.00,6068.49,6
Mango,Safeda,Virudhunagar,"The Nilgiris",5500.00,12500.00,315.60,1104.60,7000.00,5895.40,7
Mango,Safeda,Thiruchirappalli,Thirunelveli,5000.00,12000.00,317.60,1111.60,7000.00,5888.40,8
Mango,Safeda,Thirupathur,"The Nilgiris",5500.00,12500.00,326.84,1143.94,7000.00,5856.06,9
Mango,Safeda,Tuticorin,Thirunelveli,6000.00,12000.00,58.76,205.66,6000.00,5794.34,10
Mango,Safeda,Namakkal,"The Nilgiris",6000.00,12500.00,211.16,739.06,6500.00,5760.94,11
Mango,Safeda,"East Godavari","The Nilgiris",3000.00,12500.00,1073.88,3758.58,9500.00,5741.42,12
Mango,Safeda,Thirupathur,Thirunelveli,5500.00,12000.00,225.88,790.58,6500.00,5709.42,13
Mango,Safeda,Theni,"The Nilgiris",6000.00,12500.00,231.90,811.65,6500.00,5688.35,14
Mango,Safeda,Dindigul,"The Nilgiris",6000.00,12500.00,237.33,830.66,6500.00,5669.35,15
Mango,Safeda,Kanpur,Hamirpur,1650.00,7500.00,72.66,254.31,5850.00,5595.69,16
Mango,Safeda,Ariyalur,Thirunelveli,5200.00,12000.00,382.58,1339.03,6800.00,5460.97,17
Mango,Safeda,Theni,Thirunelveli,6000.00,12000.00,181.19,634.17,6000.00,5365.84,18
Mango,Safeda,Thiruvannamalai,"The Nilgiris",6000.00,12500.00,347.88,1217.58,6500.00,5282.42,19
Mango,Safeda,Dindigul,Thirunelveli,6000.00,12000.00,228.94,801.29,6000.00,5198.71,20
Mango,Safeda,Vellore,"The Nilgiris",6000.00,12500.00,393.78,1378.23,6500.00,5121.77,21
Mango,Safeda,Thirupur,Thirunelveli,5750.00,12000.00,331.91,1161.69,6250.00,5088.32,22
Mango,Safeda,Thiruvarur,"The Nilgiris",6000.00,12500.00,420.25,1470.88,6500.00,5029.13,23
Mango,Safeda,Tuticorin,"The Nilgiris",6000.00,12500.00,422.31,1478.09,6500.00,5021.92,24
Mango,Safeda,Cuddalore,"The Nilgiris",6000.00,12500.00,426.70,1493.45,6500.00,5006.55,25
Mango,Safeda,Tenkasi,Coimbatore,4000.00,10000.00,285.98,1000.93,6000.00,4999.07,26
Mango,Safeda,Erode,"The Nilgiris",7000.00,12500.00,148.10,518.35,5500.00,4981.65,27
Mango,Safeda,"Jalaun (Orai)",Hamirpur,2200.00,7500.00,105.41,368.94,5300.00,4931.07,28
Mango,Safeda,Kancheepuram,"The Nilgiris",6000.00,12500.00,456.75,1598.63,6500.00,4901.38,29
Mango,Safeda,Namakkal,Thirunelveli,6000.00,12000.00,351.30,1229.55,6000.00,4770.45,30
Mango,Safeda,Thiruvarur,Thirunelveli,6000.00,12000.00,385.81,1350.34,6000.00,4649.67,31
Mango,Safeda,Madurai,"The Nilgiris",7000.00,12500.00,294.41,1030.44,5500.00,4469.57,32
Mango,Safeda,"East Godavari",Thirunelveli,3000.00,12000.00,1296.66,4538.31,9000.00,4461.69,33
Mango,Safeda,Prayagraj,Hamirpur,2315.00,7500.00,224.85,786.98,5185.00,4398.03,34
Mango,Safeda,Madurai,Thirunelveli,7000.00,12000.00,173.84,608.44,5000.00,4391.56,35
Mango,Safeda,Ariyalur,Villupuram,5200.00,10000.00,125.04,437.64,4800.00,4362.36,36
Mango,Safeda,Sivaganga,Thirunelveli,7000.00,12000.00,187.35,655.73,5000.00,4344.28,37
Mango,Safeda,Thiruchirappalli,Villupuram,5000.00,10000.00,191.96,671.86,5000.00,4328.14,38
Mango,Safeda,Sivaganga,"The Nilgiris",7000.00,12500.00,337.54,1181.39,5500.00,4318.61,39
Mango,Safeda,Thanjavur,"The Nilgiris",7000.00,12500.00,352.89,1235.12,5500.00,4264.89,40
Mango,Safeda,Gurdaspur,Chamba,3600.00,8250.00,111.26,389.41,4650.00,4260.59,41
Mango,Safeda,Thiruvellore,"The Nilgiris",6500.00,12500.00,501.71,1755.99,6000.00,4244.02,42
Mango,Safeda,Cuddalore,Thirunelveli,6000.00,12000.00,503.26,1761.41,6000.00,4238.59,43
Mango,Safeda,"East Godavari",Villupuram,3000.00,10000.00,789.15,2762.03,7000.00,4237.98,44
Mango,Safeda,Tenkasi,Villupuram,4000.00,10000.00,511.03,1788.61,6000.00,4211.40,45
Mango,Safeda,Tenkasi,Krishnagiri,4000.00,10000.00,511.20,1789.20,6000.00,4210.80,46
Mango,Safeda,Unnao,Hamirpur,3000.00,7500.00,92.31,323.09,4500.00,4176.92,47
Mango,Safeda,Thiruvannamalai,Thirunelveli,6000.00,12000.00,521.10,1823.85,6000.00,4176.15,48
Mango,Safeda,Thiruchirappalli,Coimbatore,5000.00,10000.00,236.09,826.32,5000.00,4173.69,49
Mango,Safeda,Thiruchirappalli,Krishnagiri,5000.00,10000.00,247.84,867.44,5000.00,4132.56,50
Mango,Surkha,Delhi,Mandi,4500.00,6500.00,417.75,1462.13,2000.00,537.88,1
Mango,Totapuri,Jagtial,Dharmapuri,1250.00,5000.00,31.55,110.43,3750.00,3639.58,1
Mango,Totapuri,Karimnagar,Dharmapuri,1500.00,5000.00,69.70,243.95,3500.00,3256.05,2
Mango,Totapuri,Tirupathi,Eluru,1150.00,4000.00,38.20,133.70,2850.00,2716.30,3
Mango,Totapuri,Hyderabad,Dharmapuri,1667.00,5000.00,230.48,806.68,3333.00,2526.32,4
Mango,Totapuri,Tirupathi,Dharmapuri,1150.00,5000.00,398.54,1394.89,3850.00,2455.11,5
Mango,Totapuri,Warangal,Dharmapuri,2000.00,5000.00,166.35,582.23,3000.00,2417.78,6
Mango,Totapuri,"Ranga Reddy",Dharmapuri,1666.68,5000.00,265.84,930.44,3333.32,2402.88,7
Mango,Totapuri,Satna,Hamirpur,2650.00,5750.00,208.49,729.72,3100.00,2370.29,8
Mango,Totapuri,Kanpur,Hamirpur,3250.00,5750.00,72.66,254.31,2500.00,2245.69,9
Mango,Totapuri,Surat,Thane,1875.00,5000.00,277.04,969.64,3125.00,2155.36,10
Mango,Totapuri,Krishna,Eluru,1800.00,4000.00,72.33,253.16,2200.00,1946.85,11
Mango,Totapuri,Haridwar,Kangra,2500.00,5750.00,374.13,1309.46,3250.00,1940.55,12
Mango,Totapuri,Ahilyanagar,Thane,2250.00,5000.00,235.54,824.39,2750.00,1925.61,13
Mango,Totapuri,Patiala,Kangra,3000.00,5750.00,245.05,857.68,2750.00,1892.33,14
Mango,Totapuri,Farukhabad,Hamirpur,3200.00,5750.00,210.99,738.47,2550.00,1811.54,15
Mango,Totapuri,Bengaluru,Chikkaballapur,1000.00,3000.00,89.99,314.97,2000.00,1685.04,16
Mango,Totapuri,Ahmednagar,Thane,2500.00,5000.00,234.23,819.81,2500.00,1680.20,17
Mango,Totapuri,Amarawati,Dharmapuri,2175.00,5000.00,327.35,1145.73,2825.00,1679.28,18
Mango,Totapuri,Nagpur,Dharmapuri,2250.00,5000.00,308.58,1080.03,2750.00,1669.97,19
Mango,Totapuri,Ayodhya,Hamirpur,3100.00,5750.00,280.13,980.46,2650.00,1669.55,20
Mango,Totapuri,Tumkur,Chikkaballapur,1000.00,3000.00,105.45,369.08,2000.00,1630.93,21
Mango,Totapuri,Bharuch,Thane,2200.00,5000.00,346.10,1211.35,2800.00,1588.65,22
Mango,Totapuri,Krishna,Dharmapuri,1800.00,5000.00,468.91,1641.19,3200.00,1558.82,23
Mango,Totapuri,Haridwar,Sirmore,2500.00,4500.00,126.70,443.45,2000.00,1556.55,24
Mango,Totapuri,Tumakuru,Chikkaballapur,1000.00,3000.00,131.64,460.74,2000.00,1539.26,25
Mango,Totapuri,Hoshiarpur,Kangra,4000.00,5750.00,88.69,310.42,1750.00,1439.59,26
Mango,Totapuri,"North Goa",Thane,1725.00,5000.00,525.05,1837.68,3275.00,1437.33,27
Mango,Totapuri,Sangli,Thane,2250.00,5000.00,389.11,1361.89,2750.00,1388.12,28
Mango,Totapuri,Jammu,Srinagar,4000.00,6000.00,192.04,672.14,2000.00,1327.86,29
Mango,Totapuri,Jagtial,Eluru,1250.00,4000.00,411.29,1439.52,2750.00,1310.49,30
Mango,Totapuri,Bangalore,Chikkaballapur,1400.00,3000.00,89.99,314.97,1600.00,1285.04,31
Mango,Totapuri,Ayodhya,Ambedkarnagar,3100.00,4650.00,77.83,272.41,1550.00,1277.60,32
Mango,Totapuri,Jammu,Rajouri,4000.00,5600.00,94.33,330.16,1600.00,1269.85,33
Mango,Totapuri,Karimnagar,Eluru,1500.00,4000.00,356.85,1248.98,2500.00,1251.03,34
Mango,Totapuri,Kolar,Chikkaballapur,1500.00,3000.00,72.65,254.28,1500.00,1245.73,35
Mango,Totapuri,Palghar,Thane,3500.00,5000.00,73.83,258.41,1500.00,1241.60,36
Mango,Totapuri,"Ropar (Rupnagar)",Kangra,4000.00,5750.00,160.05,560.18,1750.00,1189.83,37
Mango,Totapuri,Warangal,Eluru,2000.00,4000.00,247.65,866.78,2000.00,1133.23,38
Mango,Totapuri,Haridwar,Hamirpur,2500.00,5750.00,605.98,2120.93,3250.00,1129.07,39
Mango,Totapuri,Tumakuru,Dharmapuri,1000.00,5000.00,821.95,2876.83,4000.00,1123.18,40
Mango,Totapuri,Tumkur,Dharmapuri,1000.00,5000.00,822.43,2878.51,4000.00,1121.50,41
Mango,Totapuri,Nagpur,Hamirpur,2250.00,5750.00,680.94,2383.29,3500.00,1116.71,42
Mango,Totapuri,Jammu,Kangra,4000.00,5750.00,183.20,641.20,1750.00,1108.80,43
Mango,Totapuri,Patiala,Srinagar,3000.00,6000.00,552.43,1933.51,3000.00,1066.50,44
Mango,Totapuri,Patiala,Sangrur,3000.00,4300.00,68.36,239.26,1300.00,1060.74,45
Mango,Totapuri,Haridwar,Srinagar,2500.00,6000.00,697.26,2440.41,3500.00,1059.59,46
Mango,Totapuri,Hyderabad,Eluru,1667.00,4000.00,364.60,1276.10,2333.00,1056.90,47
Mango,Totapuri,"Ranga Reddy",Eluru,1666.68,4000.00,365.28,1278.48,2333.32,1054.84,48
Mango,Totapuri,Patiala,Sirmore,3000.00,4500.00,128.58,450.03,1500.00,1049.97,49
Mango,Totapuri,Patiala,Una,3000.00,4650.00,173.69,607.92,1650.00,1042.09,50
Onion,"1st Sort",Mokokchung,Kohima,3000.00,10600.00,105.69,369.92,7600.00,7230.09,1
Onion,"1st Sort","North Tripura",Kohima,2550.00,10600.00,321.25,1124.38,8050.00,6925.63,2
Onion,"1st Sort",Coochbehar,Kohima,2000.00,10600.00,583.59,2042.57,8600.00,6557.44,3
Onion,"1st Sort",Dhalai,Kohima,2900.00,10600.00,371.91,1301.69,7700.00,6398.32,4
Onion,"1st Sort",Purnea,Kohima,1400.00,10600.00,829.06,2901.71,9200.00,6298.29,5
Onion,"1st Sort","Dakshin Dinajpur",Kohima,2000.00,10600.00,693.54,2427.39,8600.00,6172.61,6
Onion,"1st Sort",Kishanganj,Kohima,1800.00,10600.00,771.44,2700.04,8800.00,6099.96,7
Onion,"1st Sort",Araria,Kohima,1700.00,10600.00,831.49,2910.22,8900.00,5989.79,8
Onion,"1st Sort",Banka,Kohima,1500.00,10600.00,907.40,3175.90,9100.00,5924.10,9
Onion,"1st Sort",Peren,Kohima,4500.00,10600.00,62.98,220.43,6100.00,5879.57,10
Onion,"1st Sort",Bhagalpur,Kohima,1700.00,10600.00,895.40,3133.90,8900.00,5766.10,11
Onion,"1st Sort","West Khasi Hills",Kohima,3600.00,10600.00,373.70,1307.95,7000.00,5692.05,12
Onion,"1st Sort",Luckeesarai,Kohima,1390.00,10600.00,1006.49,3522.72,9210.00,5687.29,13
Onion,"1st Sort",Sheikhpura,Kohima,1300.00,10600.00,1035.70,3624.95,9300.00,5675.05,14
Onion,"1st Sort",Baran,"Swai Madhopur",800.00,6916.00,129.64,453.74,6116.00,5662.26,15
Onion,"1st Sort",Madhepura,Kohima,1800.00,10600.00,914.19,3199.67,8800.00,5600.34,16
Onion,"1st Sort",Jamui,Kohima,1550.00,10600.00,992.98,3475.43,9050.00,5574.57,17
Onion,"1st Sort",Khagaria,Kohima,1800.00,10600.00,955.38,3343.83,8800.00,5456.17,18
Onion,"1st Sort",Nalanda,Kohima,1375.00,10600.00,1087.18,3805.13,9225.00,5419.87,19
Onion,"1st Sort",Supaul,Kohima,1900.00,10600.00,938.63,3285.21,8700.00,5414.80,20
Onion,"1st Sort",Begusarai,Kohima,1700.00,10600.00,998.69,3495.42,8900.00,5404.59,21
Onion,"1st Sort",Samastipur,Kohima,1600.00,10600.00,1040.45,3641.58,9000.00,5358.43,22
Onion,"1st Sort",Kaithar,Kohima,2400.00,10600.00,817.36,2860.76,8200.00,5339.24,23
Onion,"1st Sort",Darbhanga,Kohima,1700.00,10600.00,1027.36,3595.76,8900.00,5304.24,24
Onion,"1st Sort",Muzaffarpur,Kohima,1600.00,10600.00,1098.44,3844.54,9000.00,5155.46,25
Onion,"1st Sort",Munghair,Kohima,2100.00,10600.00,956.46,3347.61,8500.00,5152.39,26
Onion,"1st Sort",Neemuch,"Swai Madhopur",850.00,6916.00,285.71,999.99,6066.00,5066.02,27
Onion,"1st Sort",Rajgarh,"Swai Madhopur",900.00,6916.00,283.66,992.81,6016.00,5023.19,28
Onion,"1st Sort",Nawada,Kohima,1800.00,10600.00,1079.75,3779.13,8800.00,5020.88,29
Onion,"1st Sort","West Garo Hills",Kohima,3900.00,10600.00,488.68,1710.38,6700.00,4989.62,30
Onion,"1st Sort",Sheohar,Kohima,1800.00,10600.00,1104.68,3866.38,8800.00,4933.62,31
Onion,"1st Sort",Morena,"Swai Madhopur",1250.00,6916.00,215.80,755.30,5666.00,4910.70,32
Onion,"1st Sort",Pali,"Swai Madhopur",700.00,6916.00,379.20,1327.20,6216.00,4888.80,33
Onion,"1st Sort",Patna,Kohima,1800.00,10600.00,1121.41,3924.94,8800.00,4875.07,34
Onion,"1st Sort","East Champaran/ Motihari",Kohima,1700.00,10600.00,1152.84,4034.94,8900.00,4865.06,35
Onion,"1st Sort",Vaishali,Kohima,1800.00,10600.00,1127.99,3947.97,8800.00,4852.04,36
Onion,"1st Sort","East Garo Hills",Kohima,4250.00,10600.00,432.28,1512.98,6350.00,4837.02,37
Onion,"1st Sort",Jhunjunu,"Swai Madhopur",1000.00,6916.00,315.50,1104.25,5916.00,4811.75,38
Onion,"1st Sort",Dewas,"Swai Madhopur",635.00,6916.00,425.41,1488.94,6281.00,4792.07,39
Onion,"1st Sort",Shivpuri,"Swai Madhopur",1500.00,6916.00,185.14,647.99,5416.00,4768.01,40
Onion,"1st Sort",Chittorgarh,"Swai Madhopur",1250.00,6916.00,266.95,934.33,5666.00,4731.68,41
Onion,"1st Sort",Beawar,"Swai Madhopur",1300.00,6916.00,253.76,888.16,5616.00,4727.84,42
Onion,"1st Sort",Bhojpur,Kohima,1700.00,10600.00,1197.46,4191.11,8900.00,4708.89,43
Onion,"1st Sort",Saran,Kohima,1850.00,10600.00,1161.70,4065.95,8750.00,4684.05,44
Onion,"1st Sort",Sikar,"Swai Madhopur",1300.00,6916.00,266.45,932.58,5616.00,4683.43,45
Onion,"1st Sort","West Chambaran",Kohima,1700.00,10600.00,1211.39,4239.87,8900.00,4660.14,46
Onion,"1st Sort",Siwan,Kohima,1700.00,10600.00,1218.36,4264.26,8900.00,4635.74,47
Onion,"1st Sort",Jhunjhunu,"Swai Madhopur",1700.00,6916.00,200.05,700.18,5216.00,4515.83,48
Onion,"1st Sort",Singroli,Kohima,1000.00,10600.00,1453.16,5086.06,9600.00,4513.94,49
Onion,"1st Sort",Gopalgang,Kohima,1900.00,10600.00,1209.84,4234.44,8700.00,4465.56,50
Onion,"2nd Sort",Mau(Maunathbhanjan),Gopalgang,1500.00,2950.00,132.18,462.63,1450.00,987.37,1
Onion,"2nd Sort",Ahmednagar,Ahilyanagar,1150.00,1250.00,1.31,4.59,100.00,95.42,2
Onion,"2nd Sort",Palghar,Thane,950.00,1225.00,73.83,258.41,275.00,16.60,3
Onion,Bangalore-Samall,Bengaluru,Bangalore,1000.00,1200.00,0.00,0.00,200.00,200.00,1
Onion,Beelary-Red,Chikkaballapur,Kolar,1750.00,2100.00,72.65,254.28,350.00,95.73,1
Onion,Bellary,Indore,Dhar,724.00,1750.00,74.99,262.47,1026.00,763.54,1
Onion,Bellary,Nagapattinam,Thiruvarur,3000.00,3800.00,27.35,95.73,800.00,704.28,2
Onion,Bellary,Thirunelveli,"Nagercoil (Kannyiakumari)",3100.00,4000.00,88.20,308.70,900.00,591.30,3
Onion,Bellary,Shajapur,"Agar Malwa",850.00,1550.00,62.95,220.33,700.00,479.68,4
Onion,Bellary,Indore,Ujjain,724.00,1425.00,64.75,226.63,701.00,474.38,5
Onion,Bellary,Thirupathur,Sivaganga,3000.00,3500.00,39.15,137.03,500.00,362.98,6
Onion,Bellary,Thirupathur,Pudukkottai,3000.00,3500.00,46.80,163.80,500.00,336.20,7
Onion,Bellary,Shajapur,Ujjain,850.00,1425.00,70.89,248.12,575.00,326.89,8
Onion,Bellary,Cuddalore,Thiruvarur,3000.00,3800.00,137.19,480.17,800.00,319.84,9
Onion,Bellary,Shajapur,Dhar,850.00,1750.00,169.44,593.04,900.00,306.96,10
Onion,Bellary,Kancheepuram,Chengalpattu,2800.00,3250.00,42.65,149.28,450.00,300.73,11
Onion,Bellary,Barnala,Bhatinda,1050.00,1600.00,76.51,267.79,550.00,282.22,12
Onion,Bellary,Indore,"Agar Malwa",724.00,1550.00,156.39,547.37,826.00,278.64,13
Onion,Bellary,Ariyalur,Thiruvarur,3200.00,3800.00,92.11,322.39,600.00,277.62,14
Onion,Bellary,Thirupathur,Ramanathapuram,3000.00,3650.00,109.31,382.59,650.00,267.42,15
Onion,Bellary,Karur,Namakkal,3100.00,3500.00,38.16,133.56,400.00,266.44,16
Onion,Bellary,Ratlam,Dhar,1115.00,1750.00,106.79,373.77,635.00,261.24,17
Onion,Bellary,Thirupur,Namakkal,2850.00,3500.00,111.93,391.76,650.00,258.25,18
Onion,Bellary,Rajgarh,"Agar Malwa",990.00,1550.00,87.51,306.29,560.00,253.72,19
Onion,Bellary,Thiruvannamalai,Kallakuruchi,3000.00,3500.00,71.09,248.82,500.00,251.19,20
Onion,Bellary,Villupuram,Thiruvarur,3000.00,3800.00,163.74,573.09,800.00,226.91,21
Onion,Bellary,Villupuram,Kallakuruchi,3000.00,3500.00,78.54,274.89,500.00,225.11,22
Onion,Bellary,Thirupathur,Thiruvarur,3000.00,3800.00,169.19,592.17,800.00,207.84,23
Onion,Bellary,Ariyalur,Perambalur,3200.00,3500.00,30.00,105.00,300.00,195.00,24
Onion,Bellary,Thirunelveli,Tuticorin,3100.00,3500.00,58.76,205.66,400.00,194.34,25
Onion,Bellary,Mandsaur,"Agar Malwa",910.00,1550.00,131.34,459.69,640.00,180.31,26
Onion,Bellary,Erode,Namakkal,3100.00,3500.00,63.56,222.46,400.00,177.54,27
Onion,Bellary,Ranipet,Chengalpattu,2800.00,3250.00,78.65,275.28,450.00,174.73,28
Onion,Bellary,Coimbatore,"The Nilgiris",2800.00,3250.00,79.33,277.66,450.00,172.35,29
Onion,Bellary,Thirunelveli,Tenkasi,3100.00,3500.00,65.95,230.83,400.00,169.18,30
Onion,Bellary,Nagapattinam,Thanjavur,3000.00,3500.00,96.95,339.33,500.00,160.68,31
Onion,Bellary,Thirupathur,Thiruchirappalli,3000.00,3500.00,98.08,343.28,500.00,156.72,32
Onion,Bellary,Cuddalore,Kallakuruchi,3000.00,3500.00,108.88,381.08,500.00,118.92,33
Onion,Bellary,Ariyalur,Thanjavur,3200.00,3500.00,51.88,181.58,300.00,118.42,34
Onion,Bellary,Mandsaur,Dhar,910.00,1750.00,206.41,722.44,840.00,117.57,35
Onion,Bellary,Tenkasi,"Nagercoil (Kannyiakumari)",3500.00,4000.00,109.29,382.52,500.00,117.49,36
Onion,Bellary,Coimbatore,Namakkal,2800.00,3500.00,166.76,583.66,700.00,116.34,37
Onion,Bellary,Theni,"Nagercoil (Kannyiakumari)",3000.00,4000.00,254.54,890.89,1000.00,109.11,38
Onion,Bellary,Indore,Jhabua,724.00,1402.00,162.94,570.29,678.00,107.71,39
Onion,Bellary,Karur,Thiruchirappalli,3100.00,3500.00,85.84,300.44,400.00,99.56,40
Onion,Bellary,Thirupathur,Thanjavur,3000.00,3500.00,116.89,409.12,500.00,90.89,41
Onion,Bellary,Thirupur,Salem,2850.00,3400.00,134.49,470.72,550.00,79.29,42
Onion,Bellary,Kancheepuram,Kallakuruchi,2800.00,3500.00,180.65,632.28,700.00,67.73,43
Onion,Bellary,Ranipet,Kallakuruchi,2800.00,3500.00,181.88,636.58,700.00,63.42,44
Onion,Bellary,Thanjavur,Thiruvarur,3500.00,3800.00,69.64,243.74,300.00,56.26,45
Onion,Bellary,Ariyalur,Thiruchirappalli,3200.00,3500.00,70.25,245.88,300.00,54.13,46
Onion,Bellary,Thirupathur,Madurai,3000.00,3300.00,70.81,247.84,300.00,52.17,47
Onion,Bellary,Villupuram,Perambalur,3000.00,3500.00,129.86,454.51,500.00,45.49,48
Onion,Bellary,Erode,Salem,3100.00,3400.00,74.39,260.37,300.00,39.64,49
Onion,Bellary,Thirupur,Erode,2850.00,3100.00,60.14,210.49,250.00,39.51,50
Onion,Big,Kozhikode(Calicut),Thirssur,2000.00,2800.00,119.64,418.74,800.00,381.26,1
Onion,Big,Kozhikode(Calicut),Palakad,2000.00,2800.00,137.35,480.73,800.00,319.28,2
Onion,Big,Alappuzha,Kottayam,2500.00,2800.00,30.14,105.49,300.00,194.51,3
Onion,Big,Kozhikode(Calicut),Ernakulam,2000.00,2800.00,194.84,681.94,800.00,118.06,4
Onion,Big,Alappuzha,Idukki,2500.00,3000.00,110.63,387.21,500.00,112.80,5
Onion,Big,Mandsaur,Neemuch,2400.00,2701.00,60.39,211.37,301.00,89.64,6
Onion,Big,Kozhikode(Calicut),Idukki,2000.00,3000.00,263.71,922.99,1000.00,77.02,7
Onion,Big,Ratlam,Neemuch,2100.00,2701.00,158.73,555.56,601.00,45.45,8
Onion,"Bombay (U.P.)",Ratlam,Neemuch,793.00,1784.00,158.73,555.56,991.00,435.45,1
Onion,"Bombay (U.P.)",Mysore,Mysuru,1841.50,2220.00,1.36,4.76,378.50,373.74,2
Onion,"Dry F.A.Q.",Hooghly,Nadia,1550.00,2600.00,79.34,277.69,1050.00,772.31,1
Onion,"Dry F.A.Q.",Shajapur,Rajgarh,600.00,1370.00,100.03,350.11,770.00,419.90,2
Onion,Hybrid,Ratlam,Dhar,770.00,2005.00,106.79,373.77,1235.00,861.24,1
Onion,Hybrid,Shajapur,Dhar,700.00,2005.00,169.44,593.04,1305.00,711.96,2
Onion,Hybrid,Khandwa,Dhar,700.00,2005.00,184.68,646.38,1305.00,658.62,3
Onion,Hybrid,Neemuch,Dhar,503.00,2005.00,264.54,925.89,1502.00,576.11,4
Onion,Hybrid,Mandsaur,Dhar,775.00,2005.00,206.41,722.44,1230.00,507.57,5
Onion,Hybrid,Rajgarh,Dhar,580.00,2005.00,267.83,937.41,1425.00,487.60,6
Onion,Hybrid,Jhabua,Dhar,1200.00,2005.00,92.83,324.91,805.00,480.10,7
Onion,Hybrid,Udhamsinghnagar,"Garhwal (Pauri)",1350.00,2200.00,185.09,647.82,850.00,202.19,8
Onion,Hybrid,Ratlam,Jhabua,770.00,1200.00,96.05,336.18,430.00,93.83,9
Onion,Hybrid,"Chattrapati Sambhajinagar",Satara,776.00,2100.00,352.44,1233.54,1324.00,90.46,10
Onion,Hybrid,Neemuch,Mandsaur,503.00,775.00,60.39,211.37,272.00,60.64,11
Onion,Local,Bengaluru,Tumkur,1000.00,7500.00,83.08,290.78,6500.00,6209.22,1
Onion,Local,Chikkaballapur,Tumkur,1200.00,7500.00,105.45,369.08,6300.00,5930.93,2
Onion,Local,Bangalore,Tumkur,1300.00,7500.00,83.08,290.78,6200.00,5909.22,3
Onion,Local,Malda,"South Garo Hills",1200.00,7500.00,308.34,1079.19,6300.00,5220.81,4
Onion,Local,Bellary,Tumkur,1400.00,7500.00,251.36,879.76,6100.00,5220.24,5
Onion,Local,Chikmagalur,Tumkur,1690.50,7500.00,179.90,629.65,5809.50,5179.85,6
Onion,Local,Vijayanagara,Tumkur,1400.00,7500.00,264.33,925.16,6100.00,5174.85,7
Onion,Local,Chikkamagaluru,Tumkur,1667.00,7500.00,197.66,691.81,5833.00,5141.19,8
Onion,Local,Hassan,Tumkur,2000.00,7500.00,143.35,501.73,5500.00,4998.28,9
Onion,Local,Haveri,Tumkur,1600.00,7500.00,305.20,1068.20,5900.00,4831.80,10
Onion,Local,Chamarajanagar,Tumkur,1997.50,7500.00,193.20,676.20,5502.50,4826.30,11
Onion,Local,Kolar,Tumkur,2200.00,7500.00,142.10,497.35,5300.00,4802.65,12
Onion,Local,Mahbubnagar,Tumkur,1040.00,7500.00,487.44,1706.04,6460.00,4753.96,13
Onion,Local,Kurnool,Tumkur,1500.00,7500.00,368.00,1288.00,6000.00,4712.00,14
Onion,Local,Hooghly,"South Garo Hills",1300.00,7500.00,433.30,1516.55,6200.00,4683.45,15
Onion,Local,Nadia,"South Garo Hills",1600.00,7500.00,365.24,1278.34,5900.00,4621.66,16
Onion,Local,Mandya,Tumkur,2500.00,7500.00,116.13,406.46,5000.00,4593.55,17
Onion,Local,Chamrajnagar,Tumkur,2220.00,7500.00,198.41,694.44,5280.00,4585.57,18
Onion,Local,Dharwad,Tumkur,1600.00,7500.00,406.41,1422.44,5900.00,4477.57,19
Onion,Local,Kamrup,"South Garo Hills",2600.00,7500.00,151.36,529.76,4900.00,4370.24,20
Onion,Local,"North 24 Parganas","South Garo Hills",1600.00,7500.00,438.21,1533.74,5900.00,4366.27,21
Onion,Local,Birbhum,"South Garo Hills",1700.00,7500.00,413.40,1446.90,5800.00,4353.10,22
Onion,Local,Nagaon,"South Garo Hills",2150.00,7500.00,299.86,1049.51,5350.00,4300.49,23
Onion,Local,Barpeta,"South Garo Hills",2800.00,7500.00,148.60,520.10,4700.00,4179.90,24
Onion,Local,"Purba Bardhaman","South Garo Hills",1850.00,7500.00,429.40,1502.90,5650.00,4147.10,25
Onion,Local,"Ranga Reddy",Tumkur,1500.00,7500.00,556.61,1948.14,6000.00,4051.87,26
Onion,Local,Sangli,Tumkur,1450.00,7500.00,595.11,2082.89,6050.00,3967.12,27
Onion,Local,"West Garo Hills","South Garo Hills",3400.00,7500.00,66.13,231.46,4100.00,3868.55,28
Onion,Local,Saran,"South Garo Hills",1125.00,7500.00,728.06,2548.21,6375.00,3826.79,29
Onion,Local,Solapur,Tumkur,1525.00,7500.00,621.24,2174.34,5975.00,3800.66,30
Onion,Local,Kolhapur,Tumkur,1600.00,7500.00,604.54,2115.89,5900.00,3784.11,31
Onion,Local,Medak,Tumkur,1430.00,7500.00,673.11,2355.89,6070.00,3714.12,32
Onion,Local,Chandrapur,Tumkur,600.00,7500.00,966.91,3384.19,6900.00,3515.82,33
Onion,Local,Hojai,"South Garo Hills",2950.00,7500.00,300.14,1050.49,4550.00,3499.51,34
Onion,Local,Satara,Tumkur,1500.00,7500.00,734.14,2569.49,6000.00,3430.51,35
Onion,Local,Sangareddy,Tumkur,2001.00,7500.00,610.55,2136.93,5499.00,3362.08,36
Onion,Local,Arwal,"South Garo Hills",1600.00,7500.00,744.03,2604.11,5900.00,3295.90,37
Onion,Local,Dhemaji,"South Garo Hills",2200.00,7500.00,580.04,2030.14,5300.00,3269.86,38
Onion,Local,Pune,Tumkur,1300.00,7500.00,838.41,2934.44,6200.00,3265.57,39
Onion,Local,Ahilyanagar,Tumkur,1350.00,7500.00,858.49,3004.72,6150.00,3145.29,40
Onion,Local,Jalna,Tumkur,1200.00,7500.00,917.70,3211.95,6300.00,3088.05,41
Onion,Local,Mahendragarh-Narnaul,"South Garo Hills",600.00,7500.00,1102.26,3857.91,6900.00,3042.09,42
Onion,Local,"Chattrapati Sambhajinagar",Tumkur,1201.00,7500.00,938.73,3285.56,6299.00,3013.45,43
Onion,Local,Sholapur,Tumkur,2400.00,7500.00,622.93,2180.26,5100.00,2919.75,44
Onion,Local,"Nongpoh (R-Bhoi)","South Garo Hills",4000.00,7500.00,182.41,638.44,3500.00,2861.57,45
Onion,Local,Wardha,Tumkur,1050.00,7500.00,1047.41,3665.94,6450.00,2784.07,46
Onion,Local,"West Jaintia Hills","South Garo Hills",4000.00,7500.00,214.76,751.66,3500.00,2748.34,47
Onion,Local,"Bhadohi(Sant Ravi Nagar)","South Garo Hills",1340.00,7500.00,1006.05,3521.18,6160.00,2638.83,48
Onion,Local,Buldhana,Tumkur,1400.00,7500.00,1010.36,3536.26,6100.00,2563.74,49
Onion,Local,Latur,Tumkur,2500.00,7500.00,706.86,2474.01,5000.00,2525.99,50
Onion,Medium,Kollam,Kottayam,2800.00,5500.00,97.64,341.74,2700.00,2358.26,1
Onion,Medium,Dewas,Shajapur,630.00,2409.65,68.58,240.03,1779.65,1539.62,2
Onion,Medium,Amritsar,Jammu,500.00,2500.00,148.73,520.56,2000.00,1479.45,3
Onion,Medium,Mahendragarh-Narnaul,Singroli,1200.00,3000.00,150.55,526.93,1800.00,1273.08,4
Onion,Medium,Indore,Shajapur,900.00,2409.65,110.53,386.86,1509.65,1122.80,5
Onion,Medium,Khandwa,Shajapur,600.00,2409.65,203.58,712.53,1809.65,1097.12,6
Onion,Medium,Samastipur,Patna,2500.00,3900.00,87.91,307.69,1400.00,1092.32,7
Onion,Medium,Gonda,Patna,1260.00,3900.00,450.13,1575.46,2640.00,1064.55,8
Onion,Medium,Muzaffarpur,Patna,2600.00,3900.00,81.03,283.61,1300.00,1016.40,9
Onion,Medium,Kishanganj,Kaithar,2600.00,3900.00,90.56,316.96,1300.00,983.04,10
Onion,Medium,Amritsar,Ludhiana,500.00,2000.00,152.63,534.21,1500.00,965.80,11
Onion,Medium,Amritsar,Fazilka,500.00,2150.00,197.50,691.25,1650.00,958.75,12
Onion,Medium,Mahendragarh-Narnaul,Patna,1200.00,3900.00,499.74,1749.09,2700.00,950.91,13
Onion,Medium,Ujjain,Shajapur,1227.50,2409.65,70.89,248.12,1182.15,934.04,14
Onion,Medium,Bhojpur,Patna,2700.00,3900.00,77.39,270.87,1200.00,929.14,15
Onion,Medium,Harda,Shajapur,850.00,2409.65,182.46,638.61,1559.65,921.04,16
Onion,Medium,Amritsar,Fatehgarh,500.00,2200.00,225.35,788.73,1700.00,911.28,17
Onion,Medium,Gonda,Madhubani,1260.00,3100.00,269.79,944.27,1840.00,895.74,18
Onion,Medium,Sehore,Shajapur,1170.50,2409.65,106.60,373.10,1239.15,866.05,19
Onion,Medium,Bankura,Kaithar,1900.00,3900.00,327.25,1145.38,2000.00,854.63,20
Onion,Medium,Dewas,Mandsaur,630.00,2151.00,198.23,693.81,1521.00,827.20,21
Onion,Medium,Amritsar,Chamba,500.00,2000.00,195.00,682.50,1500.00,817.50,22
Onion,Medium,Gopalgang,Patna,2565.00,3900.00,149.21,522.24,1335.00,812.77,23
Onion,Medium,Darbhanga,Patna,2700.00,3900.00,121.89,426.62,1200.00,773.39,24
Onion,Medium,Rajgarh,Shajapur,1300.00,2409.65,100.03,350.11,1109.65,759.55,25
Onion,Medium,Rohtas,Patna,2500.00,3900.00,191.24,669.34,1400.00,730.66,26
Onion,Medium,Jamui,Patna,2600.00,3900.00,166.45,582.58,1300.00,717.43,27
Onion,Medium,Dhar,Shajapur,1100.00,2409.65,169.44,593.04,1309.65,716.61,28
Onion,Medium,Hoshiarpur,Jammu,1100.00,2500.00,201.74,706.09,1400.00,693.91,29
Onion,Medium,Amritsar,Moga,500.00,1600.00,118.10,413.35,1100.00,686.65,30
Onion,Medium,Banka,Kaithar,2800.00,3900.00,121.84,426.44,1100.00,673.56,31
Onion,Medium,Khandwa,Khargone,600.00,1700.00,124.28,434.98,1100.00,665.02,32
Onion,Medium,Sheohar,Patna,2800.00,3900.00,127.86,447.51,1100.00,652.49,33
Onion,Medium,Jamui,Kaithar,2600.00,3900.00,189.24,662.34,1300.00,637.66,34
Onion,Medium,Hoshiarpur,Fatehgarh,1100.00,2200.00,137.04,479.64,1100.00,620.36,35
Onion,Medium,Khagaria,Kaithar,2800.00,3900.00,138.04,483.14,1100.00,616.86,36
Onion,Medium,Samastipur,Kaithar,2500.00,3900.00,228.55,799.93,1400.00,600.08,37
Onion,Medium,Hoshiarpur,Ludhiana,1100.00,2000.00,87.85,307.48,900.00,592.53,38
Onion,Medium,Gonda,Buxar,1260.00,3000.00,332.09,1162.32,1740.00,577.69,39
Onion,Medium,Bankura,Patna,1900.00,3900.00,410.09,1435.32,2000.00,564.69,40
Onion,Medium,Ferozpur,Fazilka,1600.00,2150.00,1.39,4.87,550.00,545.14,41
Onion,Medium,Amritsar,Sangrur,500.00,1800.00,222.75,779.63,1300.00,520.38,42
Onion,Medium,Amritsar,"Ropar (Rupnagar)",500.00,1775.00,216.36,757.26,1275.00,517.74,43
Onion,Medium,Khagaria,Patna,2800.00,3900.00,167.25,585.38,1100.00,514.63,44
Onion,Medium,Indore,Mandsaur,900.00,2151.00,213.60,747.60,1251.00,503.40,45
Onion,Medium,Dewas,Khargone,630.00,1700.00,168.24,588.84,1070.00,481.16,46
Onion,Medium,Dewas,Neemuch,630.00,2000.00,257.31,900.59,1370.00,469.42,47
Onion,Medium,Amritsar,Mandi,500.00,1850.00,252.06,882.21,1350.00,467.79,48
Onion,Medium,Patiala,Fatehgarh,1600.00,2200.00,41.71,145.99,600.00,454.02,49
Onion,Medium,Dewas,Ujjain,630.00,1227.50,45.21,158.24,597.50,439.27,50
Onion,Nasik,"South Tripura","South District",2600.00,4700.00,8.73,30.56,2100.00,2069.45,1
Onion,Nasik,Dhar,Mandsaur,800.00,3231.00,206.41,722.44,2431.00,1708.57,2
Onion,Nasik,Neemuch,Mandsaur,1330.00,3231.00,60.39,211.37,1901.00,1689.64,3
Onion,Nasik,Khowai,"South District",2600.00,4700.00,125.20,438.20,2100.00,1661.80,4
Onion,Nasik,Tarntaran,Hoshiarpur,1200.00,3200.00,118.00,413.00,2000.00,1587.00,5
Onion,Nasik,Barpeta,"South District",1600.00,4700.00,443.85,1553.48,3100.00,1546.53,6
Onion,Nasik,"North Tripura","South District",2650.00,4700.00,148.25,518.88,2050.00,1531.13,7
Onion,Nasik,Unokoti,"South District",2700.00,4700.00,151.95,531.83,2000.00,1468.18,8
Onion,Nasik,Shajapur,Mandsaur,1156.00,3231.00,178.50,624.75,2075.00,1450.25,9
Onion,Nasik,Ratlam,Mandsaur,1500.00,3231.00,102.93,360.26,1731.00,1370.75,10
Onion,Nasik,Hailakandi,"South District",2550.00,4700.00,240.85,842.98,2150.00,1307.03,11
Onion,Nasik,Gurdaspur,Hoshiarpur,1600.00,3200.00,91.98,321.93,1600.00,1278.07,12
Onion,Nasik,Hooghly,"South District",2000.00,4700.00,415.98,1455.93,2700.00,1244.07,13
Onion,Nasik,Gomati,"South District",3300.00,4700.00,48.66,170.31,1400.00,1229.69,14
Onion,Nasik,Karimganj,"South District",2600.00,4700.00,252.99,885.47,2100.00,1214.54,15
Onion,Nasik,"Ropar (Rupnagar)",Hoshiarpur,1650.00,3200.00,108.19,378.67,1550.00,1171.34,16
Onion,Nasik,Ambala,Hoshiarpur,1400.00,3200.00,195.34,683.69,1800.00,1116.31,17
Onion,Nasik,Kolkata,"South District",2100.00,4700.00,426.99,1494.47,2600.00,1105.54,18
Onion,Nasik,Rajgarh,Mandsaur,1390.00,3231.00,210.88,738.08,1841.00,1102.92,19
Onion,Nasik,Nadia,"South District",2200.00,4700.00,400.40,1401.40,2500.00,1098.60,20
Onion,Nasik,Tarntaran,Jammu,1200.00,2900.00,173.80,608.30,1700.00,1091.70,21
Onion,Nasik,Khowai,"West District",2600.00,3800.00,33.85,118.48,1200.00,1081.53,22
Onion,Nasik,Kamrup,"South District",2200.00,4700.00,409.76,1434.16,2500.00,1065.84,23
Onion,Nasik,Jhabua,Mandsaur,1500.00,3231.00,190.38,666.33,1731.00,1064.67,24
Onion,Nasik,"Purba Bardhaman","South District",2000.00,4700.00,471.91,1651.69,2700.00,1048.32,25
Onion,Nasik,Sepahijala,"South District",3400.00,4700.00,72.15,252.53,1300.00,1047.48,26
Onion,Nasik,Medinipur(W),"South District",1700.00,4700.00,562.99,1970.47,3000.00,1029.54,27
Onion,Nasik,Barpeta,"West District",1600.00,3800.00,335.80,1175.30,2200.00,1024.70,28
Onion,Nasik,Malda,"South District",1900.00,4700.00,512.03,1792.11,2800.00,1007.90,29
Onion,Nasik,Sehore,Mandsaur,1240.00,3231.00,283.06,990.71,1991.00,1000.29,30
Onion,Nasik,Patiala,Hoshiarpur,1600.00,3200.00,176.34,617.19,1600.00,982.81,31
Onion,Nasik,Faridkot,Hoshiarpur,1600.00,3200.00,182.68,639.38,1600.00,960.62,32
Onion,Nasik,Howrah,"South District",2200.00,4700.00,440.00,1540.00,2500.00,960.00,33
Onion,Nasik,Udhampur,Jammu,1800.00,2900.00,42.29,148.02,1100.00,951.99,34
Onion,Nasik,Mahendragarh-Narnaul,Bilaspur,800.00,2300.00,157.20,550.20,1500.00,949.80,35
Onion,Nasik,Ludhiana,Hoshiarpur,1948.00,3200.00,87.85,307.48,1252.00,944.53,36
Onion,Nasik,Moga,Hoshiarpur,1800.00,3200.00,132.48,463.68,1400.00,936.32,37
Onion,Nasik,Gurdaspur,Jammu,1600.00,2900.00,110.19,385.67,1300.00,914.34,38
Onion,Nasik,Ambala,Kurukshetra,1400.00,2500.00,54.33,190.16,1100.00,909.85,39
Onion,Nasik,Anand,Mandsaur,1125.00,3231.00,342.30,1198.05,2106.00,907.95,40
Onion,Nasik,"Paschim Bardhaman","South District",1850.00,4700.00,574.16,2009.56,2850.00,840.44,41
Onion,Nasik,"South Tripura","West District",2600.00,3800.00,102.96,360.36,1200.00,839.64,42
Onion,Nasik,Birbhum,"South District",2050.00,4700.00,517.28,1810.48,2650.00,839.52,43
Onion,Nasik,"Yamuna Nagar",Hoshiarpur,1500.00,3200.00,255.23,893.31,1700.00,806.70,44
Onion,Nasik,"Uttar Dinajpur","South District",1800.00,4700.00,600.90,2103.15,2900.00,796.85,45
Onion,Nasik,"Yamuna Nagar",Kurukshetra,1500.00,2500.00,58.53,204.86,1000.00,795.15,46
Onion,Nasik,Ujjain,Mandsaur,1900.00,3231.00,153.98,538.93,1331.00,792.07,47
Onion,Nasik,Unokoti,"West District",2700.00,3800.00,91.21,319.24,1100.00,780.77,48
Onion,Nasik,"North Tripura","West District",2650.00,3800.00,107.08,374.78,1150.00,775.22,49
Onion,Nasik,Dhar,Ujjain,800.00,1900.00,102.15,357.53,1100.00,742.48,50
Onion,Onion,Saharsa,Araria,1700.00,11250.00,114.10,399.35,9550.00,9150.65,1
Onion,Onion,Samastipur,Araria,1500.00,11250.00,213.21,746.24,9750.00,9003.77,2
Onion,Onion,Supaul,Araria,1900.00,11250.00,107.34,375.69,9350.00,8974.31,3
Onion,Onion,Kaithar,Araria,2100.00,11250.00,83.15,291.03,9150.00,8858.98,4
Onion,Onion,Begusarai,Araria,1800.00,11250.00,193.53,677.36,9450.00,8772.65,5
Onion,Onion,Darjeeling,Araria,2000.00,11250.00,160.89,563.12,9250.00,8686.89,6
Onion,Onion,Alipurduar,Araria,1800.00,11250.00,263.51,922.29,9450.00,8527.72,7
Onion,Onion,Ballia,Araria,1300.00,11250.00,416.88,1459.08,9950.00,8490.92,8
Onion,Onion,Malda,Araria,2150.00,11250.00,176.88,619.08,9100.00,8480.92,9
Onion,Onion,Jalpaiguri,Araria,2200.00,11250.00,167.24,585.34,9050.00,8464.66,10
Onion,Onion,Ghazipur,Araria,1150.00,11250.00,490.04,1715.14,10100.00,8384.86,11
Onion,Onion,Deoria,Araria,1307.50,11250.00,461.35,1614.73,9942.50,8327.78,12
Onion,Onion,Dhubri,Araria,1900.00,11250.00,313.65,1097.78,9350.00,8252.23,13
Onion,Onion,Sonepur,Araria,2100.00,11250.00,294.61,1031.14,9150.00,8118.87,14
Onion,Onion,Coochbehar,Araria,2300.00,11250.00,253.53,887.36,8950.00,8062.65,15
Onion,Onion,Birbhum,Araria,2200.00,11250.00,304.16,1064.56,9050.00,7985.44,16
Onion,Onion,"Purba Bardhaman",Araria,1940.00,11250.00,389.95,1364.83,9310.00,7945.18,17
Onion,Onion,Jaunpur,Araria,1235.00,11250.00,599.75,2099.13,10015.00,7915.88,18
Onion,Onion,Sonbhadra,Araria,1300.00,11250.00,601.89,2106.62,9950.00,7843.39,19
Onion,Onion,Ambedkarnagar,Araria,1325.00,11250.00,598.31,2094.09,9925.00,7830.92,20
Onion,Onion,"North 24 Parganas",Araria,1700.00,11250.00,501.68,1755.88,9550.00,7794.12,21
Onion,Onion,Bhojpur,Araria,2300.00,11250.00,376.74,1318.59,8950.00,7631.41,22
Onion,Onion,Balrampur,Araria,1440.00,11250.00,654.01,2289.04,9810.00,7520.97,23
Onion,Onion,Howrah,Araria,2000.00,11250.00,500.99,1753.47,9250.00,7496.54,24
Onion,Onion,Ayodhya,Araria,1470.00,11250.00,660.86,2313.01,9780.00,7466.99,25
Onion,Onion,Medinipur(E),Araria,2000.00,11250.00,515.93,1805.76,9250.00,7444.25,26
Onion,Onion,Kokrajhar,Araria,2600.00,11250.00,352.25,1232.88,8650.00,7417.13,27
Onion,Onion,"Sant Kabir Nagar",Araria,1900.00,11250.00,560.01,1960.04,9350.00,7389.97,28
Onion,Onion,Nadia,Araria,2500.00,11250.00,393.16,1376.06,8750.00,7373.94,29
Onion,Onion,Mahendragarh-Narnaul,Araria,1200.00,11250.00,779.48,2728.18,10050.00,7321.82,30
Onion,Onion,Anupur,Araria,1000.00,11250.00,839.31,2937.59,10250.00,7312.42,31
Onion,Onion,Medinipur(W),Araria,2150.00,11250.00,514.59,1801.07,9100.00,7298.94,32
Onion,Onion,Nalanda,Araria,3000.00,11250.00,287.69,1006.92,8250.00,7243.09,33
Onion,Onion,Satna,Araria,1000.00,11250.00,863.70,3022.95,10250.00,7227.05,34
Onion,Onion,Bahraich,Araria,1405.00,11250.00,754.00,2639.00,9845.00,7206.00,35
Onion,Onion,Cachar,Araria,1600.00,11250.00,700.74,2452.59,9650.00,7197.41,36
Onion,Onion,"Sounth 24 Parganas",Araria,2100.00,11250.00,575.09,2012.82,9150.00,7137.19,37
Onion,Onion,Chitrakut,Araria,1265.00,11250.00,828.88,2901.08,9985.00,7083.92,38
Onion,Onion,Lakhimpur,Araria,1180.00,11250.00,864.66,3026.31,10070.00,7043.69,39
Onion,Onion,Kamrup,Araria,2500.00,11250.00,491.70,1720.95,8750.00,7029.05,40
Onion,Onion,Sambalpur,Araria,1500.00,11250.00,784.35,2745.23,9750.00,7004.78,41
Onion,Onion,Rewa,Araria,1500.00,11250.00,805.10,2817.85,9750.00,6932.15,42
Onion,Onion,Shahjahanpur,Araria,950.00,11250.00,964.10,3374.35,10300.00,6925.65,43
Onion,Onion,Kanpur,Araria,1250.00,11250.00,890.79,3117.77,10000.00,6882.24,44
Onion,Onion,Karimganj,Araria,2150.00,11250.00,641.95,2246.83,9100.00,6853.18,45
Onion,Onion,Banda,Araria,1280.00,11250.00,896.65,3138.28,9970.00,6831.73,46
Onion,Onion,Jajpur,Araria,1800.00,11250.00,751.73,2631.06,9450.00,6818.95,47
Onion,Onion,Nagaon,Araria,2185.00,11250.00,651.45,2280.08,9065.00,6784.93,48
Onion,Onion,Mayurbhanja,Araria,2400.00,11250.00,604.21,2114.74,8850.00,6735.27,49
Onion,Onion,Barpeta,Araria,3000.00,11250.00,442.10,1547.35,8250.00,6702.65,50
Onion,Onion-Organic,Dhar,Indore,712.50,1424.00,74.99,262.47,711.50,449.04,1
Onion,Onion-Organic,Ujjain,Neemuch,886.00,2060.00,213.63,747.71,1174.00,426.30,2
Onion,Onion-Organic,Dhar,Neemuch,712.50,2060.00,264.54,925.89,1347.50,421.61,3
Onion,Onion-Organic,Ratlam,Neemuch,1122.50,2060.00,158.73,555.56,937.50,381.95,4
Onion,Onion-Organic,Ujjain,Indore,886.00,1424.00,64.75,226.63,538.00,311.38,5
Onion,Onion-Organic,Ujjain,Mandsaur,886.00,1723.50,153.98,538.93,837.50,298.57,6
Onion,Onion-Organic,Dhar,Mandsaur,712.50,1723.50,206.41,722.44,1011.00,288.57,7
Onion,Onion-Organic,Ratlam,Mandsaur,1122.50,1723.50,102.93,360.26,601.00,240.75,8
Onion,Onion-Organic,Mandsaur,Neemuch,1723.50,2060.00,60.39,211.37,336.50,125.14,9
Onion,Onion-Organic,Ujjain,Shajapur,886.00,1215.00,70.89,248.12,329.00,80.89,10
Onion,Onion-Organic,Rajgarh,Neemuch,1160.00,2060.00,245.13,857.96,900.00,42.05,11
Onion,Onion-Organic,Dhar,Ratlam,712.50,1122.50,106.79,373.77,410.00,36.24,12
Onion,Onion-Organic,Shajapur,Neemuch,1215.00,2060.00,231.16,809.06,845.00,35.94,13
Onion,Onion-Organic,Bhopal,Sehore,770.00,955.00,42.96,150.36,185.00,34.64,14
Onion,Onion-Organic,Bhopal,Neemuch,770.00,2060.00,364.53,1275.86,1290.00,14.15,15
Onion,Other,Baran,"Swai Madhopur",1000.00,14303.00,129.64,453.74,13303.00,12849.26,1
Onion,Other,Kota,"Swai Madhopur",1000.00,14303.00,133.16,466.06,13303.00,12836.94,2
Onion,Other,Guna,"Swai Madhopur",810.00,14303.00,226.08,791.28,13493.00,12701.72,3
Onion,Other,Jhunjhunu,"Swai Madhopur",1020.00,14303.00,200.05,700.18,13283.00,12582.83,4
Onion,Other,Beawar,"Swai Madhopur",850.00,14303.00,253.76,888.16,13453.00,12564.84,5
Onion,Other,Gwalior,"Swai Madhopur",1000.00,14303.00,231.30,809.55,13303.00,12493.45,6
Onion,Other,Neemuch,"Swai Madhopur",850.00,14303.00,285.71,999.99,13453.00,12453.02,7
Onion,Other,Mandsaur,"Swai Madhopur",800.00,14303.00,314.70,1101.45,13503.00,12401.55,8
Onion,Other,Agra,"Swai Madhopur",1000.00,14303.00,262.69,919.42,13303.00,12383.59,9
Onion,Other,Jaipur,"Swai Madhopur",1500.00,14303.00,140.84,492.94,12803.00,12310.06,10
Onion,Other,Firozabad,"Swai Madhopur",977.50,14303.00,299.33,1047.66,13325.50,12277.85,11
Onion,Other,"Jalaun (Orai)","Swai Madhopur",800.00,14303.00,373.64,1307.74,13503.00,12195.26,12
Onion,Other,Bharatpur,"Swai Madhopur",1350.00,14303.00,217.78,762.23,12953.00,12190.77,13
Onion,Other,Mathura,"Swai Madhopur",1200.00,14303.00,262.66,919.31,13103.00,12183.69,14
Onion,Other,Ujjain,"Swai Madhopur",737.50,14303.00,400.81,1402.84,13565.50,12162.67,15
Onion,Other,Jhansi,"Swai Madhopur",1200.00,14303.00,290.23,1015.81,13103.00,12087.20,16
Onion,Other,Nagaur,"Swai Madhopur",950.00,14303.00,363.44,1272.04,13353.00,12080.96,17
Onion,Other,Sikar,"Swai Madhopur",1300.00,14303.00,266.45,932.58,13003.00,12070.43,18
Onion,Other,Etawah,"Swai Madhopur",1025.00,14303.00,349.98,1224.93,13278.00,12053.07,19
Onion,Other,Morena,"Swai Madhopur",1500.00,14303.00,215.80,755.30,12803.00,12047.70,20
Onion,Other,Aligarh,"Swai Madhopur",1100.00,14303.00,336.89,1179.12,13203.00,12023.89,21
Onion,Other,Dewas,"Swai Madhopur",800.00,14303.00,425.41,1488.94,13503.00,12014.07,22
Onion,Other,Mainpuri,"Swai Madhopur",1000.00,14303.00,374.16,1309.56,13303.00,11993.44,23
Onion,Other,Bhilwara,"Swai Madhopur",1500.00,14303.00,232.41,813.44,12803.00,11989.57,24
Onion,Other,Hathras,"Swai Madhopur",1265.00,14303.00,305.33,1068.66,13038.00,11969.35,25
Onion,Other,"Khairthal Tijara","Swai Madhopur",1400.00,14303.00,271.35,949.73,12903.00,11953.28,26
Onion,Other,Kasganj,"Swai Madhopur",1050.00,14303.00,379.28,1327.48,13253.00,11925.52,27
Onion,Other,Ajmer,"Swai Madhopur",1600.00,14303.00,222.16,777.56,12703.00,11925.44,28
Onion,Other,Alwar,"Swai Madhopur",1625.00,14303.00,216.65,758.28,12678.00,11919.73,29
Onion,Other,Bhopal,"Swai Madhopur",1000.00,14303.00,406.74,1423.59,13303.00,11879.41,30
Onion,Other,Chittorgarh,"Swai Madhopur",1500.00,14303.00,266.95,934.33,12803.00,11868.68,31
Onion,Other,Shajapur,"Swai Madhopur",1200.00,14303.00,361.46,1265.11,13103.00,11837.89,32
Onion,Other,Pali,"Swai Madhopur",1150.00,14303.00,379.20,1327.20,13153.00,11825.80,33
Onion,Other,"Jaipur Rural","Swai Madhopur",2000.00,14303.00,142.64,499.24,12303.00,11803.76,34
Onion,Other,Mewat,"Swai Madhopur",1500.00,14303.00,287.59,1006.57,12803.00,11796.44,35
Onion,Other,Palwal,"Swai Madhopur",1400.00,14303.00,319.11,1116.89,12903.00,11786.12,36
Onion,Other,Sagar,"Swai Madhopur",1025.00,14303.00,428.14,1498.49,13278.00,11779.51,37
Onion,Other,Sambhal,"Swai Madhopur",951.42,14303.00,449.94,1574.79,13351.58,11776.79,38
Onion,Other,Damoh,"Swai Madhopur",800.00,14303.00,494.41,1730.44,13503.00,11772.57,39
Onion,Other,"Kanpur Dehat","Swai Madhopur",1000.00,14303.00,442.73,1549.56,13303.00,11753.45,40
Onion,Other,Churu,"Swai Madhopur",1300.00,14303.00,359.34,1257.69,13003.00,11745.31,41
Onion,Other,Rewari,"Swai Madhopur",1500.00,14303.00,304.98,1067.43,12803.00,11735.57,42
Onion,Other,Amroha,"Swai Madhopur",900.00,14303.00,476.46,1667.61,13403.00,11735.39,43
Onion,Other,Khandwa,"Swai Madhopur",600.00,14303.00,562.29,1968.02,13703.00,11734.99,44
Onion,Other,Lalitpur,"Swai Madhopur",1460.00,14303.00,319.01,1116.54,12843.00,11726.47,45
Onion,Other,Fatehabad,"Swai Madhopur",1600.00,14303.00,281.28,984.48,12703.00,11718.52,46
Onion,Other,Auraiya,"Swai Madhopur",1200.00,14303.00,399.90,1399.65,13103.00,11703.35,47
Onion,Other,Udaipur,"Swai Madhopur",1250.00,14303.00,386.70,1353.45,13053.00,11699.55,48
Onion,Other,Rampur,"Swai Madhopur",850.00,14303.00,507.26,1775.41,13453.00,11677.59,49
Onion,Other,Faridabad,"Swai Madhopur",1400.00,14303.00,350.55,1226.93,12903.00,11676.08,50
Onion,Pole,Indore,Dhar,912.00,1911.00,74.99,262.47,999.00,736.54,1
Onion,Pole,Shajapur,Dhar,955.50,1911.00,169.44,593.04,955.50,362.46,2
Onion,Pole,Neemuch,Dhar,856.00,1911.00,264.54,925.89,1055.00,129.11,3
Onion,Puna,Bengaluru,Alappuzha,1400.00,4900.00,513.29,1796.52,3500.00,1703.49,1
Onion,Puna,Shajapur,Indore,750.00,2733.00,110.53,386.86,1983.00,1596.15,2
Onion,Puna,Bangalore,Alappuzha,1700.00,4900.00,513.29,1796.52,3200.00,1403.49,3
Onion,Puna,Ratlam,Indore,1050.00,2733.00,135.88,475.58,1683.00,1207.42,4
Onion,Puna,Shajapur,Rajgarh,750.00,1905.00,100.03,350.11,1155.00,804.90,5
Onion,Puna,Haveri,Alappuzha,1662.00,4900.00,746.05,2611.18,3238.00,626.83,6
Onion,Puna,Mandsaur,Indore,1390.00,2733.00,213.60,747.60,1343.00,595.40,7
Onion,Puna,Dharwad,Alappuzha,1450.00,4900.00,846.18,2961.63,3450.00,488.37,8
Onion,Puna,Sagar,Indore,900.00,2733.00,398.11,1393.39,1833.00,439.62,9
Onion,Puna,Bhopal,Indore,1587.50,2733.00,210.86,738.01,1145.50,407.49,10
Onion,Puna,Shajapur,Bhopal,750.00,1587.50,145.91,510.69,837.50,326.82,11
Onion,Puna,Bengaluru,Bangalore,1400.00,1700.00,0.00,0.00,300.00,300.00,12
Onion,Puna,Sagar,Rajgarh,900.00,1905.00,256.46,897.61,1005.00,107.39,13
Onion,Puna,Rajgarh,Indore,1905.00,2733.00,210.21,735.74,828.00,92.27,14
Onion,Puna,Ratlam,Rajgarh,1050.00,1905.00,234.99,822.47,855.00,32.54,15
Onion,Puna,Sagar,Bhopal,900.00,1587.50,187.66,656.81,687.50,30.69,16
Onion,Puna,Shajapur,Mandsaur,750.00,1390.00,178.50,624.75,640.00,15.25,17
Onion,Pusa-Red,Belagavi,Belgaum,1600.00,1800.00,1.39,4.87,200.00,195.14,1
Onion,Red,"North Tripura",Kakching,2450.00,4750.00,231.01,808.54,2300.00,1491.47,1
Onion,Red,"South Tripura",Sepahijala,2400.00,4000.00,64.69,226.42,1600.00,1373.59,2
Onion,Red,"South Tripura",Kakching,2400.00,4750.00,354.58,1241.03,2350.00,1108.97,3
Onion,Red,"North Tripura",Sepahijala,2450.00,4000.00,129.89,454.62,1550.00,1095.39,4
Onion,Red,Rajgarh,Sehore,770.00,2287.50,121.09,423.82,1517.50,1093.69,5
Onion,Red,Ahilyanagar,Ahmednagar,925.00,2000.00,1.31,4.59,1075.00,1070.42,6
Onion,Red,Dharashiv,Sholapur,1237.50,2500.00,75.34,263.69,1262.50,998.81,7
Onion,Red,"South Tripura","South District",2400.00,3400.00,8.73,30.56,1000.00,969.45,8
Onion,Red,Sagar,Sehore,540.00,2287.50,229.50,803.25,1747.50,944.25,9
Onion,Red,Indore,Sehore,798.00,2287.50,168.61,590.14,1489.50,899.37,10
Onion,Red,Rajgarh,Shajapur,770.00,2000.00,100.03,350.11,1230.00,879.90,11
Onion,Red,Ahilyanagar,Pune,925.00,2300.00,144.05,504.18,1375.00,870.83,12
Onion,Red,Indore,Shajapur,798.00,2000.00,110.53,386.86,1202.00,815.15,13
Onion,Red,Murshidabad,Sepahijala,1805.00,4000.00,398.09,1393.32,2195.00,801.69,14
Onion,Red,Solapur,Sholapur,1750.00,2500.00,1.93,6.76,750.00,743.25,15
Onion,Red,Dharashiv(Usmanabad),Sholapur,1500.00,2500.00,75.34,263.69,1000.00,736.31,16
Onion,Red,Ahilyanagar,Raigad,925.00,2400.00,216.85,758.98,1475.00,716.03,17
Onion,Red,Ahilyanagar,Sholapur,925.00,2500.00,248.93,871.26,1575.00,703.75,18
Onion,Red,Dhar,Sehore,900.00,2287.50,242.69,849.42,1387.50,538.09,19
Onion,Red,Dhar,Shajapur,900.00,2000.00,169.44,593.04,1100.00,506.96,20
Onion,Red,Chhindwara,Chandrapur,1000.00,2500.00,294.23,1029.81,1500.00,470.20,21
Onion,Red,"North Tripura","South District",2450.00,3400.00,148.25,518.88,950.00,431.13,22
Onion,Red,Murshidabad,Kakching,1805.00,4750.00,724.43,2535.51,2945.00,409.50,23
Onion,Red,Mahbubnagar,Nalgonda,1300.00,2300.00,175.94,615.79,1000.00,384.21,24
Onion,Red,Sagar,Lalitpur,540.00,1350.00,125.33,438.66,810.00,371.35,25
Onion,Red,Jalandhar,Amritsar,1300.00,2000.00,93.93,328.76,700.00,371.25,26
Onion,Red,Gurdaspur,Amritsar,1350.00,2000.00,83.78,293.23,650.00,356.77,27
Onion,Red,Ahilyanagar,Nashik,925.00,1900.00,178.35,624.23,975.00,350.78,28
Onion,Red,"South District",Sepahijala,3400.00,4000.00,72.15,252.53,600.00,347.48,29
Onion,Red,Rajgarh,Mandsaur,770.00,1853.00,210.88,738.08,1083.00,344.92,30
Onion,Red,Sagar,Shajapur,540.00,2000.00,318.64,1115.24,1460.00,344.76,31
Onion,Red,Badwani,Dhule,1100.00,1987.50,157.96,552.86,887.50,334.64,32
Onion,Red,"Gir Somnath",Rajkot,1150.00,2130.00,184.86,647.01,980.00,332.99,33
Onion,Red,Jalandhar,Kapurthala,1300.00,1700.00,24.74,86.59,400.00,313.41,34
Onion,Red,Ahilyanagar,Beed,925.00,1700.00,133.43,467.01,775.00,308.00,35
Onion,Red,Indore,Mandsaur,798.00,1853.00,213.60,747.60,1055.00,307.40,36
Onion,Red,Ahilyanagar,"Chattrapati Sambhajinagar",925.00,1700.00,134.29,470.02,775.00,304.99,37
Onion,Red,Nandurbar,Dhule,1355.00,1987.50,94.81,331.84,632.50,300.67,38
Onion,Red,Chhindwara,Sehore,1000.00,2287.50,286.44,1002.54,1287.50,284.96,39
Onion,Red,Chhindwara,Nagpur,1000.00,1725.00,126.40,442.40,725.00,282.60,40
Onion,Red,Jalgaon,Dhule,1350.00,1987.50,104.78,366.73,637.50,270.77,41
Onion,Red,Dharashiv,Dharashiv(Usmanabad),1237.50,1500.00,0.00,0.00,262.50,262.50,42
Onion,Red,Morena,Agra,850.00,1450.00,97.30,340.55,600.00,259.45,43
Onion,Red,"Sounth 24 Parganas",Sepahijala,2350.00,4000.00,399.41,1397.94,1650.00,252.07,44
Onion,Red,Dharashiv,Solapur,1237.50,1750.00,76.14,266.49,512.50,246.01,45
Onion,Red,Dhar,Mandsaur,900.00,1853.00,206.41,722.44,953.00,230.57,46
Onion,Red,Dhar,Dhule,900.00,1987.50,246.00,861.00,1087.50,226.50,47
Onion,Red,Gurdaspur,Anantnag,1350.00,2400.00,236.70,828.45,1050.00,221.55,48
Onion,Red,Ratlam,Mandsaur,1277.00,1853.00,102.93,360.26,576.00,215.75,49
Onion,Red,Morena,Etawah,850.00,1530.00,134.16,469.56,680.00,210.44,50
Onion,Small,Kollam,Kottayam,3800.00,6500.00,97.64,341.74,2700.00,2358.26,1
Onion,Small,Thiruvananthapuram,Kottayam,4500.00,6500.00,160.80,562.80,2000.00,1437.20,2
Onion,Small,Alappuzha,Kottayam,5000.00,6500.00,30.14,105.49,1500.00,1394.51,3
Onion,Small,Idukki,Kottayam,5000.00,6500.00,80.50,281.75,1500.00,1218.25,4
Onion,Small,Ernakulam,Kottayam,5250.00,6500.00,68.16,238.56,1250.00,1011.44,5
Onion,Small,Kollam,Alappuzha,3800.00,5000.00,91.99,321.97,1200.00,878.04,6
Onion,Small,Kollam,Ernakulam,3800.00,5250.00,165.49,579.22,1450.00,870.79,7
Onion,Small,Kollam,Palakad,3800.00,5500.00,262.88,920.08,1700.00,779.92,8
Onion,Small,Kollam,Idukki,3800.00,5000.00,146.94,514.29,1200.00,685.71,9
Onion,Small,Kollam,Malappuram,3800.00,5500.00,306.89,1074.12,1700.00,625.89,10
Onion,Small,Shajapur,Dhar,730.00,1852.50,169.44,593.04,1122.50,529.46,11
Onion,Small,Kollam,Thiruvananthapuram,3800.00,4500.00,72.36,253.26,700.00,446.74,12
Onion,Small,Palakad,Kottayam,5500.00,6500.00,166.35,582.23,1000.00,417.78,13
Onion,Small,Malappuram,Kottayam,5500.00,6500.00,210.73,737.56,1000.00,262.45,14
Onion,Small,Idukki,Palakad,5000.00,5500.00,141.64,495.74,500.00,4.26,15
Onion,"Small - I",Dhar,Indore,677.50,1293.00,74.99,262.47,615.50,353.04,1
Onion,"Small - I",Dhar,Ujjain,677.50,1100.00,102.15,357.53,422.50,64.98,2
Onion,"Small - I",Jhabua,Indore,660.00,1293.00,162.94,570.29,633.00,62.71,3
Onion,Unhali,Dharashiv,Beed,925.00,2450.00,123.45,432.08,1525.00,1092.93,1
Onion,Unhali,Jalgaon,Beed,1200.00,2450.00,280.48,981.68,1250.00,268.32,2
Onion,Unhali,Dharashiv,Ahilyanagar,925.00,1900.00,221.16,774.06,975.00,200.94,3
Onion,Unhali,Jalgaon,"Chattrapati Sambhajinagar",1200.00,1890.00,158.53,554.86,690.00,135.15,4
Onion,Unhali,"Chattrapati Sambhajinagar",Beed,1890.00,2450.00,135.40,473.90,560.00,86.10,5
Onion,Unhali,Ahilyanagar,Beed,1900.00,2450.00,133.43,467.01,550.00,83.00,6
Onion,Unhali,Dharashiv,"Chattrapati Sambhajinagar",925.00,1890.00,258.84,905.94,965.00,59.06,7
Onion,White,Chandrapur,Adilabad,1400.00,4000.00,107.78,377.23,2600.00,2222.77,1
Onion,White,"Chattrapati Sambhajinagar",Adilabad,1020.00,4000.00,419.56,1468.46,2980.00,1511.54,2
Onion,White,Neemuch,Mandsaur,1077.00,2752.50,60.39,211.37,1675.50,1464.14,3
Onion,White,Rajgarh,Mandsaur,557.50,2752.50,210.88,738.08,2195.00,1456.92,4
Onion,White,Nagpur,Adilabad,1850.00,4000.00,218.73,765.56,2150.00,1384.45,5
Onion,White,Rajgarh,Ujjain,557.50,2507.50,166.26,581.91,1950.00,1368.09,6
Onion,White,Dhar,Ujjain,925.00,2507.50,102.15,357.53,1582.50,1224.98,7
Onion,White,Rajgarh,Adilabad,557.50,4000.00,646.83,2263.91,3442.50,1178.60,8
Onion,White,Shajapur,Ujjain,1118.00,2507.50,70.89,248.12,1389.50,1141.39,9
Onion,White,Buxar,Jehanabad,1400.00,3000.00,137.51,481.29,1600.00,1118.72,10
Onion,White,Dhar,Mandsaur,925.00,2752.50,206.41,722.44,1827.50,1105.07,11
Onion,White,Dhule,Adilabad,1100.00,4000.00,520.38,1821.33,2900.00,1078.67,12
Onion,White,Jalgaon,Adilabad,1437.00,4000.00,428.95,1501.33,2563.00,1061.68,13
Onion,White,Ratlam,Mandsaur,1345.00,2752.50,102.93,360.26,1407.50,1047.25,14
Onion,White,Dhar,Adilabad,925.00,4000.00,585.00,2047.50,3075.00,1027.50,15
Onion,White,Shajapur,Mandsaur,1118.00,2752.50,178.50,624.75,1634.50,1009.75,16
Onion,White,"Chattrapati Sambhajinagar",Sholapur,1020.00,3000.00,315.89,1105.62,1980.00,874.39,17
Onion,White,Ratlam,Ujjain,1345.00,2507.50,98.03,343.11,1162.50,819.40,18
Onion,White,Shajapur,Adilabad,1118.00,4000.00,597.50,2091.25,2882.00,790.75,19
Onion,White,Neemuch,Ujjain,1077.00,2507.50,213.63,747.71,1430.50,682.80,20
Onion,White,Buxar,Rohtas,1400.00,2500.00,122.38,428.33,1100.00,671.67,21
Onion,White,Sehore,Adilabad,1523.50,4000.00,525.74,1840.09,2476.50,636.41,22
Onion,White,Dhar,Indore,925.00,1810.50,74.99,262.47,885.50,623.04,23
Onion,White,Rajgarh,Sehore,557.50,1523.50,121.09,423.82,966.00,542.19,24
Onion,White,Rajgarh,Indore,557.50,1810.50,210.21,735.74,1253.00,517.27,25
Onion,White,Indore,Ujjain,1810.50,2507.50,64.75,226.63,697.00,470.38,26
Onion,White,Sehore,Ujjain,1523.50,2507.50,164.84,576.94,984.00,407.06,27
Onion,White,Shajapur,Indore,1118.00,1810.50,110.53,386.86,692.50,305.65,28
Onion,White,Nashik,Adilabad,1525.00,4000.00,622.73,2179.56,2475.00,295.45,29
Onion,White,Indore,Adilabad,1810.50,4000.00,547.18,1915.13,2189.50,274.37,30
Onion,White,Ratlam,Adilabad,1345.00,4000.00,680.85,2382.98,2655.00,272.03,31
Onion,White,Dhule,Sholapur,1100.00,3000.00,472.79,1654.77,1900.00,245.24,32
Onion,White,Sehore,Mandsaur,1523.50,2752.50,283.06,990.71,1229.00,238.29,33
Onion,White,Rajgarh,Shajapur,557.50,1118.00,100.03,350.11,560.50,210.40,34
Onion,White,Morena,Mandsaur,800.00,2752.50,497.79,1742.27,1952.50,210.24,35
Onion,White,Dhule,Ujjain,1100.00,2507.50,343.06,1200.71,1407.50,206.79,36
Onion,White,Indore,Mandsaur,1810.50,2752.50,213.60,747.60,942.00,194.40,37
Onion,White,Buxar,Madhepura,1400.00,2800.00,356.39,1247.37,1400.00,152.64,38
Onion,White,Dhule,Mandsaur,1100.00,2752.50,442.29,1548.02,1652.50,104.49,39
Onion,White,Neemuch,Adilabad,1077.00,4000.00,817.18,2860.13,2923.00,62.87,40
Onion,White,Dhar,Ratlam,925.00,1345.00,106.79,373.77,420.00,46.24,41
Onion,White,Tonk,Mandsaur,1650.00,2752.50,304.30,1065.05,1102.50,37.45,42
Onion,White,Shajapur,Sehore,1118.00,1523.50,106.60,373.10,405.50,32.40,43
Onion,White,Jalgaon,Ujjain,1437.00,2507.50,304.33,1065.16,1070.50,5.35,44
Orange,Darjeeling,Pudukkottai,Theni,6000.00,16000.00,186.83,1027.57,10000.00,8972.44,1
Orange,Darjeeling,Namakkal,Theni,6000.00,16000.00,192.80,1060.40,10000.00,8939.60,2
Orange,Darjeeling,Dindigul,Theni,7000.00,16000.00,82.83,455.57,9000.00,8544.44,3
Orange,Darjeeling,Tuticorin,Theni,7000.00,16000.00,190.43,1047.37,9000.00,7952.64,4
Orange,Darjeeling,Pudukkottai,Thiruchirappalli,6000.00,14000.00,59.95,329.73,8000.00,7670.28,5
Orange,Darjeeling,Namakkal,Thiruchirappalli,6000.00,14000.00,91.00,500.50,8000.00,7499.50,6
Orange,Darjeeling,Cuddalore,Theni,7000.00,16000.00,394.13,2167.72,9000.00,6832.29,7
Orange,Darjeeling,Hyderabad,Theni,3500.00,16000.00,1034.44,5689.42,12500.00,6810.58,8
Orange,Darjeeling,Erode,Theni,8200.00,16000.00,187.75,1032.63,7800.00,6767.38,9
Orange,Darjeeling,Salem,Theni,8000.00,16000.00,248.20,1365.10,8000.00,6634.90,10
Orange,Darjeeling,Dindigul,Thiruchirappalli,7000.00,14000.00,116.58,641.19,7000.00,6358.81,11
Orange,Darjeeling,Bhagalpur,Malda,5000.00,12000.00,151.60,833.80,7000.00,6166.20,12
Orange,Darjeeling,Moga,Pathankot,2500.00,9750.00,209.09,1150.00,7250.00,6100.01,13
Orange,Darjeeling,Burhanpur,Theni,1250.00,16000.00,1579.48,8687.14,14750.00,6062.86,14
Orange,Darjeeling,Cuddalore,Thiruchirappalli,7000.00,14000.00,195.81,1076.96,7000.00,5923.05,15
Orange,Darjeeling,Kushinagar,Malda,2945.00,12000.00,582.14,3201.77,9055.00,5853.23,16
Orange,Darjeeling,Thiruvellore,Theni,7300.00,16000.00,546.55,3006.03,8700.00,5693.98,17
Orange,Darjeeling,Coimbatore,Theni,9500.00,16000.00,153.01,841.56,6500.00,5658.45,18
Orange,Darjeeling,Araria,Malda,5400.00,12000.00,176.88,972.84,6600.00,5627.16,19
Orange,Darjeeling,Namakkal,Perambalur,6000.00,12000.00,96.81,532.46,6000.00,5467.55,20
Orange,Darjeeling,Hyderabad,Thiruchirappalli,3500.00,14000.00,915.06,5032.83,10500.00,5467.17,21
Orange,Darjeeling,Vellore,Theni,8000.00,16000.00,461.50,2538.25,8000.00,5461.75,22
Orange,Darjeeling,Kishanganj,Malda,5710.00,12000.00,152.40,838.20,6290.00,5451.80,23
Orange,Darjeeling,Tuticorin,Thiruchirappalli,7000.00,14000.00,287.66,1582.13,7000.00,5417.87,24
Orange,Darjeeling,Pudukkottai,Perambalur,6000.00,12000.00,117.40,645.70,6000.00,5354.30,25
Orange,Darjeeling,Ranipet,Theni,8000.00,16000.00,490.35,2696.93,8000.00,5303.08,26
Orange,Darjeeling,Pudukkottai,Thiruvarur,6000.00,12000.00,127.59,701.75,6000.00,5298.26,27
Orange,Darjeeling,Kancheepuram,Theni,8000.00,16000.00,493.98,2716.89,8000.00,5283.11,28
Orange,Darjeeling,Salem,Thiruchirappalli,8000.00,14000.00,140.39,772.15,6000.00,5227.86,29
Orange,Darjeeling,Burhanpur,Aurangabad,1250.00,7650.00,230.59,1268.25,6400.00,5131.76,30
Orange,Darjeeling,Erode,Thiruchirappalli,8200.00,14000.00,151.44,832.92,5800.00,4967.08,31
Orange,Darjeeling,Muktsar,Pathankot,3250.00,9750.00,283.86,1561.23,6500.00,4938.77,32
Orange,Darjeeling,Pudukkottai,Madurai,6000.00,11500.00,112.56,619.08,5500.00,4880.92,33
Orange,Darjeeling,Namakkal,Thiruvarur,6000.00,12000.00,210.10,1155.55,6000.00,4844.45,34
Orange,Darjeeling,Supaul,Malda,5800.00,12000.00,247.28,1360.04,6200.00,4839.96,35
Orange,Darjeeling,"Bhadohi(Sant Ravi Nagar)",Malda,3330.00,12000.00,703.58,3869.69,8670.00,4800.31,36
Orange,Darjeeling,"The Nilgiris",Theni,10000.00,16000.00,231.90,1275.45,6000.00,4724.55,37
Orange,Darjeeling,Thiruvellore,Thiruchirappalli,7300.00,14000.00,363.86,2001.23,6700.00,4698.77,38
Orange,Darjeeling,Deoria,Malda,4105.00,12000.00,584.39,3214.15,7895.00,4680.86,39
Orange,Darjeeling,Jaunpur,Malda,3550.00,12000.00,694.29,3818.60,8450.00,4631.41,40
Orange,Darjeeling,Thanjavur,Theni,10000.00,16000.00,249.09,1370.00,6000.00,4630.01,41
Orange,Darjeeling,Burhanpur,Thiruchirappalli,1250.00,14000.00,1495.84,8227.12,12750.00,4522.88,42
Orange,Darjeeling,Namakkal,Madurai,6000.00,11500.00,180.83,994.57,5500.00,4505.44,43
Orange,Darjeeling,Moga,Kaithal,2500.00,8000.00,202.08,1111.44,5500.00,4388.56,44
Orange,Darjeeling,Vellore,Thiruchirappalli,8000.00,14000.00,297.96,1638.78,6000.00,4361.22,45
Orange,Darjeeling,Mohali,Pathankot,4000.00,9750.00,253.01,1391.56,5750.00,4358.45,46
Orange,Darjeeling,Kancheepuram,Thiruchirappalli,8000.00,14000.00,311.34,1712.37,6000.00,4287.63,47
Orange,Darjeeling,Ranipet,Thiruchirappalli,8000.00,14000.00,315.80,1736.90,6000.00,4263.10,48
Orange,Darjeeling,Cuddalore,Thiruvarur,7000.00,12000.00,137.19,754.55,5000.00,4245.46,49
Orange,Darjeeling,Cuddalore,Perambalur,7000.00,12000.00,139.96,769.78,5000.00,4230.22,50
Orange,Medium,Dehradoon,Sirmore,2500.00,8500.00,82.80,455.40,6000.00,5544.60,1
Orange,Medium,Ambala,Sirmore,2800.00,8500.00,81.41,447.76,5700.00,5252.25,2
Orange,Medium,"Garhwal (Pauri)",Sirmore,2800.00,8500.00,170.23,936.27,5700.00,4763.74,3
Orange,Medium,Jhabua,Hyderabad,1550.00,11000.00,902.30,4962.65,9450.00,4487.35,4
Orange,Medium,Ambala,Nawanshahr,2800.00,7800.00,131.53,723.42,5000.00,4276.59,5
Orange,Medium,Morena,Sirmore,1150.00,8500.00,575.49,3165.20,7350.00,4184.81,6
Orange,Medium,Mandsaur,Hyderabad,1200.00,11000.00,1028.15,5654.83,9800.00,4145.18,7
Orange,Medium,Morena,Delhi,1150.00,7000.00,314.86,1731.73,5850.00,4118.27,8
Orange,Medium,Dehradoon,Nawanshahr,2500.00,7800.00,250.19,1376.05,5300.00,3923.96,9
Orange,Medium,Morena,Palwal,1150.00,6000.00,243.39,1338.65,4850.00,3511.36,10
Orange,Medium,Muktsar,Ganganagar,3950.00,8000.00,109.28,601.04,4050.00,3448.96,11
Orange,Medium,Morena,Jaipur,1150.00,6000.00,275.99,1517.95,4850.00,3332.06,12
Orange,Medium,Dehradoon,Mandi,2500.00,7000.00,221.24,1216.82,4500.00,3283.18,13
Orange,Medium,Ambala,Ganganagar,2800.00,8000.00,357.45,1965.98,5200.00,3234.03,14
Orange,Medium,Ambala,Mandi,2800.00,7000.00,181.04,995.72,4200.00,3204.28,15
Orange,Medium,Jabalpur,Hyderabad,3300.00,11000.00,825.60,4540.80,7700.00,3159.20,16
Orange,Medium,"Garhwal (Pauri)",Nawanshahr,2800.00,7800.00,336.66,1851.63,5000.00,3148.37,17
Orange,Medium,Dehradoon,Delhi,2500.00,7000.00,251.96,1385.78,4500.00,3114.22,18
Orange,Medium,Morena,Mewat,1150.00,5500.00,238.66,1312.63,4350.00,3037.37,19
Orange,Medium,Morena,Ganganagar,1150.00,8000.00,694.13,3817.72,6850.00,3032.29,20
Orange,Medium,Morena,Nawanshahr,1150.00,7800.00,682.31,3752.71,6650.00,2897.30,21
Orange,Medium,Morena,Hyderabad,1150.00,11000.00,1266.35,6964.93,9850.00,2885.08,22
Orange,Medium,Ambala,Delhi,2800.00,7000.00,243.05,1336.78,4200.00,2863.23,23
Orange,Medium,Ambala,Kangra,2800.00,7000.00,249.91,1374.51,4200.00,2825.50,24
Orange,Medium,Ambala,Patiala,2800.00,5850.00,49.25,270.88,3050.00,2779.13,25
Orange,Medium,Ambala,Kurukshetra,2800.00,5875.00,54.33,298.82,3075.00,2776.19,26
Orange,Medium,Dehradoon,Ganganagar,2500.00,8000.00,503.19,2767.55,5500.00,2732.46,27
Orange,Medium,Dehradoon,Kangra,2500.00,7000.00,324.00,1782.00,4500.00,2718.00,28
Orange,Medium,Ambala,Panchkula,2800.00,5750.00,47.80,262.90,2950.00,2687.10,29
Orange,Medium,Muktsar,Nawanshahr,3950.00,7800.00,216.23,1189.27,3850.00,2660.74,30
Orange,Medium,Muktsar,Sirmore,3950.00,8500.00,347.64,1912.02,4550.00,2637.98,31
Orange,Medium,"Garhwal (Pauri)",Delhi,2800.00,7000.00,287.79,1582.85,4200.00,2617.16,32
Orange,Medium,"Garhwal (Pauri)",Mandi,2800.00,7000.00,289.01,1589.56,4200.00,2610.45,33
Orange,Medium,Mandsaur,Jaipur,1200.00,6000.00,407.15,2239.33,4800.00,2560.68,34
Orange,Medium,Dehradoon,Kurukshetra,2500.00,5875.00,152.21,837.16,3375.00,2537.85,35
Orange,Medium,Dehradoon,Panchkula,2500.00,5750.00,149.73,823.52,3250.00,2426.49,36
Orange,Medium,Ambala,Mansa,2800.00,6150.00,175.91,967.51,3350.00,2382.50,37
Orange,Medium,Panchkula,Sirmore,5750.00,8500.00,68.39,376.15,2750.00,2373.86,38
Orange,Medium,Rohtak,Sirmore,4750.00,8500.00,257.59,1416.75,3750.00,2333.26,39
Orange,Medium,Jind,Sirmore,5000.00,8500.00,221.80,1219.90,3500.00,2280.10,40
Orange,Medium,Ambala,Kapurthala,2800.00,6278.00,219.99,1209.95,3478.00,2268.06,41
Orange,Medium,Dehradoon,Patiala,2500.00,5850.00,196.76,1082.18,3350.00,2267.82,42
Orange,Medium,Mandsaur,Ganganagar,1200.00,8000.00,826.56,4546.08,6800.00,2253.92,43
Orange,Medium,Mandsaur,Sirmore,1200.00,8500.00,952.80,5240.40,7300.00,2059.60,44
Orange,Medium,"Garhwal (Pauri)",Kangra,2800.00,7000.00,395.83,2177.07,4200.00,2022.94,45
Orange,Medium,Kurukshetra,Sirmore,5875.00,8500.00,112.61,619.36,2625.00,2005.65,46
Orange,Medium,Mandsaur,Delhi,1200.00,7000.00,690.56,3798.08,5800.00,2001.92,47
Orange,Medium,Morena,Kurukshetra,1150.00,5875.00,504.11,2772.61,4725.00,1952.40,48
Orange,Medium,"Garhwal (Pauri)",Ganganagar,2800.00,8000.00,590.84,3249.62,5200.00,1950.38,49
Orange,Medium,Patiala,Sirmore,5850.00,8500.00,128.58,707.19,2650.00,1942.81,50
Orange,Nagpuri,Dehradoon,Mandi,2050.00,9600.00,221.24,1216.82,7550.00,6333.18,1
Orange,Nagpuri,"Garhwal (Pauri)",Mandi,2400.00,9600.00,289.01,1589.56,7200.00,5610.45,2
Orange,Nagpuri,Ambala,Mandi,3500.00,9600.00,181.04,995.72,6100.00,5104.28,3
Orange,Nagpuri,Dehradoon,Srinagar,2050.00,10400.00,646.01,3553.06,8350.00,4796.95,4
Orange,Nagpuri,"Khiri (Lakhimpur)",Mandi,1300.00,9600.00,686.36,3774.98,8300.00,4525.02,5
Orange,Nagpuri,Dehradoon,Una,2050.00,8000.00,278.81,1533.46,5950.00,4416.55,6
Orange,Nagpuri,UdhamSinghNagar,Mandi,2900.00,9600.00,468.35,2575.93,6700.00,4124.08,7
Orange,Nagpuri,Jammu,Srinagar,5250.00,10400.00,192.04,1056.22,5150.00,4093.78,8
Orange,Nagpuri,"Garhwal (Pauri)",Srinagar,2400.00,10400.00,711.28,3912.04,8000.00,4087.96,9
Orange,Nagpuri,Ghaziabad,Mandi,3250.00,9600.00,417.41,2295.76,6350.00,4054.25,10
Orange,Nagpuri,Udhampur,Srinagar,5500.00,10400.00,165.71,911.41,4900.00,3988.60,11
Orange,Nagpuri,Dehradoon,"Ropar (Rupnagar)",2050.00,7000.00,200.84,1104.62,4950.00,3845.38,12
Orange,Nagpuri,Ambala,Srinagar,3500.00,10400.00,567.99,3123.95,6900.00,3776.06,13
Orange,Nagpuri,"Garhwal (Pauri)",Una,2400.00,8000.00,359.09,1975.00,5600.00,3625.01,14
Orange,Nagpuri,Ambala,Una,3500.00,8000.00,183.58,1009.69,4500.00,3490.31,15
Orange,Nagpuri,Anantnag,Srinagar,6800.00,10400.00,63.23,347.77,3600.00,3252.24,16
Orange,Nagpuri,Kathua,Srinagar,6000.00,10400.00,249.36,1371.48,4400.00,3028.52,17
Orange,Nagpuri,"Garhwal (Pauri)","Ropar (Rupnagar)",2400.00,7000.00,287.55,1581.53,4600.00,3018.48,18
Orange,Nagpuri,Ambala,"Ropar (Rupnagar)",3500.00,7000.00,90.73,499.02,3500.00,3000.99,19
Orange,Nagpuri,"Khiri (Lakhimpur)",Srinagar,1300.00,10400.00,1110.08,6105.44,9100.00,2994.56,20
Orange,Nagpuri,Jammu,Mandi,5250.00,9600.00,289.98,1594.89,4350.00,2755.11,21
Orange,Nagpuri,Ghaziabad,Srinagar,3250.00,10400.00,814.51,4479.81,7150.00,2670.20,22
Orange,Nagpuri,"Khiri (Lakhimpur)",Una,1300.00,8000.00,747.24,4109.82,6700.00,2590.18,23
Orange,Nagpuri,UdhamSinghNagar,Srinagar,2900.00,10400.00,893.03,4911.67,7500.00,2588.34,24
Orange,Nagpuri,Udhampur,Mandi,5500.00,9600.00,282.76,1555.18,4100.00,2544.82,25
Orange,Nagpuri,Dehradoon,Rajouri,2050.00,7800.00,591.26,3251.93,5750.00,2498.07,26
Orange,Nagpuri,Kathua,Mandi,6000.00,9600.00,203.50,1119.25,3600.00,2480.75,27
Orange,Nagpuri,Ghaziabad,Una,3250.00,8000.00,430.64,2368.52,4750.00,2381.48,28
Orange,Nagpuri,UdhamSinghNagar,Una,2900.00,8000.00,527.78,2902.79,5100.00,2197.21,29
Orange,Nagpuri,"Khiri (Lakhimpur)","Ropar (Rupnagar)",1300.00,7000.00,663.78,3650.79,5700.00,2049.21,30
Orange,Nagpuri,Jammu,Rajouri,5250.00,7800.00,94.33,518.82,2550.00,2031.19,31
Orange,Nagpuri,Farukhabad,Mandi,3900.00,9600.00,668.68,3677.74,5700.00,2022.26,32
Orange,Nagpuri,Mysuru,"Bengaluru Rural",5250.00,8225.00,177.63,976.97,2975.00,1998.04,33
Orange,Nagpuri,"Ropar (Rupnagar)",Mandi,7000.00,9600.00,110.38,607.09,2600.00,1992.91,34
Orange,Nagpuri,"Khiri (Lakhimpur)",Ayodhya,1300.00,4600.00,238.15,1309.83,3300.00,1990.18,35
Orange,Nagpuri,Rajouri,Srinagar,7800.00,10400.00,126.03,693.17,2600.00,1906.84,36
Orange,Nagpuri,Ghaziabad,"Ropar (Rupnagar)",3250.00,7000.00,337.99,1858.95,3750.00,1891.06,37
Orange,Nagpuri,Udhampur,Rajouri,5500.00,7800.00,96.99,533.45,2300.00,1766.56,38
Orange,Nagpuri,"Garhwal (Pauri)",Rajouri,2400.00,7800.00,666.45,3665.48,5400.00,1734.53,39
Orange,Nagpuri,Kalaburagi,"Bengaluru Rural",3375.00,8225.00,568.96,3129.28,4850.00,1720.72,40
Orange,Nagpuri,"Khiri (Lakhimpur)",Farukhabad,1300.00,3900.00,166.96,918.28,2600.00,1681.72,41
Orange,Nagpuri,Dehradoon,Kathua,2050.00,6000.00,414.15,2277.83,3950.00,1672.18,42
Orange,Nagpuri,UdhamSinghNagar,"Ropar (Rupnagar)",2900.00,7000.00,444.99,2447.45,4100.00,1652.56,43
Orange,Nagpuri,"Khiri (Lakhimpur)",Raebarelli,1300.00,3850.00,165.20,908.60,2550.00,1641.40,44
Orange,Nagpuri,"Khiri (Lakhimpur)",Gonda,1300.00,3950.00,183.91,1011.51,2650.00,1638.50,45
Orange,Nagpuri,Hyderabad,"Bengaluru Rural",3333.36,8225.00,592.03,3256.17,4891.64,1635.48,46
Orange,Nagpuri,Ambala,Rajouri,3500.00,7800.00,491.18,2701.49,4300.00,1598.51,47
Orange,Nagpuri,Dehradoon,Anantnag,2050.00,6800.00,582.88,3205.84,4750.00,1544.16,48
Orange,Nagpuri,Jammu,Una,5250.00,8000.00,220.76,1214.18,2750.00,1535.82,49
Orange,Nagpuri,"Khiri (Lakhimpur)",Jhansi,1300.00,5235.00,442.75,2435.13,3935.00,1499.88,50
Orange,Orange,"South West Garo Hills","East Jaintia Hills",4500.00,18500.00,317.49,1746.20,14000.00,12253.81,1
Orange,Orange,"East Khasi Hills","East Jaintia Hills",6500.00,18500.00,84.58,465.19,12000.00,11534.81,2
Orange,Orange,"West Garo Hills","East Jaintia Hills",6750.00,18500.00,290.49,1597.70,11750.00,10152.31,3
Orange,Orange,"South West Khasi Hills","East Jaintia Hills",8250.00,18500.00,152.21,837.16,10250.00,9412.85,4
Orange,Orange,"South West Garo Hills",Sonitpur,4500.00,15500.00,390.91,2150.01,11000.00,8850.00,5
Orange,Orange,Maharajganj,"East Jaintia Hills",4200.00,18500.00,1003.68,5520.24,14300.00,8779.76,6
Orange,Orange,Ambedkarnagar,"East Jaintia Hills",2975.00,18500.00,1235.95,6797.73,15525.00,8727.28,7
Orange,Orange,Gorakhpur,"East Jaintia Hills",3600.00,18500.00,1153.69,6345.30,14900.00,8554.71,8
Orange,Orange,Hardoi,"East Jaintia Hills",1380.00,18500.00,1564.50,8604.75,17120.00,8515.25,9
Orange,Orange,Deoria,"East Jaintia Hills",3950.00,18500.00,1099.81,6048.96,14550.00,8501.05,10
Orange,Orange,Varanasi,"East Jaintia Hills",3532.50,18500.00,1189.80,6543.90,14967.50,8423.60,11
Orange,Orange,Azamgarh,"East Jaintia Hills",3700.00,18500.00,1168.86,6428.73,14800.00,8371.27,12
Orange,Orange,Rewa,"East Jaintia Hills",2400.00,18500.00,1411.58,7763.69,16100.00,8336.31,13
Orange,Orange,Jaunpur,"East Jaintia Hills",3500.00,18500.00,1229.61,6762.86,15000.00,8237.15,14
Orange,Orange,Mirzapur,"East Jaintia Hills",3615.00,18500.00,1244.95,6847.23,14885.00,8037.78,15
Orange,Orange,Amethi,"East Jaintia Hills",3240.00,18500.00,1340.28,7371.54,15260.00,7888.46,16
Orange,Orange,"East Khasi Hills",Sonitpur,6500.00,15500.00,223.49,1229.20,9000.00,7770.81,17
Orange,Orange,Kanpur,"East Jaintia Hills",2350.00,18500.00,1527.99,8403.95,16150.00,7746.06,18
Orange,Orange,Bilaspur,"East Jaintia Hills",3175.00,18500.00,1387.18,7629.49,15325.00,7695.51,19
Orange,Orange,"South Garo Hills","East Jaintia Hills",9500.00,18500.00,237.59,1306.75,9000.00,7693.26,20
Orange,Orange,Hoshiarpur,Sirsa,2500.00,11680.00,297.28,1635.04,9180.00,7544.96,21
Orange,Orange,Prayagraj,"East Jaintia Hills",3667.50,18500.00,1333.78,7335.79,14832.50,7496.71,22
Orange,Orange,Mau(Maunathbhanjan),"East Jaintia Hills",5000.00,18500.00,1120.48,6162.64,13500.00,7337.36,23
Orange,Orange,Lakhimpur,"East Jaintia Hills",2960.00,18500.00,1499.01,8244.56,15540.00,7295.45,24
Orange,Orange,Hardoi,Hamirpur,1380.00,9750.00,198.78,1093.29,8370.00,7276.71,25
Orange,Orange,"East Garo Hills","East Jaintia Hills",10000.00,18500.00,235.35,1294.43,8500.00,7205.58,26
Orange,Orange,Mahendragarh-Narnaul,"East Jaintia Hills",4000.00,18500.00,1333.58,7334.69,14500.00,7165.31,27
Orange,Orange,Barabanki,"East Jaintia Hills",3700.00,18500.00,1401.80,7709.90,14800.00,7090.10,28
Orange,Orange,Amritsar,Sirsa,3000.00,11680.00,291.05,1600.78,8680.00,7079.23,29
Orange,Orange,Palwal,Sirsa,2750.00,11680.00,340.99,1875.45,8930.00,7054.56,30
Orange,Orange,Sitapur,"East Jaintia Hills",3200.00,18500.00,1501.10,8256.05,15300.00,7043.95,31
Orange,Orange,Rohtak,Sirsa,3500.00,11680.00,206.91,1138.01,8180.00,7042.00,32
Orange,Orange,"Khiri (Lakhimpur)","East Jaintia Hills",3240.00,18500.00,1499.01,8244.56,15260.00,7015.45,33
Orange,Orange,Kanpur,Hamirpur,2350.00,9750.00,72.66,399.63,7400.00,7000.37,34
Orange,Orange,"Garhwal (Pauri)",Sirsa,2200.00,11680.00,460.51,2532.81,9480.00,6947.20,35
Orange,Orange,Bulandshahar,Sirsa,2700.00,11680.00,377.14,2074.27,8980.00,6905.73,36
Orange,Orange,Ghaziabad,Sirsa,3050.00,11680.00,316.66,1741.63,8630.00,6888.37,37
Orange,Orange,Mewat,Sirsa,3000.00,11680.00,327.08,1798.94,8680.00,6881.06,38
Orange,Orange,Morena,Sirsa,1750.00,11680.00,558.19,3070.05,9930.00,6859.96,39
Orange,Orange,"West Garo Hills",Sonitpur,6750.00,15500.00,352.56,1939.08,8750.00,6810.92,40
Orange,Orange,Udhamsinghnagar,"East Jaintia Hills",2450.00,18500.00,1688.64,9287.52,16050.00,6762.48,41
Orange,Orange,Morena,"East Jaintia Hills",1750.00,18500.00,1817.73,9997.52,16750.00,6752.49,42
Orange,Orange,Ayodhya,"East Jaintia Hills",4620.00,18500.00,1299.56,7147.58,13880.00,6732.42,43
Orange,Orange,Unnao,"East Jaintia Hills",3500.00,18500.00,1507.73,8292.52,15000.00,6707.49,44
Orange,Orange,Bhiwani,Sirsa,4050.00,11680.00,170.34,936.87,7630.00,6693.13,45
Orange,Orange,Gwalior,"East Jaintia Hills",2000.00,18500.00,1793.01,9861.56,16500.00,6638.45,46
Orange,Orange,Dehradoon,Sirsa,3025.00,11680.00,377.26,2074.93,8655.00,6580.07,47
Orange,Orange,Ludhiana,Sirsa,4000.00,11680.00,214.38,1179.09,7680.00,6500.91,48
Orange,Orange,Hardoi,Sirsa,1380.00,11680.00,691.01,3800.56,10300.00,6499.45,49
Orange,Orange,Sagar,"East Jaintia Hills",2400.00,18500.00,1746.35,9604.93,16100.00,6495.08,50
Orange,Orange-Organic,Neemuch,Ganganagar,1360.50,8000.00,768.70,4227.85,6639.50,2411.65,1
Orange,Other,"Nongpoh (R-Bhoi)","East Jaintia Hills",4050.00,15000.00,114.63,630.47,10950.00,10319.54,1
Orange,Other,"South West Khasi Hills","East Jaintia Hills",4250.00,15000.00,152.21,837.16,10750.00,9912.85,2
Orange,Other,"Nongpoh (R-Bhoi)",Kakching,4050.00,14750.00,328.04,1804.22,10700.00,8895.78,3
Orange,Other,"West Garo Hills","East Jaintia Hills",4850.00,15000.00,290.49,1597.70,10150.00,8552.31,4
Orange,Other,"South West Khasi Hills",Kakching,4250.00,14750.00,361.33,1987.32,10500.00,8512.69,5
Orange,Other,"South West Garo Hills","East Jaintia Hills",5500.00,15000.00,317.49,1746.20,9500.00,7753.81,6
Orange,Other,"Nongpoh (R-Bhoi)","East Khasi Hills",4050.00,12000.00,71.43,392.87,7950.00,7557.14,7
Orange,Other,"South West Khasi Hills","East Khasi Hills",4250.00,12000.00,69.76,383.68,7750.00,7366.32,8
Orange,Other,"West Garo Hills",Kakching,4850.00,14750.00,502.34,2762.87,9900.00,7137.13,9
Orange,Other,Tsemenyu,"East Jaintia Hills",7000.00,15000.00,236.09,1298.50,8000.00,6701.51,10
Orange,Other,Tsemenyu,Kakching,7000.00,14750.00,199.48,1097.14,7750.00,6652.86,11
Orange,Other,Bangalore,Kollam,3200.00,13000.00,584.63,3215.47,9800.00,6584.54,12
Orange,Other,"South West Garo Hills",Kakching,5500.00,14750.00,524.63,2885.47,9250.00,6364.54,13
Orange,Other,Karnal,Bhiwani,1500.00,8500.00,161.33,887.32,7000.00,6112.69,14
Orange,Other,"West Garo Hills","East Khasi Hills",4850.00,12000.00,205.94,1132.67,7150.00,6017.33,15
Orange,Other,"Nongpoh (R-Bhoi)",Thoubal,4050.00,11750.00,318.86,1753.73,7700.00,5946.27,16
Orange,Other,Idukki,Kollam,6250.00,13000.00,146.94,808.17,6750.00,5941.83,17
Orange,Other,"Nongpoh (R-Bhoi)","Imphal East",4050.00,11750.00,322.14,1771.77,7700.00,5928.23,18
Orange,Other,"Nongpoh (R-Bhoi)","Imphal West",4050.00,11500.00,295.24,1623.82,7450.00,5826.18,19
Orange,Other,Rohtak,Bhiwani,2500.00,8500.00,54.54,299.97,6000.00,5700.03,20
Orange,Other,"West Khasi Hills","East Jaintia Hills",8400.00,15000.00,175.75,966.63,6600.00,5633.38,21
Orange,Other,"South West Khasi Hills",Thoubal,4250.00,11750.00,357.91,1968.51,7500.00,5531.50,22
Orange,Other,"Nongpoh (R-Bhoi)","West Jaintia Hills",4050.00,10000.00,76.93,423.12,5950.00,5526.89,23
Orange,Other,Sepahijala,"East Jaintia Hills",8000.00,15000.00,271.44,1492.92,7000.00,5507.08,24
Orange,Other,"South West Khasi Hills","Imphal East",4250.00,11750.00,365.16,2008.38,7500.00,5491.62,25
Orange,Other,Karnal,Shimla,1500.00,8000.00,197.16,1084.38,6500.00,5415.62,26
Orange,Other,"South West Khasi Hills","Imphal West",4250.00,11500.00,337.43,1855.87,7250.00,5394.14,27
Orange,Other,Kolkata,"East Jaintia Hills",6200.00,15000.00,641.95,3530.73,8800.00,5269.28,28
Orange,Other,Amarawati,Hyderabad,2000.00,10000.00,501.04,2755.72,8000.00,5244.28,29
Orange,Other,"South West Garo Hills","East Khasi Hills",5500.00,12000.00,233.65,1285.08,6500.00,5214.93,30
Orange,Other,Malappuram,Kollam,6100.00,13000.00,306.89,1687.90,6900.00,5212.11,31
Orange,Other,Wokha,"East Jaintia Hills",8550.00,15000.00,251.53,1383.42,6450.00,5066.59,32
Orange,Other,Jalgaon,Hyderabad,1500.00,10000.00,629.78,3463.79,8500.00,5036.21,33
Orange,Other,"South West Khasi Hills","West Jaintia Hills",4250.00,10000.00,129.99,714.95,5750.00,5035.06,34
Orange,Other,Wokha,Kakching,8550.00,14750.00,223.79,1230.85,6200.00,4969.16,35
Orange,Other,Amritsar,Kupwara,2800.00,10000.00,409.50,2252.25,7200.00,4947.75,36
Orange,Other,Chandrapur,Hyderabad,3000.00,10000.00,374.89,2061.90,7000.00,4938.11,37
Orange,Other,Satna,Bishnupur,2000.00,11625.00,854.20,4698.10,9625.00,4926.90,38
Orange,Other,Satna,"East Jaintia Hills",2000.00,15000.00,1473.64,8105.02,13000.00,4894.98,39
Orange,Other,Thiruvananthapuram,Kollam,7750.00,13000.00,72.36,397.98,5250.00,4852.02,40
Orange,Other,"West Jaintia Hills","East Jaintia Hills",10000.00,15000.00,37.70,207.35,5000.00,4792.65,41
Orange,Other,Sepahijala,Kakching,8000.00,14750.00,357.18,1964.49,6750.00,4785.51,42
Orange,Other,Palwal,Bhiwani,2800.00,8500.00,171.19,941.55,5700.00,4758.46,43
Orange,Other,Faridabad,Bhiwani,3000.00,8500.00,153.24,842.82,5500.00,4657.18,44
Orange,Other,Kolkata,Bishnupur,6200.00,11625.00,151.93,835.62,5425.00,4589.39,45
Orange,Other,Nagpur,Hyderabad,2500.00,10000.00,530.08,2915.44,7500.00,4584.56,46
Orange,Other,Anantnag,Kupwara,4600.00,10000.00,151.16,831.38,5400.00,4568.62,47
Orange,Other,Karnal,Solan,1500.00,7000.00,171.56,943.58,5500.00,4556.42,48
Orange,Other,"Garhwal (Pauri)",Shimla,2200.00,8000.00,228.06,1254.33,5800.00,4545.67,49
Orange,Other,Mahendragarh-Narnaul,Bishnupur,3500.00,11625.00,654.71,3600.91,8125.00,4524.10,50
Papaya,Other,Mon,Phek,1020.00,6000.00,160.33,561.16,4980.00,4418.85,1
Papaya,Other,Unokoti,"East Khasi Hills",1200.00,6000.00,167.93,587.76,4800.00,4212.25,2
Papaya,Other,Longleng,Phek,2050.00,6000.00,121.53,425.36,3950.00,3524.65,3
Papaya,Other,Unokoti,Phek,1200.00,6000.00,375.10,1312.85,4800.00,3487.15,4
Papaya,Other,Mon,"East Khasi Hills",1020.00,6000.00,442.51,1548.79,4980.00,3431.22,5
Papaya,Other,Mon,Kohima,1020.00,5100.00,188.29,659.02,4080.00,3420.99,6
Papaya,Other,Saharanpur,Shimla,1100.00,5000.00,163.85,573.48,3900.00,3326.53,7
Papaya,Other,Jalandhar,Shimla,1300.00,5000.00,189.35,662.73,3700.00,3037.28,8
Papaya,Other,Gwalior,Hamirpur,700.00,4600.00,248.55,869.93,3900.00,3030.08,9
Papaya,Other,Mon,Wokha,1020.00,4500.00,129.84,454.44,3480.00,3025.56,10
Papaya,Other,Champawat,Shimla,500.00,5000.00,428.55,1499.93,4500.00,3000.08,11
Papaya,Other,Amritsar,Chamba,1100.00,4750.00,195.00,682.50,3650.00,2967.50,12
Papaya,Other,Ludhiana,Shimla,1500.00,5000.00,158.29,554.02,3500.00,2945.99,13
Papaya,Other,Amritsar,Shimla,1100.00,5000.00,280.44,981.54,3900.00,2918.46,14
Papaya,Other,Tuensang,Phek,2800.00,6000.00,86.93,304.26,3200.00,2895.75,15
Papaya,Other,Kurukshetra,Shimla,1600.00,5000.00,161.95,566.83,3400.00,2833.18,16
Papaya,Other,"Yamuna Nagar",Shimla,1700.00,5000.00,135.59,474.57,3300.00,2825.44,17
Papaya,Other,Jalandhar,Chamba,1300.00,4750.00,182.03,637.11,3450.00,2812.90,18
Papaya,Other,Unokoti,Kohima,1200.00,5100.00,328.54,1149.89,3900.00,2750.11,19
Papaya,Other,Guna,Hamirpur,500.00,4600.00,400.61,1402.14,4100.00,2697.87,20
Papaya,Other,Amritsar,Rajouri,1100.00,4600.00,231.05,808.68,3500.00,2691.33,21
Papaya,Other,Mon,Mokokchung,1020.00,4000.00,85.29,298.52,2980.00,2681.49,22
Papaya,Other,Satna,Hamirpur,1200.00,4600.00,208.49,729.72,3400.00,2670.29,23
Papaya,Other,Jalandhar,Una,1300.00,4250.00,81.31,284.59,2950.00,2665.42,24
Papaya,Other,Amritsar,Una,1100.00,4250.00,157.60,551.60,3150.00,2598.40,25
Papaya,Other,Longleng,Kohima,2050.00,5100.00,147.03,514.61,3050.00,2535.40,26
Papaya,Other,Longleng,"East Khasi Hills",2050.00,6000.00,406.09,1421.32,3950.00,2528.69,27
Papaya,Other,Katni,Hamirpur,1000.00,4600.00,308.93,1081.26,3600.00,2518.75,28
Papaya,Other,"Chattrapati Sambhajinagar",Aurangabad,950.00,3450.00,1.91,6.69,2500.00,2493.32,29
Papaya,Other,Dehradoon,Shimla,2000.00,5000.00,150.21,525.74,3000.00,2474.27,30
Papaya,Other,Champawat,Hamirpur,500.00,4600.00,469.86,1644.51,4100.00,2455.49,31
Papaya,Other,Ludhiana,Chamba,1500.00,4750.00,231.55,810.43,3250.00,2439.58,32
Papaya,Other,Haridwar,Shimla,1900.00,5000.00,199.71,698.99,3100.00,2401.02,33
Papaya,Other,Ludhiana,Una,1500.00,4250.00,102.49,358.72,2750.00,2391.29,34
Papaya,Other,Saharanpur,Sirmore,1100.00,3800.00,88.95,311.33,2700.00,2388.68,35
Papaya,Other,Morena,Hamirpur,1275.00,4600.00,279.21,977.24,3325.00,2347.77,36
Papaya,Other,Amroha,Shimla,1450.00,5000.00,346.53,1212.86,3550.00,2337.15,37
Papaya,Other,Auraiya,Hamirpur,1900.00,4600.00,105.83,370.41,2700.00,2329.60,38
Papaya,Other,Zunheboto,Phek,3500.00,6000.00,51.49,180.22,2500.00,2319.79,39
Papaya,Other,Jalana,Aurangabad,900.00,3450.00,68.36,239.26,2550.00,2310.74,40
Papaya,Other,Ambala,Shimla,2300.00,5000.00,111.49,390.22,2700.00,2309.79,41
Papaya,Other,Saharanpur,Chamba,1100.00,4750.00,398.06,1393.21,3650.00,2256.79,42
Papaya,Other,Jalandhar,Rajouri,1300.00,4600.00,300.60,1052.10,3300.00,2247.90,43
Papaya,Other,Unokoti,"East Jaintia Hills",1200.00,4000.00,158.33,554.16,2800.00,2245.85,44
Papaya,Other,Amritsar,Kangra,1100.00,3950.00,176.61,618.14,2850.00,2231.87,45
Papaya,Other,"Garhwal (Pauri)",Shimla,2000.00,5000.00,228.06,798.21,3000.00,2201.79,46
Papaya,Other,Saharanpur,Una,1100.00,4250.00,275.10,962.85,3150.00,2187.15,47
Papaya,Other,Jalandhar,Kangra,1300.00,3950.00,133.86,468.51,2650.00,2181.49,48
Papaya,Other,"West Khasi Hills","East Khasi Hills",3500.00,6000.00,91.33,319.66,2500.00,2180.35,49
Papaya,Other,Saharanpur,Kullu,1100.00,4200.00,268.85,940.98,3100.00,2159.03,50
Papaya,Papaya,Jalandhar,Chamba,1200.00,5250.00,182.03,637.11,4050.00,3412.90,1
Papaya,Papaya,Hyderabad,Kalaburagi,900.00,5000.00,226.54,792.89,4100.00,3307.11,2
Papaya,Papaya,Chamrajnagar,"The Nilgiris",800.00,4300.00,76.60,268.10,3500.00,3231.90,3
Papaya,Papaya,"Bengaluru South",Thiruvellore,800.00,5000.00,355.69,1244.92,4200.00,2955.09,4
Papaya,Papaya,"Garhwal (Pauri)",Sirmore,800.00,4350.00,170.23,595.81,3550.00,2954.20,5
Papaya,Papaya,Ludhiana,Chamba,1500.00,5250.00,231.55,810.43,3750.00,2939.58,6
Papaya,Papaya,"Ranga Reddy",Kalaburagi,1300.00,5000.00,218.21,763.74,3700.00,2936.27,7
Papaya,Papaya,Khammam,Kalaburagi,550.00,5000.00,450.00,1575.00,4450.00,2875.00,8
Papaya,Papaya,"Garhwal (Pauri)",Chamba,800.00,5250.00,452.34,1583.19,4450.00,2866.81,9
Papaya,Papaya,"Bengaluru South","The Nilgiris",800.00,4300.00,198.03,693.11,3500.00,2806.90,10
Papaya,Papaya,Jalandhar,Rajouri,1200.00,5000.00,300.60,1052.10,3800.00,2747.90,11
Papaya,Papaya,Kalburgi,Kalaburagi,2200.00,5000.00,15.59,54.57,2800.00,2745.44,12
Papaya,Papaya,Bengaluru,Thiruvellore,1200.00,5000.00,314.91,1102.19,3800.00,2697.82,13
Papaya,Papaya,Chamrajnagar,Thiruvellore,800.00,5000.00,435.95,1525.83,4200.00,2674.18,14
Papaya,Papaya,Kolar,Thiruvellore,1500.00,5000.00,240.93,843.26,3500.00,2656.75,15
Papaya,Papaya,Jalandhar,Kathua,1200.00,4250.00,147.56,516.46,3050.00,2533.54,16
Papaya,Papaya,Khammam,Thiruvellore,550.00,5000.00,572.25,2002.88,4450.00,2447.13,17
Papaya,Papaya,Dhalai,"East Jaintia Hills",1400.00,4500.00,210.16,735.56,3100.00,2364.44,18
Papaya,Papaya,Jalandhar,Kangra,1200.00,4000.00,133.86,468.51,2800.00,2331.49,19
Papaya,Papaya,Jalandhar,Sirmore,1200.00,4350.00,240.55,841.93,3150.00,2308.08,20
Papaya,Papaya,Bangalore,Thiruvellore,1600.00,5000.00,314.91,1102.19,3400.00,2297.82,21
Papaya,Papaya,Mysore,"The Nilgiris",1600.00,4300.00,118.18,413.63,2700.00,2286.37,22
Papaya,Papaya,Dehradoon,Sirmore,1800.00,4350.00,82.80,289.80,2550.00,2260.20,23
Papaya,Papaya,Jalandhar,Udhampur,1200.00,4250.00,227.54,796.39,3050.00,2253.61,24
Papaya,Papaya,Bengaluru,"The Nilgiris",1200.00,4300.00,247.56,866.46,3100.00,2233.54,25
Papaya,Papaya,Ludhiana,Rajouri,1500.00,5000.00,366.66,1283.31,3500.00,2216.69,26
Papaya,Papaya,Pathankot,Chamba,2800.00,5250.00,68.31,239.09,2450.00,2210.92,27
Papaya,Papaya,Kamrup,"East Jaintia Hills",1700.00,4500.00,177.75,622.13,2800.00,2177.88,28
Papaya,Papaya,Ludhiana,Sirmore,1500.00,4350.00,192.41,673.44,2850.00,2176.57,29
Papaya,Papaya,"Bengaluru South",Ranipet,800.00,4000.00,293.11,1025.89,3200.00,2174.12,30
Papaya,Papaya,Chamrajnagar,Ariyalur,800.00,4000.00,309.68,1083.88,3200.00,2116.12,31
Papaya,Papaya,Dehradoon,Chamba,1800.00,5250.00,385.00,1347.50,3450.00,2102.50,32
Papaya,Papaya,Davangere,Kalaburagi,1500.00,5000.00,402.76,1409.66,3500.00,2090.34,33
Papaya,Papaya,Palakad,"The Nilgiris",1900.00,4300.00,94.55,330.93,2400.00,2069.08,34
Papaya,Papaya,"Bengaluru South",Ariyalur,800.00,4000.00,324.83,1136.91,3200.00,2063.10,35
Papaya,Papaya,Muktsar,Chamba,2000.00,5250.00,346.88,1214.08,3250.00,2035.92,36
Papaya,Papaya,Chamrajnagar,Perambalur,800.00,3800.00,279.75,979.13,3000.00,2020.88,37
Papaya,Papaya,Chamrajnagar,Thanjavur,800.00,4000.00,337.35,1180.73,3200.00,2019.28,38
Papaya,Papaya,Ludhiana,Kathua,1500.00,4250.00,209.39,732.87,2750.00,2017.14,39
Papaya,Papaya,Chamrajnagar,Coimbatore,800.00,3250.00,129.29,452.52,2450.00,1997.49,40
Papaya,Papaya,Unokoti,"East Jaintia Hills",1950.00,4500.00,158.33,554.16,2550.00,1995.85,41
Papaya,Papaya,"Bengaluru South",Kalaburagi,800.00,5000.00,632.58,2214.03,4200.00,1985.97,42
Papaya,Papaya,"Bengaluru South",Perambalur,800.00,3800.00,296.45,1037.58,3000.00,1962.43,43
Papaya,Papaya,"North Goa",Kalaburagi,1500.00,5000.00,439.96,1539.86,3500.00,1960.14,44
Papaya,Papaya,Chamrajnagar,Thiruchirappalli,800.00,3750.00,282.88,990.08,2950.00,1959.92,45
Papaya,Papaya,Chamrajnagar,Sivaganga,800.00,4000.00,356.31,1247.09,3200.00,1952.92,46
Papaya,Papaya,"Bengaluru South",Cuddalore,800.00,4000.00,357.81,1252.34,3200.00,1947.67,47
Papaya,Papaya,Jalandhar,Gurdaspur,1200.00,3500.00,101.21,354.24,2300.00,1945.77,48
Papaya,Papaya,Jalandhar,Mandi,1200.00,3750.00,174.08,609.28,2550.00,1940.72,49
Papaya,Papaya,"Garhwal (Pauri)",Mandi,800.00,3750.00,289.01,1011.54,2950.00,1938.47,50
Peas,"Gemin Peas Dal",Haridwar,Ganganagar,1400.00,12000.00,516.73,2842.02,10600.00,7757.99,1
Peas,"Gemin Peas Dal",Jalandhar,Ganganagar,3400.00,12000.00,284.13,1562.72,8600.00,7037.29,2
Peas,"Gemin Peas Dal",UdhamSinghNagar,Ganganagar,1200.00,12000.00,689.65,3793.08,10800.00,7006.93,3
Peas,"Gemin Peas Dal","Jalaun (Orai)",Ganganagar,2400.00,12000.00,851.13,4681.22,9600.00,4918.79,4
Peas,"Gemin Peas Dal",Bhopal,Ganganagar,1900.00,12000.00,1024.75,5636.13,10100.00,4463.88,5
Peas,"Gemin Peas Dal",Phek,Peren,4100.00,9200.00,118.45,651.48,5100.00,4448.53,6
Peas,"Gemin Peas Dal",Sehore,Ganganagar,2650.00,12000.00,1015.56,5585.58,9350.00,3764.42,7
Peas,"Gemin Peas Dal",Ambedkarnagar,Ganganagar,2150.00,12000.00,1182.43,6503.37,9850.00,3346.64,8
Peas,"Gemin Peas Dal","Bhadohi(Sant Ravi Nagar)",Ganganagar,1840.00,12000.00,1241.83,6830.07,10160.00,3329.94,9
Peas,"Gemin Peas Dal",Kaimur/Bhabhua,Ganganagar,1600.00,12000.00,1377.78,7577.79,10400.00,2822.21,10
Peas,"Gemin Peas Dal",Kushinagar,Ganganagar,2075.00,12000.00,1304.33,7173.82,9925.00,2751.19,11
Peas,"Gemin Peas Dal",Panna,Ganganagar,3725.00,12000.00,1063.38,5848.59,8275.00,2426.41,12
Peas,"Gemin Peas Dal",Bhopal,Raisen,1900.00,4527.50,48.23,265.27,2627.50,2362.24,13
Peas,"Gemin Peas Dal",Kamrup,Peren,5500.00,9200.00,290.44,1597.42,3700.00,2102.58,14
Peas,"Gemin Peas Dal",Mandla,Ganganagar,2875.00,12000.00,1298.88,7143.84,9125.00,1981.16,15
Peas,"Gemin Peas Dal",Sagar,Ganganagar,4400.00,12000.00,1038.29,5710.60,7600.00,1889.41,16
Peas,"Gemin Peas Dal",Raisen,Ganganagar,4527.50,12000.00,1036.61,5701.36,7472.50,1771.15,17
Peas,"Gemin Peas Dal",Shehdol,Ganganagar,3100.00,12000.00,1309.09,7200.00,8900.00,1700.01,18
Peas,"Gemin Peas Dal",Idukki,Palakad,7750.00,10000.00,141.64,779.02,2250.00,1470.98,19
Peas,"Gemin Peas Dal",Bhopal,Sagar,1900.00,4400.00,187.66,1032.13,2500.00,1467.87,20
Peas,"Gemin Peas Dal",Sehore,Raisen,2650.00,4527.50,91.19,501.55,1877.50,1375.96,21
Peas,"Gemin Peas Dal",Dindori,Ganganagar,3400.00,12000.00,1319.80,7258.90,8600.00,1341.10,22
Peas,"Gemin Peas Dal",Garhwa,Ganganagar,2600.00,12000.00,1466.01,8063.06,9400.00,1336.95,23
Peas,"Gemin Peas Dal",Kaimur/Bhabhua,Peren,1600.00,9200.00,1259.39,6926.65,7600.00,673.36,24
Peas,"Gemin Peas Dal",Bhopal,Sehore,1900.00,2650.00,42.96,236.28,750.00,513.72,25
Peas,"Gemin Peas Dal",Sehore,Sagar,2650.00,4400.00,229.50,1262.25,1750.00,487.75,26
Peas,"Gemin Peas Dal",Kushinagar,Peren,2075.00,9200.00,1223.81,6730.96,7125.00,394.05,27
Peas,"Gemin Peas Dal",Kaimur/Bhabhua,Garhwa,1600.00,2600.00,126.01,693.06,1000.00,306.95,28
Peas,"Gemin Peas Dal",Raigarh,Ganganagar,2800.00,12000.00,1629.31,8961.21,9200.00,238.80,29
Peas,"Gemin Peas Dal","Jalaun (Orai)",Sagar,2400.00,4400.00,328.21,1805.16,2000.00,194.85,30
Peas,"Gemin Peas Dal","Bhadohi(Sant Ravi Nagar)",Panna,1840.00,3725.00,315.44,1734.92,1885.00,150.08,31
Peas,"Gemin Peas Dal","Jalaun (Orai)",Panna,2400.00,3725.00,225.59,1240.75,1325.00,84.26,32
Peas,"Gemin Peas Dal",Mandla,Sagar,2875.00,4400.00,269.39,1481.65,1525.00,43.36,33
Peas,"Gemin Peas Dal",Haridwar,Jalandhar,1400.00,3400.00,362.26,1992.43,2000.00,7.57,34
Peas,"Green Peas",Thirupathur,Sivaganga,5500.00,20000.00,39.15,215.33,14500.00,14284.68,1
Peas,"Green Peas",Mandya,Sivaganga,4000.00,20000.00,431.68,2374.24,16000.00,13625.76,2
Peas,"Green Peas",Virudhunagar,Sivaganga,6000.00,20000.00,82.34,452.87,14000.00,13547.13,3
Peas,"Green Peas",Chamarajanagar,Sivaganga,4725.00,20000.00,347.38,1910.59,15275.00,13364.41,4
Peas,"Green Peas",Karur,Sivaganga,5750.00,20000.00,164.15,902.83,14250.00,13347.18,5
Peas,"Green Peas",Mysuru,Sivaganga,4500.00,20000.00,424.14,2332.77,15500.00,13167.23,6
Peas,"Green Peas",Kancheepuram,Sivaganga,4500.00,20000.00,444.53,2444.92,15500.00,13055.09,7
Peas,"Green Peas",Tumkur,Sivaganga,4101.00,20000.00,520.69,2863.80,15899.00,13035.21,8
Peas,"Green Peas",Pudukkottai,Sivaganga,6500.00,20000.00,85.55,470.53,13500.00,13029.48,9
Peas,"Green Peas",Theni,Sivaganga,6400.00,20000.00,140.06,770.33,13600.00,12829.67,10
Peas,"Green Peas",Nagapattinam,Sivaganga,6000.00,20000.00,225.36,1239.48,14000.00,12760.52,11
Peas,"Green Peas",Thirunelveli,Sivaganga,6250.00,20000.00,187.35,1030.43,13750.00,12719.58,12
Peas,"Green Peas",Villupuram,Sivaganga,5800.00,20000.00,321.54,1768.47,14200.00,12431.53,13
Peas,"Green Peas",Thiruchirappalli,Sivaganga,7000.00,20000.00,136.21,749.16,13000.00,12250.85,14
Peas,"Green Peas",Vellore,Sivaganga,6000.00,20000.00,434.16,2387.88,14000.00,11612.12,15
Peas,"Green Peas",Thanjavur,Sivaganga,7600.00,20000.00,154.95,852.23,12400.00,11547.78,16
Peas,"Green Peas",Kallakuruchi,Sivaganga,7000.00,20000.00,270.43,1487.37,13000.00,11512.64,17
Peas,"Green Peas",Dindigul,Sivaganga,8000.00,20000.00,100.44,552.42,12000.00,11447.58,18
Peas,"Green Peas",Tuticorin,Sivaganga,7750.00,20000.00,151.89,835.40,12250.00,11414.61,19
Peas,"Green Peas",Perambalur,Sivaganga,7600.00,20000.00,199.08,1094.94,12400.00,11305.06,20
Peas,"Green Peas",Chitradurga,Sivaganga,5052.00,20000.00,670.54,3687.97,14948.00,11260.03,21
Peas,"Green Peas",Shivamogga,Sivaganga,4975.00,20000.00,693.41,3813.76,15025.00,11211.25,22
Peas,"Green Peas",Chikmagalur,Sivaganga,5545.00,20000.00,608.06,3344.33,14455.00,11110.67,23
Peas,"Green Peas",Davangere,Sivaganga,4950.00,20000.00,729.69,4013.30,15050.00,11036.71,24
Peas,"Green Peas",Mysore,Sivaganga,6653.50,20000.00,423.34,2328.37,13346.50,11018.13,25
Peas,"Green Peas",Tenkasi,Sivaganga,8000.00,20000.00,203.68,1120.24,12000.00,10879.76,26
Peas,"Green Peas",Kolar,Sivaganga,6650.00,20000.00,459.91,2529.51,13350.00,10820.50,27
Peas,"Green Peas",Hassan,Sivaganga,6220.00,20000.00,545.61,3000.86,13780.00,10779.15,28
Peas,"Green Peas",Belgaum,Sivaganga,4000.00,20000.00,994.18,5467.99,16000.00,10532.01,29
Peas,"Green Peas",Belagavi,Sivaganga,4000.00,20000.00,995.34,5474.37,16000.00,10525.63,30
Peas,"Green Peas",Gadag,Sivaganga,4950.00,20000.00,866.49,4765.70,15050.00,10284.31,31
Peas,"Green Peas",Bengaluru,Sivaganga,7250.00,20000.00,452.00,2486.00,12750.00,10264.00,32
Peas,"Green Peas",Thiruvannamalai,Sivaganga,8000.00,20000.00,341.49,1878.20,12000.00,10121.81,33
Peas,"Green Peas",Coimbatore,Sivaganga,8500.00,20000.00,261.30,1437.15,11500.00,10062.85,34
Peas,"Green Peas",Haveri,Sivaganga,5675.00,20000.00,804.61,4425.36,14325.00,9899.65,35
Peas,"Green Peas",Ranipet,Sivaganga,8000.00,20000.00,451.09,2481.00,12000.00,9519.01,36
Peas,"Green Peas","Mangalore(Dakshin Kannad)",Sivaganga,7000.00,20000.00,652.29,3587.60,13000.00,9412.41,37
Peas,"Green Peas",Erode,Sivaganga,9500.00,20000.00,232.29,1277.60,10500.00,9222.41,38
Peas,"Green Peas",Chhindwara,Sivaganga,1500.00,20000.00,1698.18,9339.99,18500.00,9160.01,39
Peas,"Green Peas",Bangalore,Sivaganga,8500.00,20000.00,452.00,2486.00,11500.00,9014.00,40
Peas,"Green Peas",Badwani,Sivaganga,1400.00,20000.00,1759.31,9676.21,18600.00,8923.80,41
Peas,"Green Peas",Shimoga,Sivaganga,7350.00,20000.00,733.23,4032.77,12650.00,8617.24,42
Peas,"Green Peas",Chengalpattu,Sivaganga,9000.00,20000.00,442.69,2434.80,11000.00,8565.21,43
Peas,"Green Peas",Dharwad,Sivaganga,6701.00,20000.00,910.16,5005.88,13299.00,8293.12,44
Peas,"Green Peas",Jhabua,Sivaganga,1435.00,20000.00,1868.89,10278.90,18565.00,8286.11,45
Peas,"Green Peas",Kanker,Sivaganga,3500.00,20000.00,1503.06,8266.83,16500.00,8233.17,46
Peas,"Green Peas",Salem,Sivaganga,10500.00,20000.00,257.19,1414.55,9500.00,8085.46,47
Peas,"Green Peas",Jabalpur,Sivaganga,1800.00,20000.00,1861.26,10236.93,18200.00,7963.07,48
Peas,"Green Peas",Namakkal,Sivaganga,11000.00,20000.00,195.38,1074.59,9000.00,7925.41,49
Peas,"Green Peas",Gariyaband,Sivaganga,3500.00,20000.00,1572.71,8649.91,16500.00,7850.10,50
Peas,Organic,Ratlam,Ujjain,3951.00,4668.50,98.03,539.17,717.50,178.34,1
Peas,Organic,Sagar,Damoh,3369.50,4000.00,89.00,489.50,630.50,141.00,2
Peas,Organic,Jabalpur,Damoh,3300.00,4000.00,112.13,616.72,700.00,83.29,3
Peas,Organic,Katni,Damoh,3265.00,4000.00,124.00,682.00,735.00,53.00,4
Peas,Other,Madhepura,"Lower Subansiri",1650.00,20000.00,896.95,4933.23,18350.00,13416.78,1
Peas,Other,Nanital,"Lower Subansiri",1753.00,20000.00,1768.04,9724.22,18247.00,8522.78,2
Peas,Other,Hamirpur,"Lower Subansiri",2300.00,20000.00,1705.24,9378.82,17700.00,8321.18,3
Peas,Other,UdhamSinghNagar,"Lower Subansiri",2361.00,20000.00,1760.99,9685.45,17639.00,7953.56,4
Peas,Other,Seoni,"Lower Subansiri",1550.00,20000.00,1947.70,10712.35,18450.00,7737.65,5
Peas,Other,Satna,"Lower Subansiri",3200.00,20000.00,1671.73,9194.52,16800.00,7605.49,6
Peas,Other,Nandurbar,Nashik,2500.00,11000.00,199.21,1095.66,8500.00,7404.35,7
Peas,Other,Gwalior,"Lower Subansiri",2000.00,20000.00,1941.51,10678.31,18000.00,7321.70,8
Peas,Other,"Chattrapati Sambhajinagar",Nashik,2600.00,11000.00,203.21,1117.66,8400.00,7282.35,9
Peas,Other,Haridwar,"Lower Subansiri",2100.00,20000.00,1930.51,10617.81,17900.00,7282.20,10
Peas,Other,Dhule,Nashik,2800.00,11000.00,178.71,982.91,8200.00,7217.10,11
Peas,Other,Jalgaon,Nashik,2400.00,11000.00,270.23,1486.27,8600.00,7113.74,12
Peas,Other,Dehradoon,"Lower Subansiri",2200.00,20000.00,1952.08,10736.44,17800.00,7063.56,13
Peas,Other,Fatehabad,"Lower Subansiri",2550.00,20000.00,1912.24,10517.32,17450.00,6932.68,14
Peas,Other,Balodabazar,"Lower Subansiri",3950.00,20000.00,1680.56,9243.08,16050.00,6806.92,15
Peas,Other,Koraput,"Lower Subansiri",3150.00,20000.00,1863.50,10249.25,16850.00,6600.75,16
Peas,Other,Ahmednagar,Nashik,3500.00,11000.00,177.44,975.92,7500.00,6524.08,17
Peas,Other,Kanker,"Lower Subansiri",3500.00,20000.00,1859.69,10228.30,16500.00,6271.71,18
Peas,Other,Ahilyanagar,Nashik,4000.00,11000.00,178.35,980.93,7000.00,6019.08,19
Peas,Other,Nagpur,"Lower Subansiri",2750.00,20000.00,2060.75,11334.13,17250.00,5915.88,20
Peas,Other,Gwalior,"Jalaun (Orai)",2000.00,8705.00,143.88,791.34,6705.00,5913.66,21
Peas,Other,Hamirpur,"Jalaun (Orai)",2300.00,8705.00,105.41,579.76,6405.00,5825.25,22
Peas,Other,Bhandara,"Lower Subansiri",3401.00,20000.00,1994.23,10968.27,16599.00,5630.74,23
Peas,Other,"Chattrapati Sambhajinagar",Thane,2600.00,10000.00,325.76,1791.68,7400.00,5608.32,24
Peas,Other,Nandurbar,Thane,2500.00,10000.00,344.70,1895.85,7500.00,5604.15,25
Peas,Other,Ludhiana,"Lower Subansiri",2190.00,20000.00,2221.34,12217.37,17810.00,5592.63,26
Peas,Other,Sagar,"Lower Subansiri",3850.00,20000.00,1951.83,10735.07,16150.00,5414.94,27
Peas,Other,Dhule,Thane,2800.00,10000.00,334.19,1838.05,7200.00,5361.96,28
Peas,Other,Sirsa,"Lower Subansiri",2000.00,20000.00,2303.16,12667.38,18000.00,5332.62,29
Peas,Other,Jalgaon,Thane,2400.00,10000.00,422.66,2324.63,7600.00,5275.37,30
Peas,Other,Palghar,Nashik,5000.00,11000.00,139.71,768.41,6000.00,5231.60,31
Peas,Other,Ahmednagar,Thane,3500.00,10000.00,234.23,1288.27,6500.00,5211.74,32
Peas,Other,Dahod,Nashik,3550.00,11000.00,408.24,2245.32,7450.00,5204.68,33
Peas,Other,Fatehabad,"Jalaun (Orai)",2550.00,8705.00,178.03,979.17,6155.00,5175.84,34
Peas,Other,Bhiwani,"Lower Subansiri",2950.00,20000.00,2166.09,11913.50,17050.00,5136.51,35
Peas,Other,Mansa,"Lower Subansiri",2450.00,20000.00,2262.04,12441.22,17550.00,5108.78,36
Peas,Other,Seoni,Nashik,1550.00,11000.00,801.59,4408.75,9450.00,5041.26,37
Peas,Other,Akola,Nashik,3750.00,11000.00,429.79,2363.85,7250.00,4886.16,38
Peas,Other,Jalore,Nashik,1950.00,11000.00,758.34,4170.87,9050.00,4879.13,39
Peas,Other,Bundi,"Lower Subansiri",2766.00,20000.00,2273.78,12505.79,17234.00,4728.21,40
Peas,Other,Ahilyanagar,Thane,4000.00,10000.00,235.54,1295.47,6000.00,4704.53,41
Peas,Other,Khargone,Nashik,4443.00,11000.00,348.06,1914.33,6557.00,4642.67,42
Peas,Other,Bemetara,"Lower Subansiri",5800.00,20000.00,1746.16,9603.88,14200.00,4596.12,43
Peas,Other,Kota,"Lower Subansiri",3000.00,20000.00,2255.44,12404.92,17000.00,4595.08,44
Peas,Other,Palghar,Thane,5000.00,10000.00,73.83,406.07,5000.00,4593.94,45
Peas,Other,Kalahandi,"Lower Subansiri",6000.00,20000.00,1726.54,9495.97,14000.00,4504.03,46
Peas,Other,Nanital,"Jalaun (Orai)",1753.00,8705.00,451.98,2485.89,6952.00,4466.11,47
Peas,Other,"Chattrapati Sambhajinagar",Mumbai,2600.00,9000.00,354.03,1947.17,6400.00,4452.84,48
Peas,Other,Nandurbar,Mumbai,2500.00,9000.00,384.60,2115.30,6500.00,4384.70,49
Peas,Other,Baran,"Lower Subansiri",3650.00,20000.00,2176.51,11970.81,16350.00,4379.20,50
Peas,Pea,Sehore,Hoshangabad,2830.00,4550.00,104.08,572.44,1720.00,1147.56,1
Peas,Pea,Raisen,Hoshangabad,2995.00,4550.00,80.88,444.84,1555.00,1110.16,2
Peas,Pea,Harda,Hoshangabad,3100.00,4550.00,99.99,549.95,1450.00,900.06,3
Peas,Pea,Narsinghpur,Hoshangabad,2705.00,4550.00,190.33,1046.82,1845.00,798.19,4
Peas,Pea,Vidisha,Hoshangabad,3305.00,4550.00,107.51,591.31,1245.00,653.70,5
Peas,Pea,Shajapur,Ujjain,3013.00,4000.00,70.89,389.90,987.00,597.11,6
Peas,Pea,Neemuch,Ratlam,2551.00,4000.00,158.73,873.02,1449.00,575.99,7
Peas,Pea,Chhindwara,Hoshangabad,2970.00,4550.00,182.69,1004.80,1580.00,575.21,8
Peas,Pea,Sehore,Bhopal,2830.00,3585.00,42.96,236.28,755.00,518.72,9
Peas,Pea,Bhopal,Hoshangabad,3585.00,4550.00,81.86,450.23,965.00,514.77,10
Peas,Pea,Harda,Khandwa,3100.00,4000.00,83.58,459.69,900.00,440.31,11
Peas,Pea,Shajapur,Hoshangabad,3013.00,4550.00,207.48,1141.14,1537.00,395.86,12
Peas,Pea,Betul,Hoshangabad,3500.00,4550.00,120.15,660.83,1050.00,389.18,13
Peas,Pea,Shajapur,Indore,3013.00,3990.00,110.53,607.92,977.00,369.09,14
Peas,Pea,Seoni,Hoshangabad,2805.00,4550.00,251.20,1381.60,1745.00,363.40,15
Peas,Pea,Shehdol,Umariya,2650.00,3400.00,75.39,414.65,750.00,335.36,16
Peas,Pea,Raisen,Bhopal,2995.00,3585.00,48.23,265.27,590.00,324.74,17
Peas,Pea,Neemuch,Mandsaur,2551.00,3200.00,60.39,332.15,649.00,316.86,18
Peas,Pea,Rajgarh,Hoshangabad,3075.00,4550.00,216.68,1191.74,1475.00,283.26,19
Peas,Pea,Neemuch,Ujjain,2551.00,4000.00,213.63,1174.97,1449.00,274.04,20
Peas,Pea,Dewas,Indore,3493.00,3990.00,42.43,233.37,497.00,263.64,21
Peas,Pea,Sehore,Ujjain,2830.00,4000.00,164.84,906.62,1170.00,263.38,22
Peas,Pea,Dewas,Ujjain,3493.00,4000.00,45.21,248.66,507.00,258.35,23
Peas,Pea,Mandsaur,Ratlam,3200.00,4000.00,102.93,566.12,800.00,233.89,24
Peas,Pea,Sehore,Indore,2830.00,3990.00,168.61,927.36,1160.00,232.65,25
Peas,Pea,Sehore,Khandwa,2830.00,4000.00,181.76,999.68,1170.00,170.32,26
Peas,Pea,Raisen,Vidisha,2995.00,3305.00,26.69,146.80,310.00,163.21,27
Peas,Pea,Shajapur,Ratlam,3013.00,4000.00,158.70,872.85,987.00,114.15,28
Peas,Pea,Shajapur,Dewas,3013.00,3493.00,68.58,377.19,480.00,102.81,29
Peas,Pea,Shehdol,Katni,2650.00,3500.00,136.91,753.01,850.00,97.00,30
Peas,Pea,Shehdol,Anupur,2650.00,3000.00,49.45,271.98,350.00,78.03,31
Peas,Pea,Sagar,Hoshangabad,3420.00,4550.00,198.94,1094.17,1130.00,35.83,32
Peas,Pea,Shehdol,Dindori,2650.00,3000.00,59.29,326.10,350.00,23.91,33
Peas,Pea,Narsinghpur,Damoh,2705.00,3427.50,127.44,700.92,722.50,21.58,34
Peas,Pea,Rajgarh,Ujjain,3075.00,4000.00,166.26,914.43,925.00,10.57,35
Peas,"White Fozi",Nagpur,Bhandara,3150.00,3600.00,75.19,413.55,450.00,36.46,1
Pineapples,Other,Gomati,"East Khasi Hills",1350.00,22500.00,260.91,913.19,21150.00,20236.82,1
Pineapples,Other,Unokoti,"East Khasi Hills",1800.00,22500.00,167.93,587.76,20700.00,20112.25,2
Pineapples,Other,"East Garo Hills","East Khasi Hills",2000.00,22500.00,150.83,527.91,20500.00,19972.10,3
Pineapples,Other,"Nongpoh (R-Bhoi)","East Khasi Hills",2300.00,22500.00,71.43,250.01,20200.00,19950.00,4
Pineapples,Other,Sepahijala,"East Khasi Hills",2200.00,22500.00,254.45,890.58,20300.00,19409.43,5
Pineapples,Other,"Imphal East","East Khasi Hills",2500.00,22500.00,301.05,1053.68,20000.00,18946.33,6
Pineapples,Other,Kishanganj,"East Khasi Hills",1900.00,22500.00,494.44,1730.54,20600.00,18869.46,7
Pineapples,Other,Thoubal,"East Khasi Hills",2750.00,22500.00,294.88,1032.08,19750.00,18717.92,8
Pineapples,Other,"West Garo Hills","East Khasi Hills",3200.00,22500.00,205.94,720.79,19300.00,18579.21,9
Pineapples,Other,"Imphal West","East Khasi Hills",3250.00,22500.00,273.28,956.48,19250.00,18293.52,10
Pineapples,Other,Kakching,"East Khasi Hills",3250.00,22500.00,300.15,1050.53,19250.00,18199.48,11
Pineapples,Other,"South West Khasi Hills","East Khasi Hills",4250.00,22500.00,69.76,244.16,18250.00,18005.84,12
Pineapples,Other,Dhalai,"East Khasi Hills",3800.00,22500.00,215.98,755.93,18700.00,17944.07,13
Pineapples,Other,"West Khasi Hills","East Khasi Hills",4500.00,22500.00,91.33,319.66,18000.00,17680.35,14
Pineapples,Other,"South Garo Hills","East Khasi Hills",4500.00,22500.00,154.90,542.15,18000.00,17457.85,15
Pineapples,Other,Peren,"East Khasi Hills",4300.00,22500.00,227.69,796.92,18200.00,17403.09,16
Pineapples,Other,Bishnupur,"East Khasi Hills",2850.00,22500.00,655.85,2295.48,19650.00,17354.53,17
Pineapples,Other,"South West Garo Hills","East Khasi Hills",4500.00,22500.00,233.65,817.78,18000.00,17182.23,18
Pineapples,Other,"North Tripura","East Khasi Hills",4900.00,22500.00,186.28,651.98,17600.00,16948.02,19
Pineapples,Other,Keonjhar,"East Khasi Hills",2400.00,22500.00,969.18,3392.13,20100.00,16707.87,20
Pineapples,Other,"East Jaintia Hills","East Khasi Hills",5500.00,22500.00,84.58,296.03,17000.00,16703.97,21
Pineapples,Other,Gajapati,"East Khasi Hills",1400.00,22500.00,1309.16,4582.06,21100.00,16517.94,22
Pineapples,Other,Wokha,"East Khasi Hills",5000.00,22500.00,321.80,1126.30,17500.00,16373.70,23
Pineapples,Other,Patna,"East Khasi Hills",3250.00,22500.00,837.24,2930.34,19250.00,16319.66,24
Pineapples,Other,Phek,"East Khasi Hills",5000.00,22500.00,345.58,1209.53,17500.00,16290.47,25
Pineapples,Other,Mahendragarh-Narnaul,"East Khasi Hills",3000.00,22500.00,1255.41,4393.94,19500.00,15106.07,26
Pineapples,Other,Bhopal,"East Khasi Hills",1500.00,22500.00,1846.73,6463.56,21000.00,14536.45,27
Pineapples,Other,Gwalior,"East Khasi Hills",2000.00,22500.00,1708.68,5980.38,20500.00,14519.62,28
Pineapples,Other,Kohima,"East Khasi Hills",7000.00,22500.00,288.43,1009.51,15500.00,14490.50,29
Pineapples,Other,Katni,"East Khasi Hills",3000.00,22500.00,1458.49,5104.72,19500.00,14395.29,30
Pineapples,Other,Hyderabad,"East Khasi Hills",1280.00,22500.00,2051.40,7179.90,21220.00,14040.10,31
Pineapples,Other,Nagpur,"East Khasi Hills",2525.00,22500.00,1727.44,6046.04,19975.00,13928.96,32
Pineapples,Other,"Garhwal (Pauri)","East Khasi Hills",2500.00,22500.00,1736.60,6078.10,20000.00,13921.90,33
Pineapples,Other,Rohtak,"East Khasi Hills",2500.00,22500.00,1945.43,6809.01,20000.00,13191.00,34
Pineapples,Other,Harda,"East Khasi Hills",2600.00,22500.00,1917.31,6710.59,19900.00,13189.42,35
Pineapples,Other,Rayagada,"East Khasi Hills",4500.00,22500.00,1382.98,4840.43,18000.00,13159.57,36
Pineapples,Other,Dehradoon,"East Khasi Hills",3000.00,22500.00,1825.08,6387.78,19500.00,13112.22,37
Pineapples,Other,Faridabad,"East Khasi Hills",3000.00,22500.00,1843.91,6453.69,19500.00,13046.32,38
Pineapples,Other,Mewat,"East Khasi Hills",3000.00,22500.00,1866.96,6534.36,19500.00,12965.64,39
Pineapples,Other,Bilaspur,"East Khasi Hills",5000.00,22500.00,1313.11,4595.89,17500.00,12904.12,40
Pineapples,Other,Amritsar,"East Khasi Hills",1800.00,22500.00,2238.96,7836.36,20700.00,12863.64,41
Pineapples,Other,Tuensang,"East Khasi Hills",8300.00,22500.00,393.11,1375.89,14200.00,12824.12,42
Pineapples,Other,Ambala,"East Khasi Hills",2800.00,22500.00,1967.28,6885.48,19700.00,12814.52,43
Pineapples,Other,Longleng,"East Khasi Hills",8300.00,22500.00,406.09,1421.32,14200.00,12778.69,44
Pineapples,Other,Jodhpur,"East Khasi Hills",1500.00,22500.00,2349.31,8222.59,21000.00,12777.42,45
Pineapples,Other,Jalandhar,"East Khasi Hills",2250.00,22500.00,2145.91,7510.69,20250.00,12739.32,46
Pineapples,Other,Mohali,"East Khasi Hills",2895.00,22500.00,1991.30,6969.55,19605.00,12635.45,47
Pineapples,Other,Delhi,"East Khasi Hills",3525.00,22500.00,1861.13,6513.96,18975.00,12461.05,48
Pineapples,Other,Fatehgarh,"East Khasi Hills",3000.00,22500.00,2026.80,7093.80,19500.00,12406.20,49
Pineapples,Other,Solapur,"East Khasi Hills",2000.00,22500.00,2316.88,8109.08,20500.00,12390.92,50
Pineapples,"Pine Apple",Erode,Perambalur,2600.00,12000.00,158.85,555.98,9400.00,8844.03,1
Pineapples,"Pine Apple",Mysore,Perambalur,2200.00,12000.00,337.31,1180.59,9800.00,8619.42,2
Pineapples,"Pine Apple",Thirupur,Perambalur,2750.00,12000.00,208.19,728.67,9250.00,8521.34,3
Pineapples,"Pine Apple",Hyderabad,Perambalur,800.00,12000.00,857.98,3002.93,11200.00,8197.07,4
Pineapples,"Pine Apple",Bangalore,Perambalur,3000.00,12000.00,299.83,1049.41,9000.00,7950.60,5
Pineapples,"Pine Apple",Bengaluru,Perambalur,3000.00,12000.00,299.83,1049.41,9000.00,7950.60,5
Pineapples,"Pine Apple",Davangere,Perambalur,2000.00,12000.00,602.00,2107.00,10000.00,7893.00,6
Pineapples,"Pine Apple",Virudhunagar,Perambalur,3250.00,12000.00,261.00,913.50,8750.00,7836.50,7
Pineapples,"Pine Apple",Kallakuruchi,Perambalur,4000.00,12000.00,71.73,251.06,8000.00,7748.95,8
Pineapples,"Pine Apple",Mysuru,Perambalur,3200.00,12000.00,338.54,1184.89,8800.00,7615.11,9
Pineapples,"Pine Apple",Cuddalore,Perambalur,4000.00,12000.00,139.96,489.86,8000.00,7510.14,10
Pineapples,"Pine Apple",Thiruvannamalai,Perambalur,4000.00,12000.00,142.75,499.63,8000.00,7500.38,11
Pineapples,"Pine Apple","North Goa",Perambalur,1500.00,12000.00,894.01,3129.04,10500.00,7370.97,12
Pineapples,"Pine Apple",Nagapattinam,Perambalur,4375.00,12000.00,145.15,508.03,7625.00,7116.98,13
Pineapples,"Pine Apple",Salem,Perambalur,4500.00,12000.00,116.75,408.63,7500.00,7091.38,14
Pineapples,"Pine Apple",Malappuram,Perambalur,3600.00,12000.00,382.76,1339.66,8400.00,7060.34,15
Pineapples,"Pine Apple",Namakkal,Perambalur,4750.00,12000.00,96.81,338.84,7250.00,6911.17,16
Pineapples,"Pine Apple","Mangalore(Dakshin Kannad)",Perambalur,3050.00,12000.00,594.19,2079.67,8950.00,6870.34,17
Pineapples,"Pine Apple",Kollam,Perambalur,3800.00,12000.00,451.65,1580.78,8200.00,6619.23,18
Pineapples,"Pine Apple",Pudukkottai,Perambalur,5000.00,12000.00,117.40,410.90,7000.00,6589.10,19
Pineapples,"Pine Apple",Alappuzha,Perambalur,4100.00,12000.00,423.51,1482.29,7900.00,6417.72,20
Pineapples,"Pine Apple","Nagercoil (Kannyiakumari)",Perambalur,4000.00,12000.00,469.33,1642.66,8000.00,6357.35,21
Pineapples,"Pine Apple",Ernakulam,Perambalur,4500.00,12000.00,356.15,1246.53,7500.00,6253.48,22
Pineapples,"Pine Apple",Kancheepuram,Perambalur,5000.00,12000.00,247.53,866.36,7000.00,6133.65,23
Pineapples,"Pine Apple",Chengalpattu,Perambalur,5000.00,12000.00,250.98,878.43,7000.00,6121.57,24
Pineapples,"Pine Apple",Kottayam,Perambalur,4600.00,12000.00,393.90,1378.65,7400.00,6021.35,25
Pineapples,"Pine Apple",Ganjam,Perambalur,1100.00,12000.00,1403.25,4911.38,10900.00,5988.63,26
Pineapples,"Pine Apple",Udupi,Perambalur,3800.00,12000.00,634.11,2219.39,8200.00,5980.62,27
Pineapples,"Pine Apple",Kalburgi,Perambalur,3000.00,12000.00,891.23,3119.31,9000.00,5880.70,28
Pineapples,"Pine Apple",Warangal,Perambalur,3000.00,12000.00,937.20,3280.20,9000.00,5719.80,29
Pineapples,"Pine Apple",Thirssur,Perambalur,5000.00,12000.00,377.94,1322.79,7000.00,5677.21,30
Pineapples,"Pine Apple",Coimbatore,Perambalur,5500.00,12000.00,262.63,919.21,6500.00,5580.80,31
Pineapples,"Pine Apple",Dharmapuri,Perambalur,2850.00,12000.00,1072.01,3752.04,9150.00,5397.97,32
Pineapples,"Pine Apple",Thiruvananthapuram,Perambalur,5000.00,12000.00,461.26,1614.41,7000.00,5385.59,33
Pineapples,"Pine Apple",Palakad,Perambalur,5600.00,12000.00,309.28,1082.48,6400.00,5317.52,34
Pineapples,"Pine Apple",Vellore,Perambalur,6000.00,12000.00,235.98,825.93,6000.00,5174.07,35
Pineapples,"Pine Apple",Amritsar,Kupwara,900.00,7500.00,409.50,1433.25,6600.00,5166.75,36
Pineapples,"Pine Apple",Amritsar,Srinagar,900.00,7250.00,340.66,1192.31,6350.00,5157.69,37
Pineapples,"Pine Apple",Rayagada,Perambalur,2500.00,12000.00,1259.53,4408.36,9500.00,5091.65,38
Pineapples,"Pine Apple",Mysore,Krishnagiri,2200.00,8000.00,212.61,744.14,5800.00,5055.87,39
Pineapples,"Pine Apple",Gajapati,Perambalur,2400.00,12000.00,1310.93,4588.26,9600.00,5011.75,40
Pineapples,"Pine Apple",Hyderabad,Ranipet,800.00,8000.00,631.54,2210.39,7200.00,4989.61,41
Pineapples,"Pine Apple",Thiruvellore,Perambalur,6000.00,12000.00,300.10,1050.35,6000.00,4949.65,42
Pineapples,"Pine Apple",Mysore,"The Nilgiris",2200.00,7500.00,118.18,413.63,5300.00,4886.37,43
Pineapples,"Pine Apple",Erode,Thiruchirappalli,2600.00,8000.00,151.44,530.04,5400.00,4869.96,44
Pineapples,"Pine Apple",Hyderabad,Krishnagiri,800.00,8000.00,676.41,2367.44,7200.00,4832.57,45
Pineapples,"Pine Apple",Amritsar,Anantnag,900.00,6750.00,293.59,1027.57,5850.00,4822.44,46
Pineapples,"Pine Apple",Erode,Krishnagiri,2600.00,8000.00,178.33,624.16,5400.00,4775.85,47
Pineapples,"Pine Apple",Erode,Theni,2600.00,8000.00,187.75,657.13,5400.00,4742.88,48
Pineapples,"Pine Apple",Thirupur,Theni,2750.00,8000.00,151.00,528.50,5250.00,4721.50,49
Pineapples,"Pine Apple",Erode,Thanjavur,2600.00,8000.00,208.03,728.11,5400.00,4671.90,50
Pomegranate,Other,"Garhwal (Pauri)",Jind,3200.00,14000.00,320.96,1765.28,10800.00,9034.72,1
Pomegranate,Other,Katni,Hamirpur,3500.00,14000.00,308.93,1699.12,10500.00,8800.89,2
Pomegranate,Other,Haridwar,Jind,4000.00,14000.00,238.91,1314.01,10000.00,8686.00,3
Pomegranate,Other,Palwal,Jind,4500.00,14000.00,205.06,1127.83,9500.00,8372.17,4
Pomegranate,Other,Tarntaran,Jind,4000.00,14000.00,340.33,1871.82,10000.00,8128.19,5
Pomegranate,Other,Tarntaran,Srinagar,4000.00,14000.00,365.83,2012.07,10000.00,7987.94,6
Pomegranate,Other,Jalandhar,Jind,4450.00,14000.00,292.79,1610.35,9550.00,7939.66,7
Pomegranate,Other,Katni,Bilaspur,3500.00,13000.00,320.83,1764.57,9500.00,7735.44,8
Pomegranate,Other,Rewa,Hamirpur,5000.00,14000.00,245.78,1351.79,9000.00,7648.21,9
Pomegranate,Other,"Garhwal (Pauri)",Shimla,3200.00,12000.00,228.06,1254.33,8800.00,7545.67,10
Pomegranate,Other,Faridabad,Jind,5500.00,14000.00,176.73,972.02,8500.00,7527.99,11
Pomegranate,Other,Jalore,Banaskanth,3200.00,11500.00,152.44,838.42,8300.00,7461.58,12
Pomegranate,Other,"Garhwal (Pauri)",Hamirpur,3200.00,14000.00,615.80,3386.90,10800.00,7413.10,13
Pomegranate,Other,Jalandhar,Srinagar,4450.00,14000.00,393.24,2162.82,9550.00,7387.18,14
Pomegranate,Other,Panipat,Jind,6250.00,14000.00,79.35,436.43,7750.00,7313.58,15
Pomegranate,Other,Tarntaran,Una,4000.00,12000.00,153.93,846.62,8000.00,7153.39,16
Pomegranate,Other,Sagar,Hamirpur,5000.00,14000.00,344.13,1892.72,9000.00,7107.29,17
Pomegranate,Other,Jalandhar,Una,4450.00,12000.00,81.31,447.21,7550.00,7102.80,18
Pomegranate,Other,Meerut,Jind,6050.00,14000.00,173.30,953.15,7950.00,6996.85,19
Pomegranate,Other,Palwal,Hamirpur,4500.00,14000.00,462.21,2542.16,9500.00,6957.85,20
Pomegranate,Other,Haridwar,Shimla,4000.00,12000.00,199.71,1098.41,8000.00,6901.60,21
Pomegranate,Other,"Garhwal (Pauri)",Srinagar,3200.00,14000.00,711.28,3912.04,10800.00,6887.96,22
Pomegranate,Other,Nandurbar,Mumbai,2500.00,11500.00,384.60,2115.30,9000.00,6884.70,23
Pomegranate,Other,Jalore,Jind,3200.00,14000.00,715.48,3935.14,10800.00,6864.86,24
Pomegranate,Other,"Garhwal (Pauri)",Sirmore,3200.00,11000.00,170.23,936.27,7800.00,6863.74,25
Pomegranate,Other,"Garhwal (Pauri)",Una,3200.00,12000.00,359.09,1975.00,8800.00,6825.01,26
Pomegranate,Other,Neemuch,Hamirpur,3410.00,14000.00,697.08,3833.94,10590.00,6756.06,27
Pomegranate,Other,Neemuch,Jind,3410.00,14000.00,699.31,3846.21,10590.00,6743.80,28
Pomegranate,Other,Haridwar,Hamirpur,4000.00,14000.00,605.98,3332.89,10000.00,6667.11,29
Pomegranate,Other,Lalitpur,Hamirpur,5800.00,14000.00,280.98,1545.39,8200.00,6654.61,30
Pomegranate,Other,Rampur,Jind,5500.00,14000.00,337.73,1857.52,8500.00,6642.49,31
Pomegranate,Other,Rohtak,Jind,7000.00,14000.00,65.80,361.90,7000.00,6638.10,32
Pomegranate,Other,Dehradoon,Jind,6000.00,14000.00,248.68,1367.74,8000.00,6632.26,33
Pomegranate,Other,Moga,Jind,6000.00,14000.00,249.54,1372.47,8000.00,6627.53,34
Pomegranate,Other,"Garhwal (Pauri)",Solan,3200.00,11000.00,222.28,1222.54,7800.00,6577.46,35
Pomegranate,Other,Tarntaran,Fazilka,4000.00,11500.00,179.31,986.21,7500.00,6513.80,36
Pomegranate,Other,Tarntaran,Shimla,4000.00,12000.00,270.51,1487.81,8000.00,6512.20,37
Pomegranate,Other,Jalandhar,Shimla,4450.00,12000.00,189.35,1041.43,7550.00,6508.58,38
Pomegranate,Other,"Garhwal (Pauri)",Kurukshetra,3200.00,11000.00,235.86,1297.23,7800.00,6502.77,39
Pomegranate,Other,Ludhiana,Jind,6250.00,14000.00,228.11,1254.61,7750.00,6495.40,40
Pomegranate,Other,Nandurbar,Banaskanth,2500.00,11500.00,465.65,2561.08,9000.00,6438.93,41
Pomegranate,Other,"Kanpur Dehat",Hamirpur,7170.00,14000.00,75.89,417.40,6830.00,6412.61,42
Pomegranate,Other,Neemuch,Banaskanth,3410.00,11500.00,310.06,1705.33,8090.00,6384.67,43
Pomegranate,Other,Haridwar,Sirmore,4000.00,11000.00,126.70,696.85,7000.00,6303.15,44
Pomegranate,Other,Tarntaran,Kangra,4000.00,11300.00,183.33,1008.32,7300.00,6291.69,45
Pomegranate,Other,Ghaziabad,Jind,6850.00,14000.00,163.41,898.76,7150.00,6251.25,46
Pomegranate,Other,Rampur,Hamirpur,5500.00,14000.00,415.63,2285.97,8500.00,6214.04,47
Pomegranate,Other,Haridwar,Una,4000.00,12000.00,324.90,1786.95,8000.00,6213.05,48
Pomegranate,Other,Bhopal,Hamirpur,5000.00,14000.00,510.58,2808.19,9000.00,6191.81,49
Pomegranate,Other,Haridwar,Srinagar,4000.00,14000.00,697.26,3834.93,10000.00,6165.07,50
Pomegranate,Pomegranate-Organic,Neemuch,Ganganagar,2600.50,13000.00,768.70,4227.85,10399.50,6171.65,1
Pomegranate,Pomogranate,Davangere,Thiruchirappalli,3800.00,28000.00,631.24,3471.82,24200.00,20728.18,1
Pomegranate,Pomogranate,Kalaburagi,Thiruchirappalli,3000.00,28000.00,930.44,5117.42,25000.00,19882.58,2
Pomegranate,Pomogranate,Kallakuruchi,Thiruchirappalli,8000.00,28000.00,134.40,739.20,20000.00,19260.80,3
Pomegranate,Pomogranate,Mysore,Thiruchirappalli,7000.00,28000.00,346.24,1904.32,21000.00,19095.68,4
Pomegranate,Pomogranate,Villupuram,Thiruchirappalli,8000.00,28000.00,191.96,1055.78,20000.00,18944.22,5
Pomegranate,Pomogranate,Kalburgi,Thiruchirappalli,5000.00,28000.00,939.90,5169.45,23000.00,17830.55,6
Pomegranate,Pomogranate,Hyderabad,Thiruchirappalli,6250.00,28000.00,915.06,5032.83,21750.00,16717.17,7
Pomegranate,Pomogranate,Davangere,Theni,3800.00,24000.00,653.80,3595.90,20200.00,16604.10,8
Pomegranate,Pomogranate,"Bengaluru Rural",Thiruchirappalli,9500.00,28000.00,367.95,2023.73,18500.00,16476.28,9
Pomegranate,Pomogranate,Davangere,Erode,3800.00,22500.00,497.51,2736.31,18700.00,15963.70,10
Pomegranate,Pomogranate,Kalaburagi,Theni,3000.00,24000.00,1009.49,5552.20,21000.00,15447.81,11
Pomegranate,Pomogranate,Davangere,Madurai,3800.00,23000.00,698.20,3840.10,19200.00,15359.90,12
Pomegranate,Pomogranate,Mysore,Theni,7000.00,24000.00,338.68,1862.74,17000.00,15137.26,13
Pomegranate,Pomogranate,Kalaburagi,Erode,3000.00,22500.00,829.98,4564.89,19500.00,14935.11,14
Pomegranate,Pomogranate,Harda,Thiruchirappalli,4200.00,28000.00,1616.65,8891.58,23800.00,14908.43,15
Pomegranate,Pomogranate,Davangere,Perambalur,3800.00,22000.00,602.00,3311.00,18200.00,14889.00,16
Pomegranate,Pomogranate,"Mangalore(Dakshin Kannad)",Thiruchirappalli,10250.00,28000.00,597.15,3284.33,17750.00,14465.68,17
Pomegranate,Pomogranate,Mysuru,Thiruchirappalli,11663.00,28000.00,347.33,1910.32,16337.00,14426.69,18
Pomegranate,Pomogranate,Mysore,Erode,7000.00,22500.00,197.41,1085.76,15500.00,14414.25,19
Pomegranate,Pomogranate,Kalaburagi,Madurai,3000.00,23000.00,1033.63,5684.97,20000.00,14315.04,20
Pomegranate,Pomogranate,Kallakuruchi,Theni,8000.00,24000.00,314.05,1727.28,16000.00,14272.73,21
Pomegranate,Pomogranate,Satna,Thiruchirappalli,3200.00,28000.00,1934.10,10637.55,24800.00,14162.45,22
Pomegranate,Pomogranate,Kalaburagi,Perambalur,3000.00,22000.00,882.35,4852.93,19000.00,14147.08,23
Pomegranate,Pomogranate,Udupi,Thiruchirappalli,10500.00,28000.00,641.75,3529.63,17500.00,13970.38,24
Pomegranate,Pomogranate,Neemuch,Thiruchirappalli,3300.00,28000.00,1963.51,10799.31,24700.00,13900.70,25
Pomegranate,Pomogranate,Villupuram,Theni,8000.00,24000.00,384.61,2115.36,16000.00,13884.65,26
Pomegranate,Pomogranate,Mysore,Madurai,7000.00,23000.00,387.30,2130.15,16000.00,13869.85,27
Pomegranate,Pomogranate,Bangalore,Thiruchirappalli,12500.00,28000.00,336.68,1851.74,15500.00,13648.26,28
Pomegranate,Pomogranate,Kallakuruchi,Perambalur,8000.00,22000.00,71.73,394.52,14000.00,13605.49,29
Pomegranate,Pomogranate,Kallakuruchi,Erode,8000.00,22500.00,177.79,977.85,14500.00,13522.16,30
Pomegranate,Pomogranate,Kallakuruchi,Madurai,8000.00,23000.00,277.75,1527.63,15000.00,13472.38,31
Pomegranate,Pomogranate,Davangere,Coimbatore,3800.00,20000.00,502.88,2765.84,16200.00,13434.16,32
Pomegranate,Pomogranate,Kalburgi,Theni,5000.00,24000.00,1021.10,5616.05,19000.00,13383.95,33
Pomegranate,Pomogranate,Villupuram,Perambalur,8000.00,22000.00,129.86,714.23,14000.00,13285.77,34
Pomegranate,Pomogranate,Ujjain,Thiruchirappalli,5160.00,28000.00,1761.83,9690.07,22840.00,13149.94,35
Pomegranate,Pomogranate,Mysore,Perambalur,7000.00,22000.00,337.31,1855.21,15000.00,13144.80,36
Pomegranate,Pomogranate,Villupuram,Madurai,8000.00,23000.00,338.08,1859.44,15000.00,13140.56,37
Pomegranate,Pomogranate,Kalaburagi,Thiruvellore,3000.00,20000.00,708.56,3897.08,17000.00,13102.92,38
Pomegranate,Pomogranate,Villupuram,Erode,8000.00,22500.00,256.26,1409.43,14500.00,13090.57,39
Pomegranate,Pomogranate,Davangere,Thiruvellore,3800.00,20000.00,568.95,3129.23,16200.00,13070.78,40
Pomegranate,Pomogranate,Kalburgi,Erode,5000.00,22500.00,840.95,4625.23,17500.00,12874.78,41
Pomegranate,Pomogranate,Thiruvannamalai,Thiruchirappalli,14000.00,28000.00,205.39,1129.65,14000.00,12870.36,42
Pomegranate,Pomogranate,Davangere,Cuddalore,3800.00,20000.00,641.91,3530.51,16200.00,12669.50,43
Pomegranate,Pomogranate,Indore,Thiruchirappalli,6000.00,28000.00,1697.24,9334.82,22000.00,12665.18,44
Pomegranate,Pomogranate,Warangal,Thiruchirappalli,10000.00,28000.00,998.49,5491.70,18000.00,12508.31,45
Pomegranate,Pomogranate,Davangere,Thanjavur,3800.00,20000.00,672.71,3699.91,16200.00,12500.10,46
Pomegranate,Pomogranate,Dindigul,Thiruchirappalli,15000.00,28000.00,116.58,641.19,13000.00,12358.81,47
Pomegranate,Pomogranate,Davangere,Ranipet,3800.00,19000.00,523.29,2878.10,15200.00,12321.91,48
Pomegranate,Pomogranate,Kalburgi,Madurai,5000.00,23000.00,1044.34,5743.87,18000.00,12256.13,49
Pomegranate,Pomogranate,Kalaburagi,Cuddalore,3000.00,20000.00,862.58,4744.19,17000.00,12255.81,50
Potato,"(Red Nanital)",Dhubri,Mokokchung,800.00,6000.00,567.73,1987.06,5200.00,3212.95,1
Potato,"(Red Nanital)",Kamrup,Mokokchung,1700.00,6000.00,388.90,1361.15,4300.00,2938.85,2
Potato,"(Red Nanital)",Dhubri,Kiphire,800.00,5700.00,609.35,2132.73,4900.00,2767.28,3
Potato,"(Red Nanital)",Chittor,Cuddalore,1600.00,5000.00,222.38,778.33,3400.00,2621.67,4
Potato,"(Red Nanital)","North Tripura",Mokokchung,1975.00,6000.00,422.91,1480.19,4025.00,2544.82,5
Potato,"(Red Nanital)",Chittor,Salem,1600.00,5000.00,249.19,872.17,3400.00,2527.84,6
Potato,"(Red Nanital)",Chittor,Ramanathapuram,1600.00,6000.00,536.21,1876.74,4400.00,2523.27,7
Potato,"(Red Nanital)",Kamrup,Kiphire,1700.00,5700.00,431.60,1510.60,4000.00,2489.40,8
Potato,"(Red Nanital)",Chittor,"The Nilgiris",1600.00,5500.00,412.10,1442.35,3900.00,2457.65,9
Potato,"(Red Nanital)",Chittor,Coimbatore,1600.00,5500.00,422.15,1477.53,3900.00,2422.48,10
Potato,"(Red Nanital)",Dhalai,Mokokchung,2000.00,6000.00,473.59,1657.57,4000.00,2342.44,11
Potato,"(Red Nanital)",Kakching,Mokokchung,2750.00,6000.00,261.58,915.53,3250.00,2334.47,12
Potato,"(Red Nanital)","North Tripura",Kiphire,1975.00,5700.00,409.43,1433.01,3725.00,2292.00,13
Potato,"(Red Nanital)",Chittor,Sivaganga,1600.00,5500.00,474.11,1659.39,3900.00,2240.62,14
Potato,"(Red Nanital)",Chittor,Madurai,1600.00,5500.00,475.98,1665.93,3900.00,2234.07,15
Potato,"(Red Nanital)",Chittor,Thiruchirappalli,1600.00,5000.00,337.99,1182.97,3400.00,2217.04,16
Potato,"(Red Nanital)",Chittor,Karur,1600.00,5000.00,341.54,1195.39,3400.00,2204.61,17
Potato,"(Red Nanital)",Kakching,Kiphire,2750.00,5700.00,214.19,749.67,2950.00,2200.34,18
Potato,"(Red Nanital)",Chittor,Kallakuruchi,1600.00,4500.00,205.08,717.78,2900.00,2182.22,19
Potato,"(Red Nanital)",Chittor,Ranipet,1600.00,4000.00,62.88,220.08,2400.00,2179.92,20
Potato,"(Red Nanital)",Dhalai,Kiphire,2000.00,5700.00,459.59,1608.57,3700.00,2091.44,21
Potato,"(Red Nanital)",Chittor,Kancheepuram,1600.00,4000.00,98.80,345.80,2400.00,2054.20,22
Potato,"(Red Nanital)",Chittor,Perambalur,1600.00,4600.00,276.69,968.42,3000.00,2031.59,23
Potato,"(Red Nanital)",Chittor,Pudukkottai,1600.00,5000.00,394.09,1379.32,3400.00,2020.69,24
Potato,"(Red Nanital)",Chittor,Thiruvellore,1600.00,4000.00,111.40,389.90,2400.00,2010.10,25
Potato,"(Red Nanital)",Chittor,Vellore,1600.00,3750.00,42.05,147.18,2150.00,2002.83,26
Potato,"(Red Nanital)",Chittor,Ariyalur,1600.00,4600.00,287.73,1007.06,3000.00,1992.95,27
Potato,"(Red Nanital)",Chittor,Thiruvannamalai,1600.00,4000.00,134.85,471.98,2400.00,1928.03,28
Potato,"(Red Nanital)",Chittor,Dindigul,1600.00,5000.00,424.43,1485.51,3400.00,1914.50,29
Potato,"(Red Nanital)",Chittor,Chengalpattu,1600.00,4000.00,141.29,494.52,2400.00,1905.49,30
Potato,"(Red Nanital)",Chittor,Krishnagiri,1600.00,4000.00,152.16,532.56,2400.00,1867.44,31
Potato,"(Red Nanital)",Chittor,Namakkal,1600.00,4500.00,303.53,1062.36,2900.00,1837.65,32
Potato,"(Red Nanital)",Purnea,Mokokchung,1100.00,6000.00,882.20,3087.70,4900.00,1812.30,33
Potato,"(Red Nanital)",Thirunelveli,Ramanathapuram,3600.00,6000.00,175.74,615.09,2400.00,1784.91,34
Potato,"(Red Nanital)",Chittor,Villupuram,1600.00,4000.00,185.08,647.78,2400.00,1752.22,35
Potato,"(Red Nanital)",Araria,Mokokchung,1200.00,6000.00,879.33,3077.66,4800.00,1722.35,36
Potato,"(Red Nanital)",Chittor,Erode,1600.00,4400.00,319.65,1118.78,2800.00,1681.23,37
Potato,"(Red Nanital)",Mon,Mokokchung,4025.00,6000.00,85.29,298.52,1975.00,1676.49,38
Potato,"(Red Nanital)",Supaul,Mokokchung,900.00,6000.00,986.55,3452.93,5100.00,1647.08,39
Potato,"(Red Nanital)",Kishanganj,Mokokchung,1500.00,6000.00,819.78,2869.23,4500.00,1630.77,40
Potato,"(Red Nanital)",Madhepura,Mokokchung,1000.00,6000.00,964.90,3377.15,5000.00,1622.85,41
Potato,"(Red Nanital)",Thirupathur,Ramanathapuram,4000.00,6000.00,109.31,382.59,2000.00,1617.42,42
Potato,"(Red Nanital)",Chittor,Thanjavur,1600.00,4400.00,339.19,1187.17,2800.00,1612.84,43
Potato,"(Red Nanital)",Chittor,Thirupur,1600.00,4500.00,376.94,1319.29,2900.00,1580.71,44
Potato,"(Red Nanital)",Seoni,Dharmapuri,1134.50,4200.00,441.90,1546.65,3065.50,1518.85,45
Potato,"(Red Nanital)",Hyderabad,Dharmapuri,1900.00,4200.00,230.48,806.68,2300.00,1493.32,46
Potato,"(Red Nanital)",Betul,Dharmapuri,1200.00,4200.00,439.65,1538.78,3000.00,1461.23,47
Potato,"(Red Nanital)",Karimnagar,Dharmapuri,2500.00,4200.00,69.70,243.95,1700.00,1456.05,48
Potato,"(Red Nanital)",Purnea,Kiphire,1100.00,5700.00,922.14,3227.49,4600.00,1372.51,49
Potato,"(Red Nanital)",Thirupathur,Sivaganga,4000.00,5500.00,39.15,137.03,1500.00,1362.98,50
Potato,Badshah,Bhagalpur,Khagaria,1200.00,1650.00,73.15,256.03,450.00,193.98,1
Potato,Badshah,Prayagraj,"Bhadohi(Sant Ravi Nagar)",830.00,1150.00,90.66,317.31,320.00,2.69,2
Potato,Big,Thiruvananthapuram,Idukki,2800.00,4500.00,185.48,649.18,1700.00,1050.82,1
Potato,Big,Ernakulam,Idukki,3200.00,4500.00,77.38,270.83,1300.00,1029.17,2
Potato,Big,Kottayam,Idukki,3500.00,4500.00,80.50,281.75,1000.00,718.25,3
Potato,Big,Udhamsinghnagar,"Garhwal (Pauri)",761.00,1800.00,185.09,647.82,1039.00,391.19,4
Potato,Big,Thiruvananthapuram,Kottayam,2800.00,3500.00,160.80,562.80,700.00,137.20,5
Potato,Big,Ernakulam,Kottayam,3200.00,3500.00,68.16,238.56,300.00,61.44,6
Potato,Chandermukhi,Ayodhya,Raebarelli,1090.00,1740.00,156.38,547.33,650.00,102.67,1
Potato,Chandermukhi,Hassan,Chamrajnagar,1800.00,2550.00,189.33,662.66,750.00,87.35,2
Potato,Chandermukhi,Hassan,Mysore,1800.00,2307.00,122.34,428.19,507.00,78.81,3
Potato,Chandermukhi,Gonda,Raebarelli,1200.00,1740.00,136.44,477.54,540.00,62.46,4
Potato,Chandermukhi,Mysore,Chamrajnagar,2307.00,2550.00,67.03,234.61,243.00,8.40,5
Potato,Chips,Sambhal,Amroha,605.00,2000.00,43.44,152.04,1395.00,1242.96,1
Potato,Chips,Bangalore,Alappuzha,2000.00,4600.00,513.29,1796.52,2600.00,803.49,2
Potato,Chips,Udhamsinghnagar,Amroha,900.00,2000.00,124.83,436.91,1100.00,663.10,3
Potato,Chips,Indore,Ujjain,1200.00,1990.00,64.75,226.63,790.00,563.38,4
Potato,Chips,Baghpat,Amroha,950.00,2000.00,152.39,533.37,1050.00,516.64,5
Potato,Chips,Dewas,Ujjain,1400.00,1990.00,45.21,158.24,590.00,431.77,6
Potato,Chips,Sambhal,Bulandshahar,605.00,1312.50,91.08,318.78,707.50,388.72,7
Potato,Chips,Sonipat,Amroha,1000.00,2000.00,177.16,620.06,1000.00,379.94,8
Potato,Chips,Dehradoon,Amroha,900.00,2000.00,207.10,724.85,1100.00,375.15,9
Potato,Chips,Saharanpur,Amroha,1000.00,2000.00,188.04,658.14,1000.00,341.86,10
Potato,Chips,Bulandshahar,Amroha,1312.50,2000.00,99.94,349.79,687.50,337.71,11
Potato,Chips,Karnal,Amroha,1000.00,2000.00,212.84,744.94,1000.00,255.06,12
Potato,Chips,Shajapur,Ujjain,1494.00,1990.00,70.89,248.12,496.00,247.89,13
Potato,Chips,Jhabua,Ujjain,1300.00,1990.00,162.60,569.10,690.00,120.90,14
Potato,Chips,Indore,Dewas,1200.00,1400.00,42.43,148.51,200.00,51.50,15
Potato,Desi,Chhapra,Sonepur,1100.00,3000.00,47.08,164.78,1900.00,1735.22,1
Potato,Desi,Begusarai,Sonepur,850.00,3000.00,129.33,452.66,2150.00,1697.35,2
Potato,Desi,Maharajganj,Sonepur,1125.00,3000.00,97.44,341.04,1875.00,1533.96,3
Potato,Desi,Bhojpur,Sonepur,1200.00,3000.00,83.43,292.01,1800.00,1508.00,4
Potato,Desi,Darbhanga,Sonepur,1150.00,3000.00,111.66,390.81,1850.00,1459.19,5
Potato,Desi,Ballia,Sonepur,1190.00,3000.00,125.40,438.90,1810.00,1371.10,6
Potato,Desi,Patna,Sonepur,1600.00,3000.00,15.34,53.69,1400.00,1346.31,7
Potato,Desi,Deoria,Sonepur,985.00,3000.00,203.21,711.24,2015.00,1303.77,8
Potato,Desi,Supaul,Sonepur,1050.00,3000.00,190.03,665.11,1950.00,1284.90,9
Potato,Desi,Mahendragarh-Narnaul,Bilaspur,600.00,2400.00,157.20,550.20,1800.00,1249.80,10
Potato,Desi,Nagaon,Kamrup,1200.00,3000.00,163.04,570.64,1800.00,1229.36,11
Potato,Desi,Mau(Maunathbhanjan),Sonepur,1100.00,3000.00,201.48,705.18,1900.00,1194.82,12
Potato,Desi,Hojai,Kamrup,1170.00,3000.00,181.70,635.95,1830.00,1194.05,13
Potato,Desi,Rohtas,Sonepur,1100.00,3000.00,202.53,708.86,1900.00,1191.15,14
Potato,Desi,Chandauli,Sonepur,1050.00,3000.00,244.04,854.14,1950.00,1095.86,15
Potato,Desi,Ghazipur,Sonepur,1230.00,3000.00,196.30,687.05,1770.00,1082.95,16
Potato,Desi,Madhubani,Sonepur,1200.00,3000.00,215.24,753.34,1800.00,1046.66,17
Potato,Desi,Malda,Sonepur,600.00,3000.00,388.79,1360.77,2400.00,1039.24,18
Potato,Desi,Gorakhpur,Sonepur,1042.50,3000.00,263.81,923.34,1957.50,1034.17,19
Potato,Desi,Jalandhar,Jammu,450.00,2200.00,207.99,727.97,1750.00,1022.04,20
Potato,Desi,Gurdaspur,Jammu,800.00,2200.00,110.19,385.67,1400.00,1014.34,21
Potato,Desi,Kathua,Jammu,900.00,2200.00,86.49,302.72,1300.00,997.29,22
Potato,Desi,Jalpaiguri,Kamrup,825.00,3000.00,337.50,1181.25,2175.00,993.75,23
Potato,Desi,Bhagalpur,Sonepur,1200.00,3000.00,237.53,831.36,1800.00,968.65,24
Potato,Desi,Ahmedabad,Kheda,1100.00,2200.00,40.59,142.07,1100.00,957.94,25
Potato,Desi,Azamgarh,Sonepur,1170.00,3000.00,251.36,879.76,1830.00,950.24,26
Potato,Desi,Malda,Kamrup,600.00,3000.00,434.74,1521.59,2400.00,878.41,27
Potato,Desi,Anand,Kheda,1200.00,2200.00,44.41,155.44,1000.00,844.57,28
Potato,Desi,"Sant Kabir Nagar",Sonepur,1100.00,3000.00,305.01,1067.54,1900.00,832.47,29
Potato,Desi,"Bhadohi(Sant Ravi Nagar)",Sonepur,1030.00,3000.00,326.58,1143.03,1970.00,826.97,30
Potato,Desi,"North Tripura",Dhalai,1500.00,2500.00,50.70,177.45,1000.00,822.55,31
Potato,Desi,Haridwar,"Garhwal (Pauri)",650.00,1700.00,82.40,288.40,1050.00,761.60,32
Potato,Desi,Katni,Bilaspur,523.64,2400.00,320.83,1122.91,1876.36,753.46,33
Potato,Desi,Mirzapur,Sonepur,1115.00,3000.00,333.76,1168.16,1885.00,716.84,34
Potato,Desi,Ambedkarnagar,Sonepur,1170.00,3000.00,324.99,1137.47,1830.00,692.54,35
Potato,Desi,"Uttar Dinajpur",Sonepur,1100.00,3000.00,356.75,1248.63,1900.00,651.38,36
Potato,Desi,Basti,Sonepur,1175.00,3000.00,336.45,1177.58,1825.00,647.43,37
Potato,Desi,Ludhiana,Jammu,600.00,2200.00,273.91,958.69,1600.00,641.32,38
Potato,Desi,Mahendragarh-Narnaul,Sonepur,600.00,3000.00,510.84,1787.94,2400.00,612.06,39
Potato,Desi,"Siddharth Nagar",Sonepur,1150.00,3000.00,358.00,1253.00,1850.00,597.00,40
Potato,Desi,Angul,Jajpur,850.00,2000.00,161.11,563.89,1150.00,586.12,41
Potato,Desi,Jaipur,Tonk,700.00,1650.00,105.70,369.95,950.00,580.05,42
Potato,Desi,Jalpaiguri,Sonepur,825.00,3000.00,460.75,1612.63,2175.00,562.38,43
Potato,Desi,Kangra,Jammu,1000.00,2200.00,183.20,641.20,1200.00,558.80,44
Potato,Desi,Malda,Kaithar,600.00,1500.00,102.65,359.28,900.00,540.73,45
Potato,Desi,Katni,Jabalpur,523.64,1400.00,101.21,354.24,876.36,522.13,46
Potato,Desi,Malda,Kishanganj,600.00,1650.00,152.40,533.40,1050.00,516.60,47
Potato,Desi,Prayagraj,Sonepur,1050.00,3000.00,415.43,1454.01,1950.00,496.00,48
Potato,Desi,Hoshiarpur,Jammu,1000.00,2200.00,201.74,706.09,1200.00,493.91,49
Potato,Desi,"Uttar Dinajpur",Kishanganj,1100.00,1650.00,23.10,80.85,550.00,469.15,50
Potato,F.A.Q.,Sonitpur,Kamrup,850.00,4500.00,187.75,657.13,3650.00,2992.88,1
Potato,F.A.Q.,Karimganj,Kamrup,1625.00,4500.00,212.85,744.98,2875.00,2130.03,2
Potato,F.A.Q.,"North Tripura",Kamrup,1650.00,4500.00,297.40,1040.90,2850.00,1809.10,3
Potato,F.A.Q.,"Uttar Dinajpur",Kamrup,1200.00,4500.00,426.55,1492.93,3300.00,1807.08,4
Potato,F.A.Q.,Hooghly,Kamrup,850.00,4500.00,584.56,2045.96,3650.00,1604.04,5
Potato,F.A.Q.,"West District",Kamrup,1900.00,4500.00,304.40,1065.40,2600.00,1534.60,6
Potato,F.A.Q.,Dhalai,Kamrup,2100.00,4500.00,322.50,1128.75,2400.00,1271.25,7
Potato,F.A.Q.,Nadia,Kamrup,1540.00,4500.00,516.40,1807.40,2960.00,1152.60,8
Potato,F.A.Q.,Hooghly,Nadia,850.00,1540.00,79.34,277.69,690.00,412.31,9
Potato,F.A.Q.,"Khiri (Lakhimpur)",Sitapur,950.00,1540.00,55.59,194.57,590.00,395.44,10
Potato,F.A.Q.,Lakhimpur,Sitapur,1000.00,1540.00,55.59,194.57,540.00,345.44,11
Potato,F.A.Q.,Hathras,Aligarh,835.00,1320.00,40.39,141.37,485.00,343.64,12
Potato,F.A.Q.,Barabanki,Sitapur,800.00,1540.00,122.98,430.43,740.00,309.57,13
Potato,F.A.Q.,Agra,Firozabad,700.00,1150.00,48.55,169.93,450.00,280.08,14
Potato,F.A.Q.,Agra,Aligarh,700.00,1320.00,97.68,341.88,620.00,278.12,15
Potato,F.A.Q.,"North Tripura",Dhalai,1650.00,2100.00,50.70,177.45,450.00,272.55,16
Potato,F.A.Q.,Sonipat,Ghaziabad,800.00,1300.00,68.70,240.45,500.00,259.55,17
Potato,F.A.Q.,Fatehpur,Sitapur,1005.00,1540.00,85.91,300.69,535.00,234.32,18
Potato,F.A.Q.,Sambhal,Badaun,800.00,1300.00,92.36,323.26,500.00,176.74,19
Potato,F.A.Q.,Amroha,Bijnor,900.00,1315.00,79.03,276.61,415.00,138.40,20
Potato,F.A.Q.,Sambhal,Aligarh,800.00,1320.00,113.79,398.27,520.00,121.74,21
Potato,F.A.Q.,Bareilly,Badaun,975.00,1300.00,61.58,215.53,325.00,109.47,22
Potato,F.A.Q.,"Jalaun (Orai)",Jhansi,900.00,1470.00,135.06,472.71,570.00,97.29,23
Potato,F.A.Q.,Sambhal,Bijnor,800.00,1315.00,121.61,425.64,515.00,89.37,24
Potato,F.A.Q.,Barabanki,Gonda,800.00,1150.00,75.85,265.48,350.00,84.53,25
Potato,F.A.Q.,Bulandshahar,Ghaziabad,1000.00,1300.00,61.74,216.09,300.00,83.91,26
Potato,F.A.Q.,"Gautam Budh Nagar",Ghaziabad,1065.00,1300.00,43.93,153.76,235.00,81.25,27
Potato,F.A.Q.,Barabanki,Fatehpur,800.00,1005.00,38.28,133.98,205.00,71.02,28
Potato,F.A.Q.,Hathras,Firozabad,835.00,1150.00,75.33,263.66,315.00,51.35,29
Potato,F.A.Q.,Bulandshahar,Aligarh,1000.00,1320.00,77.14,269.99,320.00,50.01,30
Potato,F.A.Q.,"Khiri (Lakhimpur)",Lakhimpur,950.00,1000.00,0.00,0.00,50.00,50.00,31
Potato,F.A.Q.,Barabanki,Kanpur,800.00,1350.00,148.68,520.38,550.00,29.62,32
Potato,F.A.Q.,Sambhal,Ghaziabad,800.00,1300.00,138.44,484.54,500.00,15.46,33
Potato,F.A.Q.,Sonipat,Bijnor,800.00,1315.00,145.31,508.59,515.00,6.42,34
Potato,F.A.Q.,Saharanpur,Bijnor,927.00,1315.00,109.69,383.92,388.00,4.09,35
Potato,Haldwani,"Khiri (Lakhimpur)",Lakhimpur,1140.00,1150.00,0.00,0.00,10.00,10.00,1
Potato,Jalander,"North Tripura",Dhalai,1575.00,2500.00,50.70,177.45,925.00,747.55,1
Potato,Jalander,"South Tripura",Sepahijala,1435.00,2400.00,64.69,226.42,965.00,738.59,2
Potato,Jalander,"South Tripura",Dhalai,1435.00,2500.00,99.51,348.29,1065.00,716.72,3
Potato,Jalander,"South Tripura","West District",1435.00,2500.00,102.96,360.36,1065.00,704.64,4
Potato,Jalander,"North Tripura",Unokoti,1575.00,2300.00,25.65,89.78,725.00,635.23,5
Potato,Jalander,"North Tripura","West District",1575.00,2500.00,107.08,374.78,925.00,550.22,6
Potato,Jalander,"South Tripura","South District",1435.00,2000.00,8.73,30.56,565.00,534.45,7
Potato,Jalander,"South Tripura",Gomati,1435.00,2050.00,44.94,157.29,615.00,457.71,8
Potato,Jalander,"North Tripura",Sepahijala,1575.00,2400.00,129.89,454.62,825.00,370.39,9
Potato,Jalander,"South Tripura",Unokoti,1435.00,2300.00,150.83,527.91,865.00,337.10,10
Potato,Jalander,"Khiri (Lakhimpur)",Lakhimpur,867.50,1150.00,0.00,0.00,282.50,282.50,11
Potato,Jalander,Khowai,"West District",2100.00,2500.00,33.85,118.48,400.00,281.53,12
Potato,Jalander,"North Tripura",Khowai,1575.00,2100.00,77.51,271.29,525.00,253.72,13
Potato,Jalander,Gomati,Dhalai,2050.00,2500.00,58.63,205.21,450.00,244.80,14
Potato,Jalander,"South Tripura",Khowai,1435.00,2100.00,120.95,423.33,665.00,241.68,15
Potato,Jalander,Gomati,"West District",2050.00,2500.00,63.44,222.04,450.00,227.96,16
Potato,Jalander,Khowai,Dhalai,2100.00,2500.00,52.71,184.49,400.00,215.52,17
Potato,Jalander,Gomati,Sepahijala,2050.00,2400.00,39.01,136.54,350.00,213.47,18
Potato,Jalander,"South District",Dhalai,2000.00,2500.00,100.19,350.67,500.00,149.34,19
Potato,Jalander,"South District",Sepahijala,2000.00,2400.00,72.15,252.53,400.00,147.48,20
Potato,Jalander,"South District","West District",2000.00,2500.00,109.00,381.50,500.00,118.50,21
Potato,Jalander,"North Tripura",Gomati,1575.00,2050.00,109.26,382.41,475.00,92.59,22
Potato,Jalander,Khowai,Sepahijala,2100.00,2400.00,71.98,251.93,300.00,48.07,23
Potato,Jalander,Unokoti,Dhalai,2300.00,2500.00,51.95,181.83,200.00,18.18,24
Potato,Jyoti,Gomati,Sepahijala,1650.00,3800.00,39.01,136.54,2150.00,2013.47,1
Potato,Jyoti,"South Tripura",Sepahijala,1780.00,3800.00,64.69,226.42,2020.00,1793.59,2
Potato,Jyoti,Unokoti,Sepahijala,1600.00,3800.00,120.99,423.47,2200.00,1776.54,3
Potato,Jyoti,"North Tripura",Sepahijala,1700.00,3800.00,129.89,454.62,2100.00,1645.39,4
Potato,Jyoti,"North 24 Parganas",Sepahijala,1100.00,3800.00,365.59,1279.57,2700.00,1420.44,5
Potato,Jyoti,"South District",Sepahijala,2200.00,3800.00,72.15,252.53,1600.00,1347.48,6
Potato,Jyoti,Dhalai,Sepahijala,2250.00,3800.00,81.60,285.60,1550.00,1264.40,7
Potato,Jyoti,Samastipur,Vaishali,1100.00,2600.00,89.64,313.74,1500.00,1186.26,8
Potato,Jyoti,"Dakshin Dinajpur",Sepahijala,1200.00,3800.00,427.30,1495.55,2600.00,1104.45,9
Potato,Jyoti,Nawada,Nalanda,1000.00,2200.00,35.24,123.34,1200.00,1076.66,10
Potato,Jyoti,Coochbehar,Sepahijala,1180.00,3800.00,445.98,1560.93,2620.00,1059.07,11
Potato,Jyoti,Nawada,Vaishali,1000.00,2600.00,164.74,576.59,1600.00,1023.41,12
Potato,Jyoti,Hooghly,Sepahijala,1420.00,3800.00,387.83,1357.41,2380.00,1022.60,13
Potato,Jyoti,Nawada,Patna,1000.00,2400.00,110.76,387.66,1400.00,1012.34,14
Potato,Jyoti,Nadia,Sepahijala,1540.00,3800.00,359.86,1259.51,2260.00,1000.49,15
Potato,Jyoti,Samastipur,Patna,1100.00,2400.00,87.91,307.69,1300.00,992.32,16
Potato,Jyoti,Murshidabad,Sepahijala,1420.00,3800.00,398.09,1393.32,2380.00,986.69,17
Potato,Jyoti,Alipurduar,Sepahijala,1200.00,3800.00,464.24,1624.84,2600.00,975.16,18
Potato,Jyoti,Jehanabad,Vaishali,1300.00,2600.00,110.39,386.37,1300.00,913.64,19
Potato,Jyoti,Jalpaiguri,Kalimpong,1200.00,2400.00,82.98,290.43,1200.00,909.57,20
Potato,Jyoti,"East Khasi Hills",Sepahijala,2000.00,3800.00,254.45,890.58,1800.00,909.43,21
Potato,Jyoti,Kaimur/Bhabhua,Vaishali,900.00,2600.00,226.78,793.73,1700.00,906.27,22
Potato,Jyoti,Burdwan,Sepahijala,1340.00,3800.00,445.35,1558.73,2460.00,901.28,23
Potato,Jyoti,Jehanabad,Patna,1300.00,2400.00,57.39,200.87,1100.00,899.14,24
Potato,Jyoti,"Purba Bardhaman",Sepahijala,1420.00,3800.00,433.54,1517.39,2380.00,862.61,25
Potato,Jyoti,"Sounth 24 Parganas",Sepahijala,1580.00,3800.00,399.41,1397.94,2220.00,822.07,26
Potato,Jyoti,Howrah,Sepahijala,1540.00,3800.00,418.03,1463.11,2260.00,796.90,27
Potato,Jyoti,"East Champaran/ Motihari",Vaishali,1500.00,2600.00,87.39,305.87,1100.00,794.14,28
Potato,Jyoti,Kolkata,Sepahijala,1600.00,3800.00,406.31,1422.09,2200.00,777.92,29
Potato,Jyoti,Jalpaiguri,Sepahijala,1200.00,3800.00,521.10,1823.85,2600.00,776.15,30
Potato,Jyoti,Kaimur/Bhabhua,Patna,900.00,2400.00,206.86,724.01,1500.00,775.99,31
Potato,Jyoti,Muzaffarpur,Vaishali,1700.00,2600.00,37.31,130.59,900.00,769.42,32
Potato,Jyoti,Luckeesarai,Vaishali,1280.00,2600.00,171.29,599.52,1320.00,720.49,33
Potato,Jyoti,Samastipur,Nalanda,1100.00,2200.00,109.59,383.57,1100.00,716.44,34
Potato,Jyoti,Purnea,Sepahijala,1080.00,3800.00,574.24,2009.84,2720.00,710.16,35
Potato,Jyoti,Jehanabad,Nalanda,1300.00,2200.00,58.93,206.26,900.00,693.75,36
Potato,Jyoti,Alipurduar,Kalimpong,1200.00,2400.00,152.11,532.39,1200.00,667.62,37
Potato,Jyoti,Coochbehar,Kalimpong,1180.00,2400.00,161.31,564.59,1220.00,655.42,38
Potato,Jyoti,Luckeesarai,Patna,1280.00,2400.00,133.43,467.01,1120.00,653.00,39
Potato,Jyoti,Luckeesarai,Nalanda,1280.00,2200.00,80.71,282.49,920.00,637.52,40
Potato,Jyoti,Bankura,Sepahijala,1250.00,3800.00,547.14,1914.99,2550.00,635.01,41
Potato,Jyoti,Malda,Sepahijala,1650.00,3800.00,449.06,1571.71,2150.00,578.29,42
Potato,Jyoti,"Paschim Bardhaman",Sepahijala,1380.00,3800.00,531.01,1858.54,2420.00,561.47,43
Potato,Jyoti,Medinipur(W),Sepahijala,1350.00,3800.00,539.75,1889.13,2450.00,560.88,44
Potato,Jyoti,Purnea,Kalimpong,1080.00,2400.00,218.26,763.91,1320.00,556.09,45
Potato,Jyoti,Kishanganj,Kalimpong,1350.00,2400.00,150.06,525.21,1050.00,524.79,46
Potato,Jyoti,Kishanganj,Sepahijala,1350.00,3800.00,551.00,1928.50,2450.00,521.50,47
Potato,Jyoti,Samastipur,Sheohar,1100.00,2000.00,109.08,381.78,900.00,518.22,48
Potato,Jyoti,Mayurbhanja,Sepahijala,920.00,3800.00,675.58,2364.53,2880.00,515.47,49
Potato,Jyoti,Kaimur/Bhabhua,Bhojpur,900.00,1870.00,130.68,457.38,970.00,512.62,50
Potato,"Kufri Giriraj",Mohali,Patiala,600.00,900.00,61.93,216.76,300.00,83.25,1
Potato,"Kufri Giriraj",Raebarelli,Shahjahanpur,850.00,1570.00,197.03,689.61,720.00,30.40,2
Potato,Local,Barpeta,"South Garo Hills",800.00,5000.00,148.60,520.10,4200.00,3679.90,1
Potato,Local,Jalpaiguri,"South Garo Hills",900.00,5000.00,285.96,1000.86,4100.00,3099.14,2
Potato,Local,Kamrup,"South Garo Hills",1500.00,5000.00,151.36,529.76,3500.00,2970.24,3
Potato,Local,"Dakshin Dinajpur","South Garo Hills",1150.00,5000.00,252.64,884.24,3850.00,2965.76,4
Potato,Local,Murshidabad,"South Garo Hills",950.00,5000.00,331.20,1159.20,4050.00,2890.80,5
Potato,Local,"West Garo Hills","South Garo Hills",2000.00,5000.00,66.13,231.46,3000.00,2768.55,6
Potato,Local,Malda,"South Garo Hills",1160.00,5000.00,308.34,1079.19,3840.00,2760.81,7
Potato,Local,Unokoti,"South Garo Hills",1500.00,5000.00,240.34,841.19,3500.00,2658.81,8
Potato,Local,Sonitpur,"South Garo Hills",1200.00,5000.00,335.40,1173.90,3800.00,2626.10,9
Potato,Local,"Uttar Dinajpur","South Garo Hills",1250.00,5000.00,336.19,1176.67,3750.00,2573.34,10
Potato,Local,"East Khasi Hills","South Garo Hills",1900.00,5000.00,154.90,542.15,3100.00,2557.85,11
Potato,Local,Hojai,"South Garo Hills",1450.00,5000.00,300.14,1050.49,3550.00,2499.51,12
Potato,Local,Birbhum,"South Garo Hills",1100.00,5000.00,413.40,1446.90,3900.00,2453.10,13
Potato,Local,Darrang,"South Garo Hills",1700.00,5000.00,242.63,849.21,3300.00,2450.80,14
Potato,Local,Saharsa,"South Garo Hills",850.00,5000.00,506.38,1772.33,4150.00,2377.67,15
Potato,Local,Khowai,"South Garo Hills",1900.00,5000.00,215.16,753.06,3100.00,2346.94,16
Potato,Local,"East Garo Hills","South Garo Hills",2500.00,5000.00,46.49,162.72,2500.00,2337.29,17
Potato,Local,Barpeta,"West Khasi Hills",800.00,3500.00,103.78,363.23,2700.00,2336.77,18
Potato,Local,Jalpaiguri,Kalimpong,900.00,3500.00,82.98,290.43,2600.00,2309.57,19
Potato,Local,"South West Garo Hills","South Garo Hills",2500.00,5000.00,81.48,285.18,2500.00,2214.82,20
Potato,Local,Sepahijala,"South Garo Hills",1900.00,5000.00,255.10,892.85,3100.00,2207.15,21
Potato,Local,Bankura,"South Garo Hills",940.00,5000.00,530.41,1856.44,4060.00,2203.57,22
Potato,Local,"South West Khasi Hills","South Garo Hills",2600.00,5000.00,85.45,299.08,2400.00,2100.93,23
Potato,Local,Medinipur(W),"South Garo Hills",910.00,5000.00,576.09,2016.32,4090.00,2073.69,24
Potato,Local,Supaul,"South Garo Hills",1300.00,5000.00,510.94,1788.29,3700.00,1911.71,25
Potato,Local,"Nongpoh (R-Bhoi)","South Garo Hills",2500.00,5000.00,182.41,638.44,2500.00,1861.57,26
Potato,Local,"South District","South Garo Hills",2000.00,5000.00,326.38,1142.33,3000.00,1857.67,27
Potato,Local,Nagaon,"South Garo Hills",2100.00,5000.00,299.86,1049.51,2900.00,1850.49,28
Potato,Local,Begusarai,"South Garo Hills",1200.00,5000.00,559.08,1956.78,3800.00,1843.22,29
Potato,Local,"West District","South Garo Hills",2400.00,5000.00,218.64,765.24,2600.00,1834.76,30
Potato,Local,Samastipur,"South Garo Hills",1050.00,5000.00,606.55,2122.93,3950.00,1827.08,31
Potato,Local,"North Tripura","South Garo Hills",2250.00,5000.00,265.79,930.27,2750.00,1819.74,32
Potato,Local,"West Jaintia Hills","South Garo Hills",2500.00,5000.00,214.76,751.66,2500.00,1748.34,33
Potato,Local,Kamrup,"West Khasi Hills",1500.00,3500.00,83.36,291.76,2000.00,1708.24,34
Potato,Local,Dhalai,"South Garo Hills",2400.00,5000.00,266.20,931.70,2600.00,1668.30,35
Potato,Local,"Uttar Dinajpur",Kalimpong,1250.00,3500.00,168.03,588.11,2250.00,1661.90,36
Potato,Local,Panchkula,Sirmore,550.00,2450.00,68.39,239.37,1900.00,1660.64,37
Potato,Local,Madikeri(Kodagu),Alappuzha,1050.00,4100.00,398.34,1394.19,3050.00,1655.81,38
Potato,Local,Saharsa,Kalimpong,850.00,3500.00,286.48,1002.68,2650.00,1647.32,39
Potato,Local,Jalpaiguri,Darjeeling,900.00,2800.00,92.88,325.08,1900.00,1574.92,40
Potato,Local,Gomati,"South Garo Hills",2450.00,5000.00,282.06,987.21,2550.00,1562.79,41
Potato,Local,Dehradoon,Sirmore,600.00,2450.00,82.80,289.80,1850.00,1560.20,42
Potato,Local,Barpeta,Kalimpong,800.00,3500.00,331.46,1160.11,2700.00,1539.89,43
Potato,Local,"Dakshin Dinajpur",Kalimpong,1150.00,3500.00,236.61,828.14,2350.00,1521.87,44
Potato,Local,"East Jaintia Hills","South Garo Hills",2650.00,5000.00,237.59,831.57,2350.00,1518.44,45
Potato,Local,Sitamarhi,"South Garo Hills",1200.00,5000.00,657.74,2302.09,3800.00,1497.91,46
Potato,Local,Jalpaiguri,"West Khasi Hills",900.00,3500.00,325.21,1138.24,2600.00,1461.77,47
Potato,Local,Saharanpur,Sirmore,700.00,2450.00,88.95,311.33,1750.00,1438.68,48
Potato,Local,Patiala,Sirmore,600.00,2450.00,128.58,450.03,1850.00,1399.97,49
Potato,Local,Arwal,"South Garo Hills",1000.00,5000.00,744.03,2604.11,4000.00,1395.90,50
Potato,Other,Sonitpur,Kohima,900.00,10900.00,232.04,812.14,10000.00,9187.86,1
Potato,Other,Narayanpur,Kohima,1500.00,10900.00,181.58,635.53,9400.00,8764.47,2
Potato,Other,Wokha,Kohima,2200.00,10900.00,63.44,222.04,8700.00,8477.96,3
Potato,Other,Morigaon,Kohima,1700.00,10900.00,233.58,817.53,9200.00,8382.47,4
Potato,Other,"North Tripura",Kohima,1400.00,10900.00,321.25,1124.38,9500.00,8375.63,5
Potato,Other,Goalpara,Kohima,1100.00,10900.00,439.35,1537.73,9800.00,8262.28,6
Potato,Other,Zunheboto,Kohima,2400.00,10900.00,74.39,260.37,8500.00,8239.64,7
Potato,Other,Barpeta,Kohima,1300.00,10900.00,396.49,1387.72,9600.00,8212.29,8
Potato,Other,Kamrup,Kohima,1500.00,10900.00,342.14,1197.49,9400.00,8202.51,9
Potato,Other,Khowai,Kohima,1500.00,10900.00,383.96,1343.86,9400.00,8056.14,10
Potato,Other,Unokoti,Kohima,1700.00,10900.00,328.54,1149.89,9200.00,8050.11,11
Potato,Other,"West Khasi Hills",Kohima,1600.00,10900.00,373.70,1307.95,9300.00,7992.05,12
Potato,Other,"Imphal West",Kohima,2500.00,10900.00,126.76,443.66,8400.00,7956.34,13
Potato,Other,Coochbehar,Kohima,960.00,10900.00,583.59,2042.57,9940.00,7897.44,14
Potato,Other,"South Tripura",Kohima,1375.00,10900.00,466.66,1633.31,9525.00,7891.69,15
Potato,Other,"East Khasi Hills",Kohima,2000.00,10900.00,288.43,1009.51,8900.00,7890.50,16
Potato,Other,Nalbari,Kohima,1800.00,10900.00,348.21,1218.74,9100.00,7881.27,17
Potato,Other,Alipurduar,Kohima,1050.00,10900.00,581.61,2035.64,9850.00,7814.37,18
Potato,Other,"Imphal East",Kohima,2750.00,10900.00,132.05,462.18,8150.00,7687.83,19
Potato,Other,Thoubal,Kohima,2750.00,10900.00,142.23,497.81,8150.00,7652.20,20
Potato,Other,Kakching,Kohima,2750.00,10900.00,161.83,566.41,8150.00,7583.60,21
Potato,Other,Mokokchung,Kohima,3000.00,10900.00,105.69,369.92,7900.00,7530.09,22
Potato,Other,Sepahijala,Kohima,1900.00,10900.00,449.31,1572.59,9000.00,7427.42,23
Potato,Other,"Uttar Dinajpur",Kohima,820.00,10900.00,764.26,2674.91,10080.00,7405.09,24
Potato,Other,Nadia,Kohima,840.00,10900.00,767.00,2684.50,10060.00,7375.50,25
Potato,Other,Mon,Kohima,2900.00,10900.00,188.29,659.02,8000.00,7340.99,26
Potato,Other,Dhalai,Kohima,2300.00,10900.00,371.91,1301.69,8600.00,7298.32,27
Potato,Other,Jalpaiguri,Kohima,1280.00,10900.00,679.63,2378.71,9620.00,7241.30,28
Potato,Other,Phek,Kohima,3500.00,10900.00,57.65,201.78,7400.00,7198.23,29
Potato,Other,Howrah,Kohima,740.00,10900.00,852.94,2985.29,10160.00,7174.71,30
Potato,Other,Murshidabad,Kohima,1140.00,10900.00,761.84,2666.44,9760.00,7093.56,31
Potato,Other,Hooghly,Kohima,980.00,10900.00,815.81,2855.34,9920.00,7064.67,32
Potato,Other,Malda,Kohima,1250.00,10900.00,751.40,2629.90,9650.00,7020.10,33
Potato,Other,"Purba Bardhaman",Kohima,1040.00,10900.00,839.61,2938.64,9860.00,6921.37,34
Potato,Other,Bhagalpur,Kohima,850.00,10900.00,895.40,3133.90,10050.00,6916.10,35
Potato,Other,Bankura,Kohima,720.00,10900.00,950.13,3325.46,10180.00,6854.55,36
Potato,Other,Kishanganj,Kohima,1400.00,10900.00,771.44,2700.04,9500.00,6799.96,37
Potato,Other,"South District",Kohima,2500.00,10900.00,464.66,1626.31,8400.00,6773.69,38
Potato,Other,Medinipur(W),Kohima,800.00,10900.00,969.31,3392.59,10100.00,6707.42,39
Potato,Other,Madhepura,Kohima,1050.00,10900.00,914.19,3199.67,9850.00,6650.34,40
Potato,Other,Birbhum,Kohima,1350.00,10900.00,844.05,2954.18,9550.00,6595.83,41
Potato,Other,Jhargram,Kohima,790.00,10900.00,1004.16,3514.56,10110.00,6595.44,42
Potato,Other,"North 24 Parganas",Kohima,1540.00,10900.00,802.68,2809.38,9360.00,6550.62,43
Potato,Other,Kolkata,Kohima,1420.00,10900.00,843.08,2950.78,9480.00,6529.22,44
Potato,Other,Khagaria,Kohima,1100.00,10900.00,955.38,3343.83,9800.00,6456.17,45
Potato,Other,Gomati,Kohima,3000.00,10900.00,430.26,1505.91,7900.00,6394.09,46
Potato,Other,Peren,Kohima,4300.00,10900.00,62.98,220.43,6600.00,6379.57,47
Potato,Other,Darjeeling,Kohima,1900.00,10900.00,750.96,2628.36,9000.00,6371.64,48
Potato,Other,"Paschim Bardhaman",Kohima,1420.00,10900.00,917.10,3209.85,9480.00,6270.15,49
Potato,Other,Nalanda,Kohima,900.00,10900.00,1087.18,3805.13,10000.00,6194.87,50
Potato,Potato,Goalpara,Bongaigaon,1100.00,14000.00,43.74,153.09,12900.00,12746.91,1
Potato,Potato,Dhubri,Bongaigaon,1000.00,14000.00,95.65,334.78,13000.00,12665.23,2
Potato,Potato,Coochbehar,Bongaigaon,880.00,14000.00,135.66,474.81,13120.00,12645.19,3
Potato,Potato,Barpeta,Bongaigaon,1175.00,14000.00,59.13,206.96,12825.00,12618.05,4
Potato,Potato,Kokrajhar,Bongaigaon,1300.00,14000.00,37.39,130.87,12700.00,12569.14,5
Potato,Potato,Kamrup,Bongaigaon,1300.00,14000.00,116.03,406.11,12700.00,12293.90,6
Potato,Potato,Nalbari,Bongaigaon,1400.00,14000.00,109.59,383.57,12600.00,12216.44,7
Potato,Potato,Darrang,Bongaigaon,1200.00,14000.00,182.90,640.15,12800.00,12159.85,8
Potato,Potato,Sonitpur,Bongaigaon,1200.00,14000.00,270.60,947.10,12800.00,11852.90,9
Potato,Potato,Hojai,Bongaigaon,1150.00,14000.00,292.88,1025.08,12850.00,11824.92,10
Potato,Potato,Nagaon,Bongaigaon,1250.00,14000.00,264.44,925.54,12750.00,11824.46,11
Potato,Potato,Malda,Bongaigaon,925.00,14000.00,362.83,1269.91,13075.00,11805.10,12
Potato,Potato,"West Garo Hills",Bongaigaon,2000.00,14000.00,125.56,439.46,12000.00,11560.54,13
Potato,Potato,Karimganj,Bongaigaon,1650.00,14000.00,319.46,1118.11,12350.00,11231.89,14
Potato,Potato,Bhagalpur,Bongaigaon,1100.00,14000.00,480.46,1681.61,12900.00,11218.39,15
Potato,Potato,Jorhat,Bongaigaon,1200.00,14000.00,455.45,1594.08,12800.00,11205.93,16
Potato,Potato,Saharsa,Bongaigaon,1075.00,14000.00,501.94,1756.79,12925.00,11168.21,17
Potato,Potato,Birbhum,Bongaigaon,1100.00,14000.00,504.70,1766.45,12900.00,11133.55,18
Potato,Potato,Sibsagar,Bongaigaon,1140.00,14000.00,511.43,1790.01,12860.00,11070.00,19
Potato,Potato,Golaghat,Bongaigaon,1450.00,14000.00,424.24,1484.84,12550.00,11065.16,20
Potato,Potato,Sepahijala,Bongaigaon,1600.00,14000.00,409.48,1433.18,12400.00,10966.82,21
Potato,Potato,Khowai,Bongaigaon,1800.00,14000.00,358.28,1253.98,12200.00,10946.02,22
Potato,Potato,Madhepura,Bongaigaon,1450.00,14000.00,476.35,1667.23,12550.00,10882.78,23
Potato,Potato,Banka,Bongaigaon,1350.00,14000.00,506.06,1771.21,12650.00,10878.79,24
Potato,Potato,Tinsukia,Bongaigaon,1000.00,14000.00,611.18,2139.13,13000.00,10860.87,25
Potato,Potato,Begusarai,Bongaigaon,1175.00,14000.00,572.56,2003.96,12825.00,10821.04,26
Potato,Potato,Kaithar,Bongaigaon,1800.00,14000.00,395.24,1383.34,12200.00,10816.66,27
Potato,Potato,Supaul,Bongaigaon,1500.00,14000.00,495.84,1735.44,12500.00,10764.56,28
Potato,Potato,Darbhanga,Bongaigaon,1200.00,14000.00,583.40,2041.90,12800.00,10758.10,29
Potato,Potato,"North Tripura",Bongaigaon,1900.00,14000.00,389.24,1362.34,12100.00,10737.66,30
Potato,Potato,Cachar,Bongaigaon,1975.00,14000.00,368.20,1288.70,12025.00,10736.30,31
Potato,Potato,Hailakandi,Bongaigaon,2075.00,14000.00,354.11,1239.39,11925.00,10685.62,32
Potato,Potato,"South Tripura",Bongaigaon,2000.00,14000.00,472.36,1653.26,12000.00,10346.74,33
Potato,Potato,"East Champaran/ Motihari",Bongaigaon,1300.00,14000.00,702.78,2459.73,12700.00,10240.27,34
Potato,Potato,"South District",Bongaigaon,2100.00,14000.00,478.48,1674.68,11900.00,10225.32,35
Potato,Potato,Nalanda,Bongaigaon,1500.00,14000.00,665.98,2330.93,12500.00,10169.07,36
Potato,Potato,Gomati,Bongaigaon,2475.00,14000.00,431.61,1510.64,11525.00,10014.37,37
Potato,Potato,Ballia,Bongaigaon,1180.00,14000.00,805.98,2820.93,12820.00,9999.07,38
Potato,Potato,Madhubani,Bongaigaon,1200.00,14000.00,801.14,2803.99,12800.00,9996.01,39
Potato,Potato,Siwan,Bongaigaon,1300.00,14000.00,772.96,2705.36,12700.00,9994.64,40
Potato,Potato,Ghazipur,Bongaigaon,950.00,14000.00,879.19,3077.17,13050.00,9972.84,41
Potato,Potato,Maharajganj,Bongaigaon,1400.00,14000.00,755.53,2644.36,12600.00,9955.65,42
Potato,Potato,Wokha,Bongaigaon,2450.00,14000.00,464.13,1624.46,11550.00,9925.55,43
Potato,Potato,Patna,Bongaigaon,1700.00,14000.00,687.56,2406.46,12300.00,9893.54,44
Potato,Potato,Varanasi,Bongaigaon,772.50,14000.00,958.29,3354.02,13227.50,9873.49,45
Potato,Potato,Deoria,Bongaigaon,1200.00,14000.00,843.39,2951.87,12800.00,9848.14,46
Potato,Potato,"Siddharth Nagar",Bongaigaon,800.00,14000.00,961.00,3363.50,13200.00,9836.50,47
Potato,Potato,Phek,Bongaigaon,2400.00,14000.00,511.05,1788.68,11600.00,9811.33,48
Potato,Potato,Azamgarh,Bongaigaon,1010.00,14000.00,921.39,3224.87,12990.00,9765.14,49
Potato,Potato,Kiphire,Bongaigaon,2400.00,14000.00,541.34,1894.69,11600.00,9705.31,50
Potato,Red,"Ropar (Rupnagar)",Patiala,800.00,1800.00,89.15,312.03,1000.00,687.98,1
Potato,Red,Sangrur,Patiala,1000.00,1800.00,68.36,239.26,800.00,560.74,2
Potato,Red,Jalpaiguri,Kalimpong,1350.00,2100.00,82.98,290.43,750.00,459.57,3
Potato,Red,Deoria,Mau(Maunathbhanjan),1060.00,1800.00,82.53,288.86,740.00,451.15,4
Potato,Red,Gorakhpur,"Sant Kabir Nagar",1225.00,1800.00,45.03,157.61,575.00,417.40,5
Potato,Red,Siwan,Mau(Maunathbhanjan),1025.00,1800.00,107.19,375.17,775.00,399.84,6
Potato,Red,Deoria,"Sant Kabir Nagar",1060.00,1800.00,102.66,359.31,740.00,380.69,7
Potato,Red,Ambedkarnagar,"Sant Kabir Nagar",1210.00,1800.00,67.35,235.73,590.00,354.28,8
Potato,Red,Siwan,Ballia,1025.00,1595.00,69.11,241.89,570.00,328.12,9
Potato,Red,Jalpaiguri,Darjeeling,1350.00,2000.00,92.88,325.08,650.00,324.92,10
Potato,Red,Azamgarh,Mau(Maunathbhanjan),1370.00,1800.00,50.79,177.77,430.00,252.24,11
Potato,Red,Faridkot,Patiala,900.00,1800.00,199.05,696.68,900.00,203.33,12
Potato,Red,Maharajganj,Mau(Maunathbhanjan),1200.00,1800.00,120.99,423.47,600.00,176.54,13
Potato,Red,Gorakhpur,Mau(Maunathbhanjan),1225.00,1800.00,114.80,401.80,575.00,173.20,14
Potato,Red,Deoria,Madhubani,1060.00,1500.00,77.30,270.55,440.00,169.45,15
Potato,Red,Maharajganj,Ballia,1200.00,1595.00,66.26,231.91,395.00,163.09,16
Potato,Red,Ayodhya,"Sant Kabir Nagar",1300.00,1800.00,101.74,356.09,500.00,143.91,17
Potato,Red,Deoria,Ballia,1060.00,1595.00,112.74,394.59,535.00,140.41,18
Potato,Red,Ambedkarnagar,Mau(Maunathbhanjan),1210.00,1800.00,129.51,453.29,590.00,136.72,19
Potato,Red,Siwan,"Sant Kabir Nagar",1025.00,1800.00,184.55,645.93,775.00,129.08,20
Potato,Red,Bhojpur,Ballia,1250.00,1595.00,63.35,221.73,345.00,123.28,21
Potato,Red,"Uttar Dinajpur",Kalimpong,1400.00,2100.00,168.03,588.11,700.00,111.90,22
Potato,Red,Siwan,Madhubani,1025.00,1500.00,106.75,373.63,475.00,101.38,23
Potato,Red,Prayagraj,Amethi,1110.00,1560.00,100.20,350.70,450.00,99.30,24
Potato,Red,Siwan,Maharajganj,1025.00,1200.00,24.16,84.56,175.00,90.44,25
Potato,Red,Siwan,Chhapra,1025.00,1400.00,81.64,285.74,375.00,89.26,26
Potato,Red,Azamgarh,"Sant Kabir Nagar",1370.00,1800.00,102.04,357.14,430.00,72.86,27
Potato,Red,Bhojpur,Mau(Maunathbhanjan),1250.00,1800.00,139.04,486.64,550.00,63.36,28
Potato,Red,"Uttar Dinajpur",Darjeeling,1400.00,2000.00,156.54,547.89,600.00,52.11,29
Potato,Red,Coochbehar,Kalimpong,1500.00,2100.00,161.31,564.59,600.00,35.42,30
Potato,Red,Alipurduar,Kalimpong,1550.00,2100.00,152.11,532.39,550.00,17.62,31
Potato,Red,Shajapur,Ujjain,1176.50,1436.00,70.89,248.12,259.50,11.39,32
Potato,Red,Faridkot,Muktsar,900.00,1050.00,39.91,139.69,150.00,10.32,33
Potato,Red,Darjeeling,Kalimpong,2000.00,2100.00,26.33,92.16,100.00,7.85,34
Potato,"Red Nanital",Chittor,Thiruvellore,1800.00,4000.00,111.40,389.90,2200.00,1810.10,1
Potato,"Red Nanital",Perambalur,Pudukkottai,2600.00,4750.00,117.40,410.90,2150.00,1739.10,2
Potato,"Red Nanital",Theni,Dindigul,2600.00,4500.00,82.83,289.91,1900.00,1610.10,3
Potato,"Red Nanital",Chittor,Pudukkottai,1800.00,4750.00,394.09,1379.32,2950.00,1570.69,4
Potato,"Red Nanital",Thiruchirappalli,Pudukkottai,3000.00,4750.00,59.95,209.83,1750.00,1540.18,5
Potato,"Red Nanital",Thanjavur,Pudukkottai,3000.00,4750.00,70.34,246.19,1750.00,1503.81,6
Potato,"Red Nanital",Theni,Pudukkottai,2600.00,4750.00,186.83,653.91,2150.00,1496.10,7
Potato,"Red Nanital",Thirunelveli,Pudukkottai,2300.00,4750.00,272.66,954.31,2450.00,1495.69,8
Potato,"Red Nanital",Chittor,Kallakuruchi,1800.00,4000.00,205.08,717.78,2200.00,1482.22,9
Potato,"Red Nanital",Chittor,Cuddalore,1800.00,4000.00,222.38,778.33,2200.00,1421.67,10
Potato,"Red Nanital",Thirunelveli,Dindigul,2300.00,4500.00,228.94,801.29,2200.00,1398.71,11
Potato,"Red Nanital",Chittor,Kancheepuram,1800.00,3500.00,98.80,345.80,1700.00,1354.20,12
Potato,"Red Nanital",Thirupathur,Pudukkottai,3250.00,4750.00,46.80,163.80,1500.00,1336.20,13
Potato,"Red Nanital",Thirunelveli,Ramanathapuram,2300.00,4250.00,175.74,615.09,1950.00,1334.91,14
Potato,"Red Nanital",Thirunelveli,Thiruvananthapuram,2300.00,4000.00,111.46,390.11,1700.00,1309.89,15
Potato,"Red Nanital",Perambalur,Dindigul,2600.00,4500.00,173.38,606.83,1900.00,1293.17,16
Potato,"Red Nanital",Chittor,Dindigul,1800.00,4500.00,424.43,1485.51,2700.00,1214.50,17
Potato,"Red Nanital",Chittor,Chengalpattu,1800.00,3500.00,141.29,494.52,1700.00,1205.49,18
Potato,"Red Nanital",Krishnagiri,Pudukkottai,2500.00,4750.00,307.76,1077.16,2250.00,1172.84,19
Potato,"Red Nanital",Perambalur,Kallakuruchi,2600.00,4000.00,71.73,251.06,1400.00,1148.95,20
Potato,"Red Nanital",Thiruchirappalli,Dindigul,3000.00,4500.00,116.58,408.03,1500.00,1091.97,21
Potato,"Red Nanital",Chittor,Vellore,1800.00,3000.00,42.05,147.18,1200.00,1052.83,22
Potato,"Red Nanital",Perambalur,Ariyalur,2600.00,3750.00,30.00,105.00,1150.00,1045.00,23
Potato,"Red Nanital",Madurai,Pudukkottai,3325.00,4750.00,112.56,393.96,1425.00,1031.04,24
Potato,"Red Nanital",Chittor,Thiruvannamalai,1800.00,3300.00,134.85,471.98,1500.00,1028.03,25
Potato,"Red Nanital",Chittor,"The Nilgiris",1800.00,4250.00,412.10,1442.35,2450.00,1007.65,26
Potato,"Red Nanital",Namakkal,Pudukkottai,3250.00,4750.00,143.09,500.82,1500.00,999.19,27
Potato,"Red Nanital",Thirunelveli,Tuticorin,2300.00,3500.00,58.76,205.66,1200.00,994.34,28
Potato,"Red Nanital",Krishnagiri,Kallakuruchi,2500.00,4000.00,149.81,524.34,1500.00,975.67,29
Potato,"Red Nanital",Ranipet,Thiruvellore,2800.00,4000.00,65.18,228.13,1200.00,971.87,30
Potato,"Red Nanital",Madurai,Dindigul,3325.00,4500.00,64.51,225.79,1175.00,949.22,31
Potato,"Red Nanital",Chittor,Ariyalur,1800.00,3750.00,287.73,1007.06,1950.00,942.95,32
Potato,"Red Nanital",Virudhunagar,Pudukkottai,3250.00,4750.00,159.95,559.83,1500.00,940.18,33
Potato,"Red Nanital",Theni,Coimbatore,2600.00,4075.00,153.01,535.54,1475.00,939.47,34
Potato,"Red Nanital",Krishnagiri,Dindigul,2500.00,4500.00,303.39,1061.87,2000.00,938.14,35
Potato,"Red Nanital",Theni,Ramanathapuram,2600.00,4250.00,207.09,724.82,1650.00,925.19,36
Potato,"Red Nanital",Thirupathur,Dindigul,3250.00,4500.00,92.91,325.19,1250.00,924.82,37
Potato,"Red Nanital",Thanjavur,Dindigul,3000.00,4500.00,168.44,589.54,1500.00,910.46,38
Potato,"Red Nanital",Perambalur,Cuddalore,2600.00,4000.00,139.96,489.86,1400.00,910.14,39
Potato,"Red Nanital",Thiruvarur,Pudukkottai,3400.00,4750.00,127.59,446.57,1350.00,903.44,40
Potato,"Red Nanital",Virudhunagar,Dindigul,3250.00,4500.00,107.06,374.71,1250.00,875.29,41
Potato,"Red Nanital",Bhilwara,Ajmer,1000.00,2400.00,155.68,544.88,1400.00,855.12,42
Potato,"Red Nanital",Krishnagiri,"The Nilgiris",2500.00,4250.00,260.15,910.53,1750.00,839.48,43
Potato,"Red Nanital",Theni,"The Nilgiris",2600.00,4250.00,231.90,811.65,1650.00,838.35,44
Potato,"Red Nanital",Namakkal,Dindigul,3250.00,4500.00,122.61,429.14,1250.00,820.87,45
Potato,"Red Nanital",Chittor,Villupuram,1800.00,3250.00,185.08,647.78,1450.00,802.22,46
Potato,"Red Nanital",Chittor,Coimbatore,1800.00,4075.00,422.15,1477.53,2275.00,797.48,47
Potato,"Red Nanital",Thirunelveli,Sivaganga,2300.00,3750.00,187.35,655.73,1450.00,794.28,48
Potato,"Red Nanital",Thirupur,Dindigul,3250.00,4500.00,131.29,459.52,1250.00,790.49,49
Potato,"Red Nanital",Chittor,Ranipet,1800.00,2800.00,62.88,220.08,1000.00,779.92,50
Potato,Shimla,Dehradoon,Kurukshetra,800.00,1550.00,152.21,532.74,750.00,217.27,1
Potato,Shimla,Ambala,Kurukshetra,1300.00,1550.00,54.33,190.16,250.00,59.85,2
Tomato,Deshi,Alipurduar,"East Khasi Hills",800.00,26000.00,325.35,1138.73,25200.00,24061.28,1
Tomato,Deshi,Khowai,"East Khasi Hills",1350.00,26000.00,185.38,648.83,24650.00,24001.17,2
Tomato,Deshi,Jalpaiguri,"East Khasi Hills",1300.00,26000.00,415.71,1454.99,24700.00,23245.02,3
Tomato,Deshi,"South Tripura","East Khasi Hills",1700.00,26000.00,305.79,1070.27,24300.00,23229.74,4
Tomato,Deshi,Sepahijala,"East Khasi Hills",2200.00,26000.00,254.45,890.58,23800.00,22909.43,5
Tomato,Deshi,Mon,"East Khasi Hills",1565.00,26000.00,442.51,1548.79,24435.00,22886.22,6
Tomato,Deshi,Coochbehar,"East Khasi Hills",2100.00,26000.00,319.93,1119.76,23900.00,22780.25,7
Tomato,Deshi,Nadia,"East Khasi Hills",1500.00,26000.00,494.50,1730.75,24500.00,22769.25,8
Tomato,Deshi,"South District","East Khasi Hills",2200.00,26000.00,309.31,1082.59,23800.00,22717.42,9
Tomato,Deshi,Bhagalpur,"East Khasi Hills",1200.00,26000.00,608.45,2129.58,24800.00,22670.43,10
Tomato,Deshi,Hooghly,"East Khasi Hills",1400.00,26000.00,553.00,1935.50,24600.00,22664.50,11
Tomato,Deshi,Purnea,"East Khasi Hills",1600.00,26000.00,546.75,1913.63,24400.00,22486.38,12
Tomato,Deshi,Banka,"East Khasi Hills",1400.00,26000.00,619.18,2167.13,24600.00,22432.87,13
Tomato,Deshi,Begusarai,"East Khasi Hills",1100.00,26000.00,713.10,2495.85,24900.00,22404.15,14
Tomato,Deshi,Unokoti,"East Khasi Hills",3200.00,26000.00,167.93,587.76,22800.00,22212.25,15
Tomato,Deshi,Sheikhpura,"East Khasi Hills",1200.00,26000.00,748.65,2620.28,24800.00,22179.73,16
Tomato,Deshi,Khagaria,"East Khasi Hills",1500.00,26000.00,670.36,2346.26,24500.00,22153.74,17
Tomato,Deshi,"North Tripura","East Khasi Hills",3200.00,26000.00,186.28,651.98,22800.00,22148.02,18
Tomato,Deshi,Kaithar,"East Khasi Hills",2000.00,26000.00,532.46,1863.61,24000.00,22136.39,19
Tomato,Deshi,Jamui,"East Khasi Hills",1400.00,26000.00,705.01,2467.54,24600.00,22132.47,20
Tomato,Deshi,Araria,"East Khasi Hills",2000.00,26000.00,554.14,1939.49,24000.00,22060.51,21
Tomato,Deshi,Bhojpur,"East Khasi Hills",875.00,26000.00,912.54,3193.89,25125.00,21931.11,22
Tomato,Deshi,Nawada,"East Khasi Hills",1300.00,26000.00,791.91,2771.69,24700.00,21928.32,23
Tomato,Deshi,Saran,"East Khasi Hills",1100.00,26000.00,880.03,3080.11,24900.00,21819.90,24
Tomato,Deshi,Nalanda,"East Khasi Hills",1400.00,26000.00,800.21,2800.74,24600.00,21799.27,25
Tomato,Deshi,Jehanabad,"East Khasi Hills",1300.00,26000.00,857.29,3000.52,24700.00,21699.49,26
Tomato,Deshi,Supaul,"East Khasi Hills",2000.00,26000.00,660.01,2310.04,24000.00,21689.97,27
Tomato,Deshi,Kishanganj,"East Khasi Hills",2600.00,26000.00,494.44,1730.54,23400.00,21669.46,28
Tomato,Deshi,Chandauli,"East Khasi Hills",692.50,26000.00,1072.90,3755.15,25307.50,21552.35,29
Tomato,Deshi,Birbhum,"East Khasi Hills",2500.00,26000.00,559.88,1959.58,23500.00,21540.42,30
Tomato,Deshi,Darbhanga,"East Khasi Hills",2000.00,26000.00,748.60,2620.10,24000.00,21379.90,31
Tomato,Deshi,"East Champaran/ Motihari","East Khasi Hills",1600.00,26000.00,878.39,3074.37,24400.00,21325.64,32
Tomato,Deshi,Siwan,"East Khasi Hills",1450.00,26000.00,939.21,3287.24,24550.00,21262.77,33
Tomato,Deshi,Munghair,"East Khasi Hills",2400.00,26000.00,670.53,2346.86,23600.00,21253.15,34
Tomato,Deshi,Sheohar,"East Khasi Hills",1900.00,26000.00,829.50,2903.25,24100.00,21196.75,35
Tomato,Deshi,Samastipur,"East Khasi Hills",2200.00,26000.00,758.45,2654.58,23800.00,21145.43,36
Tomato,Deshi,Maharajganj,"East Khasi Hills",1650.00,26000.00,919.24,3217.34,24350.00,21132.66,37
Tomato,Deshi,Medinipur(W),"East Khasi Hills",2425.00,26000.00,703.30,2461.55,23575.00,21113.45,38
Tomato,Deshi,Zunheboto,"East Khasi Hills",3700.00,26000.00,351.71,1230.99,22300.00,21069.02,39
Tomato,Deshi,Ballia,"East Khasi Hills",1570.00,26000.00,961.61,3365.64,24430.00,21064.37,40
Tomato,Deshi,Medinipur(E),"East Khasi Hills",2500.00,26000.00,703.10,2460.85,23500.00,21039.15,41
Tomato,Deshi,Singroli,"East Khasi Hills",900.00,26000.00,1164.85,4076.98,25100.00,21023.03,42
Tomato,Deshi,Sitamarhi,"East Khasi Hills",2200.00,26000.00,804.24,2814.84,23800.00,20985.16,43
Tomato,Deshi,Arwal,"East Khasi Hills",2000.00,26000.00,898.44,3144.54,24000.00,20855.46,44
Tomato,Deshi,Madhepura,"East Khasi Hills",3000.00,26000.00,633.23,2216.31,23000.00,20783.70,45
Tomato,Deshi,Buxar,"East Khasi Hills",1800.00,26000.00,983.90,3443.65,24200.00,20756.35,46
Tomato,Deshi,Dhalai,"East Khasi Hills",4500.00,26000.00,215.98,755.93,21500.00,20744.07,47
Tomato,Deshi,Jajpur,"East Khasi Hills",2000.00,26000.00,944.49,3305.72,24000.00,20694.29,48
Tomato,Deshi,Rohtas,"East Khasi Hills",1900.00,26000.00,988.18,3458.63,24100.00,20641.37,49
Tomato,Deshi,Gopalgang,"East Khasi Hills",2100.00,26000.00,933.26,3266.41,23900.00,20633.59,50
Tomato,Hybrid,Bellary,Haveri,800.00,8500.00,209.83,734.41,7700.00,6965.60,1
Tomato,Hybrid,Chikmagalur,Haveri,800.00,8500.00,210.33,736.16,7700.00,6963.85,2
Tomato,Hybrid,Koppal,Haveri,1700.00,8500.00,125.56,439.46,6800.00,6360.54,3
Tomato,Hybrid,Hassan,Haveri,1500.00,8500.00,266.13,931.46,7000.00,6068.55,4
Tomato,Hybrid,Kolar,Haveri,1000.00,8500.00,433.80,1518.30,7500.00,5981.70,5
Tomato,Hybrid,Mysore,Haveri,1200.00,8500.00,384.45,1345.58,7300.00,5954.43,6
Tomato,Hybrid,"Ranga Reddy",Haveri,1000.00,8500.00,518.13,1813.46,7500.00,5686.55,7
Tomato,Hybrid,Mysore,Mandya,1200.00,7000.00,43.70,152.95,5800.00,5647.05,8
Tomato,Hybrid,Chamrajnagar,Haveri,1300.00,8500.00,450.63,1577.21,7200.00,5622.80,9
Tomato,Hybrid,Chikmagalur,Mandya,800.00,7000.00,187.29,655.52,6200.00,5544.49,10
Tomato,Hybrid,Bangalore,Haveri,1600.00,8500.00,388.08,1358.28,6900.00,5541.72,11
Tomato,Hybrid,Chamrajnagar,Mandya,1300.00,7000.00,85.18,298.13,5700.00,5401.87,12
Tomato,Hybrid,Hyderabad,Haveri,1200.00,8500.00,546.50,1912.75,7300.00,5387.25,13
Tomato,Hybrid,Kolar,Mandya,1000.00,7000.00,188.23,658.81,6000.00,5341.20,14
Tomato,Hybrid,Jehanabad,Nalanda,1100.00,6500.00,58.93,206.26,5400.00,5193.75,15
Tomato,Hybrid,Mysuru,Haveri,2000.00,8500.00,383.85,1343.48,6500.00,5156.53,16
Tomato,Hybrid,Hassan,Mandya,1500.00,7000.00,125.44,439.04,5500.00,5060.96,17
Tomato,Hybrid,Bangalore,Mandya,1600.00,7000.00,113.65,397.78,5400.00,5002.23,18
Tomato,Hybrid,Chittor,Haveri,1600.00,8500.00,543.94,1903.79,6900.00,4996.21,19
Tomato,Hybrid,Annamayya,Haveri,1920.00,8500.00,456.71,1598.49,6580.00,4981.52,20
Tomato,Hybrid,Rohtas,Nalanda,850.00,6500.00,192.75,674.63,5650.00,4975.38,21
Tomato,Hybrid,Bellary,Mandya,800.00,7000.00,362.80,1269.80,6200.00,4930.20,22
Tomato,Hybrid,Mysuru,Mandya,2000.00,7000.00,44.68,156.38,5000.00,4843.62,23
Tomato,Hybrid,Maharajganj,Nalanda,1450.00,6500.00,180.09,630.32,5050.00,4419.69,24
Tomato,Hybrid,Karimnagar,Haveri,1625.00,8500.00,709.99,2484.97,6875.00,4390.04,25
Tomato,Hybrid,"East Khasi Hills","South Garo Hills",2650.00,7500.00,154.90,542.15,4850.00,4307.85,26
Tomato,Hybrid,Chittor,Mandya,1600.00,7000.00,312.73,1094.56,5400.00,4305.45,27
Tomato,Hybrid,Mau(Maunathbhanjan),Nalanda,1300.00,6500.00,262.41,918.44,5200.00,4281.57,28
Tomato,Hybrid,Palakad,Haveri,2250.00,8500.00,582.94,2040.29,6250.00,4209.71,29
Tomato,Hybrid,Kaimur/Bhabhua,Nalanda,1600.00,6500.00,231.89,811.62,4900.00,4088.39,30
Tomato,Hybrid,"Sant Kabir Nagar",Nalanda,1100.00,6500.00,381.36,1334.76,5400.00,4065.24,31
Tomato,Hybrid,Annamayya,Mandya,1920.00,7000.00,293.48,1027.18,5080.00,4052.82,32
Tomato,Hybrid,Deoria,Nalanda,1535.00,6500.00,282.70,989.45,4965.00,3975.55,33
Tomato,Hybrid,Ballia,Nalanda,1900.00,6500.00,185.18,648.13,4600.00,3951.87,34
Tomato,Hybrid,Jehanabad,"South Garo Hills",1100.00,7500.00,702.76,2459.66,6400.00,3940.34,35
Tomato,Hybrid,Koppal,Mandya,1700.00,7000.00,401.78,1406.23,5300.00,3893.77,36
Tomato,Hybrid,Palakad,Mandya,2250.00,7000.00,245.25,858.38,4750.00,3891.63,37
Tomato,Hybrid,Saharsa,Nalanda,2000.00,6500.00,176.98,619.43,4500.00,3880.57,38
Tomato,Hybrid,Chandauli,Nalanda,1700.00,6500.00,274.78,961.73,4800.00,3838.27,39
Tomato,Hybrid,Purnea,"South Garo Hills",2300.00,7500.00,395.44,1384.04,5200.00,3815.96,40
Tomato,Hybrid,Supaul,Nalanda,2000.00,6500.00,199.26,697.41,4500.00,3802.59,41
Tomato,Hybrid,Mahendragarh-Narnaul,Nalanda,1000.00,6500.00,492.01,1722.04,5500.00,3777.97,42
Tomato,Hybrid,Azamgarh,Nalanda,1650.00,6500.00,313.10,1095.85,4850.00,3754.15,43
Tomato,Hybrid,Malappuram,Haveri,2900.00,8500.00,529.30,1852.55,5600.00,3747.45,44
Tomato,Hybrid,Rohtas,"South Garo Hills",850.00,7500.00,833.28,2916.48,6650.00,3733.52,45
Tomato,Hybrid,Sonbhadra,Nalanda,1660.00,6500.00,317.35,1110.73,4840.00,3729.28,46
Tomato,Hybrid,Saharsa,"South Garo Hills",2000.00,7500.00,506.38,1772.33,5500.00,3727.67,47
Tomato,Hybrid,Varanasi,Nalanda,1700.00,6500.00,309.30,1082.55,4800.00,3717.45,48
Tomato,Hybrid,Supaul,"South Garo Hills",2000.00,7500.00,510.94,1788.29,5500.00,3711.71,49
Tomato,Hybrid,Darjeeling,"South Garo Hills",2500.00,7500.00,376.24,1316.84,5000.00,3683.16,50
Tomato,Local,Barpeta,"South Garo Hills",1200.00,9000.00,148.60,520.10,7800.00,7279.90,1
Tomato,Local,Kaithar,"South Garo Hills",600.00,9000.00,379.19,1327.17,8400.00,7072.84,2
Tomato,Local,Jalpaiguri,"South Garo Hills",1000.00,9000.00,285.96,1000.86,8000.00,6999.14,3
Tomato,Local,Zunheboto,Dimapur,2000.00,9200.00,102.38,358.33,7200.00,6841.67,4
Tomato,Local,Barpeta,Dimapur,1200.00,9200.00,344.00,1204.00,8000.00,6796.00,5
Tomato,Local,Coochbehar,"South Garo Hills",1800.00,9000.00,198.59,695.07,7200.00,6504.94,6
Tomato,Local,Malda,"South Garo Hills",1550.00,9000.00,308.34,1079.19,7450.00,6370.81,7
Tomato,Local,Dhubri,"South Garo Hills",2200.00,9000.00,125.91,440.69,6800.00,6359.32,8
Tomato,Local,Purnea,"South Garo Hills",1300.00,9000.00,395.44,1384.04,7700.00,6315.96,9
Tomato,Local,Bhagalpur,"South Garo Hills",1100.00,9000.00,453.83,1588.41,7900.00,6311.60,10
Tomato,Local,Khowai,"South Garo Hills",2100.00,9000.00,215.16,753.06,6900.00,6146.94,11
Tomato,Local,"North Tripura",Dimapur,2000.00,9200.00,315.39,1103.87,7200.00,6096.14,12
Tomato,Local,"North Tripura","South Garo Hills",2000.00,9000.00,265.79,930.27,7000.00,6069.74,13
Tomato,Local,Jalpaiguri,Dimapur,1000.00,9200.00,627.95,2197.83,8200.00,6002.18,14
Tomato,Local,"West Khasi Hills","South Garo Hills",2800.00,9000.00,75.70,264.95,6200.00,5935.05,15
Tomato,Local,Kaithar,Dimapur,600.00,9200.00,771.74,2701.09,8600.00,5898.91,16
Tomato,Local,Khowai,Dimapur,2100.00,9200.00,369.76,1294.16,7100.00,5805.84,17
Tomato,Local,Gomati,"South Garo Hills",2400.00,9000.00,282.06,987.21,6600.00,5612.79,18
Tomato,Local,Sepahijala,"South Garo Hills",2500.00,9000.00,255.10,892.85,6500.00,5607.15,19
Tomato,Local,Dhalai,"South Garo Hills",2500.00,9000.00,266.20,931.70,6500.00,5568.30,20
Tomato,Local,Coochbehar,Dimapur,1800.00,9200.00,532.46,1863.61,7400.00,5536.39,21
Tomato,Local,"West District","South Garo Hills",2700.00,9000.00,218.64,765.24,6300.00,5534.76,22
Tomato,Local,Kohima,Dimapur,3500.00,9200.00,57.90,202.65,5700.00,5497.35,23
Tomato,Local,Kamrup,"South Garo Hills",3000.00,9000.00,151.36,529.76,6000.00,5470.24,24
Tomato,Local,Unokoti,"South Garo Hills",2700.00,9000.00,240.34,841.19,6300.00,5458.81,25
Tomato,Local,Dhalai,Dimapur,2500.00,9200.00,365.68,1279.88,6700.00,5420.12,26
Tomato,Local,Unokoti,Dimapur,2700.00,9200.00,318.18,1113.63,6500.00,5386.37,27
Tomato,Local,"West Garo Hills","South Garo Hills",3400.00,9000.00,66.13,231.46,5600.00,5368.55,28
Tomato,Local,Dhubri,Dimapur,2200.00,9200.00,468.88,1641.08,7000.00,5358.92,29
Tomato,Local,Rohtas,"South Garo Hills",725.00,9000.00,833.28,2916.48,8275.00,5358.52,30
Tomato,Local,"East Khasi Hills","South Garo Hills",3100.00,9000.00,154.90,542.15,5900.00,5357.85,31
Tomato,Local,Gomati,Dimapur,2400.00,9200.00,424.24,1484.84,6800.00,5315.16,32
Tomato,Local,Kiphire,Dimapur,3460.00,9200.00,140.51,491.79,5740.00,5248.22,33
Tomato,Local,"West Khasi Hills",Dimapur,2800.00,9200.00,330.18,1155.63,6400.00,5244.37,34
Tomato,Local,Zunheboto,"South Garo Hills",2000.00,9000.00,504.58,1766.03,7000.00,5233.97,35
Tomato,Local,"East Khasi Hills",Dimapur,3100.00,9200.00,249.99,874.97,6100.00,5225.04,36
Tomato,Local,"South West Garo Hills","South Garo Hills",3500.00,9000.00,81.48,285.18,5500.00,5214.82,37
Tomato,Local,Darrang,Dimapur,3200.00,9200.00,224.69,786.42,6000.00,5213.59,38
Tomato,Local,Kamrup,Dimapur,3000.00,9200.00,291.14,1018.99,6200.00,5181.01,39
Tomato,Local,Malda,Dimapur,1550.00,9200.00,709.79,2484.27,7650.00,5165.74,40
Tomato,Local,Sepahijala,Dimapur,2500.00,9200.00,438.65,1535.28,6700.00,5164.73,41
Tomato,Local,Purnea,Dimapur,1300.00,9200.00,781.95,2736.83,7900.00,5163.18,42
Tomato,Local,Dhemaji,Dimapur,3200.00,9200.00,241.86,846.51,6000.00,5153.49,43
Tomato,Local,Bankura,"South Garo Hills",2000.00,9000.00,530.41,1856.44,7000.00,5143.57,44
Tomato,Local,Bhagalpur,Dimapur,1100.00,9200.00,851.29,2979.52,8100.00,5120.49,45
Tomato,Local,"West District",Dimapur,2700.00,9200.00,403.44,1412.04,6500.00,5087.96,46
Tomato,Local,"West Jaintia Hills",Dimapur,3500.00,9200.00,190.00,665.00,5700.00,5035.00,47
Tomato,Local,Darrang,"South Garo Hills",3200.00,9000.00,242.63,849.21,5800.00,4950.80,48
Tomato,Local,Jajpur,"South Garo Hills",1200.00,9000.00,826.58,2893.03,7800.00,4906.97,49
Tomato,Local,Ballia,"South Garo Hills",1300.00,9000.00,808.78,2830.73,7700.00,4869.27,50
Tomato,Other,Khandwa,Khargone,800.00,8506.00,124.28,434.98,7706.00,7271.02,1
Tomato,Other,Harda,Khargone,650.00,8506.00,202.16,707.56,7856.00,7148.44,2
Tomato,Other,Burhanpur,Khargone,1200.00,8506.00,106.96,374.36,7306.00,6931.64,3
Tomato,Other,Dewas,Khargone,1000.00,8506.00,168.24,588.84,7506.00,6917.16,4
Tomato,Other,Ujjain,Khargone,1028.00,8506.00,188.91,661.19,7478.00,6816.82,5
Tomato,Other,Nandurbar,Khargone,1067.00,8506.00,189.45,663.08,7439.00,6775.93,6
Tomato,Other,Indore,Khargone,1400.00,8506.00,127.81,447.34,7106.00,6658.67,7
Tomato,Other,Jalgaon,Khargone,1500.00,8506.00,115.55,404.43,7006.00,6601.58,8
Tomato,Other,Rajgarh,Khargone,1000.00,8506.00,334.66,1171.31,7506.00,6334.69,9
Tomato,Other,Dhar,Khargone,1864.50,8506.00,114.68,401.38,6641.50,6240.12,10
Tomato,Other,Guna,Khargone,700.00,8506.00,447.45,1566.08,7806.00,6239.93,11
Tomato,Other,"Chattrapati Sambhajinagar",Khargone,1400.00,8506.00,273.46,957.11,7106.00,6148.89,12
Tomato,Other,Jhunjhunu,Khargone,1000.00,8506.00,389.78,1364.23,7506.00,6141.77,13
Tomato,Other,Bhopal,Khargone,1400.00,8506.00,303.81,1063.34,7106.00,6042.67,14
Tomato,Other,Mandsaur,Khargone,1450.00,8506.00,319.20,1117.20,7056.00,5938.80,15
Tomato,Other,Surendranagar,Khargone,750.00,8506.00,525.69,1839.92,7756.00,5916.09,16
Tomato,Other,Pratapgarh,Khargone,1500.00,8506.00,325.45,1139.08,7006.00,5866.93,17
Tomato,Other,Bharuch,Khargone,1500.00,8506.00,341.35,1194.73,7006.00,5811.28,18
Tomato,Other,Sheopur,Khargone,800.00,8506.00,551.13,1928.96,7706.00,5777.05,19
Tomato,Other,Ahmednagar,Khargone,1350.00,8506.00,397.71,1391.99,7156.00,5764.02,20
Tomato,Other,Ahilyanagar,Khargone,1437.00,8506.00,397.34,1390.69,7069.00,5678.31,21
Tomato,Other,Baran,Khargone,1200.00,8506.00,468.45,1639.58,7306.00,5666.43,22
Tomato,Other,Surat,Khargone,1550.00,8506.00,370.33,1296.16,6956.00,5659.85,23
Tomato,Other,Vadodara(Baroda),Khargone,1750.00,8506.00,321.29,1124.52,6756.00,5631.49,24
Tomato,Other,Shivpuri,Khargone,1000.00,8506.00,562.53,1968.86,7506.00,5537.15,25
Tomato,Other,Udaipur,Khargone,1400.00,8506.00,455.31,1593.59,7106.00,5512.42,26
Tomato,Other,Gandhinagar,Khargone,1500.00,8506.00,429.84,1504.44,7006.00,5501.56,27
Tomato,Other,Lalitpur,Khargone,1150.00,8506.00,533.78,1868.23,7356.00,5487.77,28
Tomato,Other,Sirohi,Khargone,1100.00,8506.00,552.16,1932.56,7406.00,5473.44,29
Tomato,Other,Anand,Khargone,1800.00,8506.00,356.66,1248.31,6706.00,5457.69,30
Tomato,Other,Nashik,Khargone,1852.50,8506.00,348.06,1218.21,6653.50,5435.29,31
Tomato,Other,Navsari,Khargone,1800.00,8506.00,368.25,1288.88,6706.00,5417.13,32
Tomato,Other,Chandrapur,Khargone,1200.00,8506.00,543.26,1901.41,7306.00,5404.59,33
Tomato,Other,Damoh,Khargone,1200.00,8506.00,563.44,1972.04,7306.00,5333.96,34
Tomato,Other,Kheda,Khargone,1900.00,8506.00,397.91,1392.69,6606.00,5213.32,35
Tomato,Other,Katni,Khargone,1000.00,8506.00,669.24,2342.34,7506.00,5163.66,36
Tomato,Other,Kota,Khargone,1750.00,8506.00,465.16,1628.06,6756.00,5127.94,37
Tomato,Other,Pune,Khargone,1600.00,8506.00,517.24,1810.34,6906.00,5095.66,38
Tomato,Other,Nagpur,Khargone,1820.00,8506.00,457.05,1599.68,6686.00,5086.33,39
Tomato,Other,Nalgonda,Khargone,600.00,8506.00,817.46,2861.11,7906.00,5044.89,40
Tomato,Other,"Jalaun (Orai)",Khargone,800.00,8506.00,762.01,2667.04,7706.00,5038.97,41
Tomato,Other,Jalore,Khargone,1300.00,8506.00,619.96,2169.86,7206.00,5036.14,42
Tomato,Other,Ajmer,Khargone,1200.00,8506.00,657.03,2299.61,7306.00,5006.40,43
Tomato,Other,Pali,Khargone,1350.00,8506.00,620.81,2172.84,7156.00,4983.17,44
Tomato,Other,Sholapur,Khargone,1500.00,8506.00,579.38,2027.83,7006.00,4978.17,45
Tomato,Other,Ahmedabad,Khargone,2075.00,8506.00,422.33,1478.16,6431.00,4952.85,46
Tomato,Other,Patan,Khargone,1750.00,8506.00,527.88,1847.58,6756.00,4908.42,47
Tomato,Other,Chittorgarh,Khargone,2050.00,8506.00,444.04,1554.14,6456.00,4901.86,48
Tomato,Other,Palghar,Khargone,1950.00,8506.00,474.15,1659.53,6556.00,4896.48,49
Tomato,Other,Bhilwara,Khargone,1850.00,8506.00,504.93,1767.26,6656.00,4888.75,50
Tomato,Tomato,Belagavi,Dharwad,1200.00,6870.00,88.80,310.80,5670.00,5359.20,1
Tomato,Tomato,Koppal,Dharwad,1250.00,6870.00,153.68,537.88,5620.00,5082.12,2
Tomato,Tomato,Bellary,Dharwad,900.00,6870.00,259.68,908.88,5970.00,5061.12,3
Tomato,Tomato,Davangere,Dharwad,1200.00,6870.00,184.03,644.11,5670.00,5025.90,4
Tomato,Tomato,Shimoga,Dharwad,1200.00,6870.00,195.66,684.81,5670.00,4985.19,5
Tomato,Tomato,Chitradurga,Dharwad,1000.00,6870.00,253.19,886.17,5870.00,4983.84,6
Tomato,Tomato,Koppal,Gadag,1250.00,6400.00,69.75,244.13,5150.00,4905.88,7
Tomato,Tomato,Bellary,Gadag,900.00,6400.00,176.29,617.02,5500.00,4882.99,8
Tomato,Tomato,Vijayanagara,Dharwad,1500.00,6870.00,155.29,543.52,5370.00,4826.49,9
Tomato,Tomato,Chitradurga,Gadag,1000.00,6400.00,196.76,688.66,5400.00,4711.34,10
Tomato,Tomato,Davangere,Gadag,1200.00,6400.00,139.98,489.93,5200.00,4710.07,11
Tomato,Tomato,Belagavi,Gadag,1200.00,6400.00,163.14,570.99,5200.00,4629.01,12
Tomato,Tomato,Vijayanagara,Gadag,1500.00,6400.00,86.70,303.45,4900.00,4596.55,13
Tomato,Tomato,Shimoga,Gadag,1200.00,6400.00,197.86,692.51,5200.00,4507.49,14
Tomato,Tomato,Shivamogga,Dharwad,1600.00,6870.00,222.98,780.43,5270.00,4489.57,15
Tomato,Tomato,Haveri,Dharwad,2100.00,6870.00,105.61,369.64,4770.00,4400.37,16
Tomato,Tomato,Kalburgi,Dharwad,1337.50,6870.00,357.53,1251.36,5532.50,4281.15,17
Tomato,Tomato,Belgaum,Dharwad,2350.00,6870.00,87.90,307.65,4520.00,4212.35,18
Tomato,Tomato,Mandya,Dharwad,1000.00,6870.00,478.54,1674.89,5870.00,4195.11,19
Tomato,Tomato,Chikmagalur,Dharwad,1619.00,6870.00,313.24,1096.34,5251.00,4154.66,20
Tomato,Tomato,Shivamogga,Gadag,1600.00,6400.00,207.31,725.59,4800.00,4074.42,21
Tomato,Tomato,Kalburgi,Gadag,1337.50,6400.00,308.79,1080.77,5062.50,3981.74,22
Tomato,Tomato,Haveri,Gadag,2100.00,6400.00,94.61,331.14,4300.00,3968.87,23
Tomato,Tomato,Mandya,Gadag,1000.00,6400.00,436.91,1529.19,5400.00,3870.82,24
Tomato,Tomato,Hapur,Aligarh,807.50,5100.00,122.03,427.11,4292.50,3865.40,25
Tomato,Tomato,Hathras,Aligarh,1150.00,5100.00,40.39,141.37,3950.00,3808.64,26
Tomato,Tomato,Chikmagalur,Gadag,1619.00,6400.00,293.80,1028.30,4781.00,3752.70,27
Tomato,Tomato,Udupi,Dharwad,2150.00,6870.00,295.53,1034.36,4720.00,3685.65,28
Tomato,Tomato,Mahbubnagar,Dharwad,1750.00,6870.00,436.48,1527.68,5120.00,3592.32,29
Tomato,Tomato,Hassan,Dharwad,2000.00,6870.00,370.85,1297.98,4870.00,3572.03,30
Tomato,Tomato,Chikkamagaluru,Dharwad,2272.00,6870.00,295.95,1035.83,4598.00,3562.18,31
Tomato,Tomato,Bulandshahar,Aligarh,1295.00,5100.00,77.14,269.99,3805.00,3535.01,32
Tomato,Tomato,Chamrajnagar,Dharwad,1400.00,6870.00,556.19,1946.67,5470.00,3523.34,33
Tomato,Tomato,Agra,Aligarh,1250.00,5100.00,97.68,341.88,3850.00,3508.12,34
Tomato,Tomato,Nagarkurnool,Dharwad,1750.00,6870.00,464.05,1624.18,5120.00,3495.83,35
Tomato,Tomato,Mysore,Dharwad,1660.00,6870.00,489.94,1714.79,5210.00,3495.21,36
Tomato,Tomato,Sangareddy,Dharwad,1600.00,6870.00,509.03,1781.61,5270.00,3488.40,37
Tomato,Tomato,Annamayya,Dharwad,1500.00,6870.00,538.75,1885.63,5370.00,3484.38,38
Tomato,Tomato,Belgaum,Gadag,2350.00,6400.00,162.63,569.21,4050.00,3480.80,39
Tomato,Tomato,Bongaigaon,Tsemenyu,410.00,5500.00,461.58,1615.53,5090.00,3474.47,40
Tomato,Tomato,Bangalore,Dharwad,1700.00,6870.00,488.55,1709.93,5170.00,3460.08,41
Tomato,Tomato,Meerut,Aligarh,1100.00,5100.00,160.78,562.73,4000.00,3437.27,42
Tomato,Tomato,"Mangalore(Dakshin Kannad)",Dharwad,2200.00,6870.00,353.63,1237.71,4670.00,3432.30,43
Tomato,Tomato,Hyderabad,Dharwad,1600.00,6870.00,534.30,1870.05,5270.00,3399.95,44
Tomato,Tomato,Mahbubnagar,Gadag,1750.00,6400.00,362.84,1269.94,4650.00,3380.06,45
Tomato,Tomato,Kolar,Dharwad,1660.00,6870.00,528.83,1850.91,5210.00,3359.10,46
Tomato,Tomato,Nalgonda,Dharwad,1400.00,6870.00,610.88,2138.08,5470.00,3331.92,47
Tomato,Tomato,Nagarkurnool,Gadag,1750.00,6400.00,386.03,1351.11,4650.00,3298.90,48
Tomato,Tomato,Faridabad,Aligarh,1400.00,5100.00,116.21,406.74,3700.00,3293.27,49
Tomato,Tomato,Annamayya,Gadag,1500.00,6400.00,462.25,1617.88,4900.00,3282.13,50
